Report,Timeframe,Period,Type,Geography,Current Year Week Ending,ASP Current Year,Total Bulk and Bags,4046,4225,4770,TotalBagged,Sml Bagged,Lrg Bagged,X-Lrg Bagged,Unknown Bag Size
Category,Weekly,12,Conventional,5 Boroughs/New York City,2026/03/22,1.079701347,861791.6216,141926.1937,325330.2392,3597.595971,390937.5927,339735.8554,27441.99605,6502.811928,17256.9293
Category,Weekly,11,Conventional,5 Boroughs/New York City,2026/03/15,1.061474293,957397.8336,147209.5073,386184.709,2969.438726,421034.1786,371778.4086,18890.83033,11987.80028,18377.13941
Category,Weekly,10,Conventional,5 Boroughs/New York City,2026/03/08,1.046659665,919553.7267,154227.6405,338720.0493,4881.431601,421724.6054,385392.9832,16913.15632,5779.667905,13638.79796
Category,Weekly,9,Conventional,5 Boroughs/New York City,2026/03/01,1.105839192,691703.2134,127353.0731,215452.7469,19560.33201,329337.0614,289659.5576,20943.26003,3420.551952,15313.69186
Category,Weekly,8,Conventional,5 Boroughs/New York City,2026/02/22,1.08341655,878922.15,142005.8611,341874.0947,10743.54184,384298.6524,321557.0104,38900.88116,4459.909964,19380.85078
Category,Weekly,7,Conventional,5 Boroughs/New York City,2026/02/15,0.983487461,1040878.905,186711.2051,455658.8309,15665.85709,382843.0122,334380.1149,25614.33259,3637.173833,19211.39089
Category,Weekly,6,Conventional,5 Boroughs/New York City,2026/02/08,1.06060254,1191578.509,207987.2565,489814.8351,43426.01244,450350.405,399267.2304,24762.82559,5729.412231,20590.93678
Category,Weekly,5,Conventional,5 Boroughs/New York City,2026/02/01,0.971508875,857991.983,151296.6135,358323.2816,28796.10669,319575.9812,283189.6245,16497.99562,2732.838351,17155.52279
Category,Weekly,4,Conventional,5 Boroughs/New York City,2026/01/25,1.054683441,1036784.73,158778.3162,381656.591,15447.84375,480901.9791,428973.4664,21644.12862,5615.486555,24668.89753
Category,Weekly,3,Conventional,5 Boroughs/New York City,2026/01/18,1.083077246,916093.3118,134115.7453,302595.4218,38186.37891,441195.7658,396520.31,20843.86229,4603.362833,19228.23062
Category,Weekly,2,Conventional,5 Boroughs/New York City,2026/01/11,1.074664549,875040.9844,154726.5315,245744.0139,2813.447715,471756.9913,420641.789,24092.48297,3865.625892,23157.09339
Category,Weekly,1,Conventional,5 Boroughs/New York City,2026/01/04,1.028212039,876121.9088,130898.677,398410.9325,7971.11323,338841.186,303782.2164,9474.569728,3568.636871,22015.76302
Category,Weekly,12,Conventional,Albany,2026/03/22,0.840276468,166108.8108,58660.96954,61134.6075,143.2833831,46169.95036,42362.37798,2211.080784,520.5009627,1075.990627
Category,Weekly,11,Conventional,Albany,2026/03/15,0.851025098,168279.3308,57777.65171,66981.43308,183.6192723,43336.62678,35785.64171,6074.921232,535.8200064,940.2438312
Category,Weekly,10,Conventional,Albany,2026/03/08,0.858162275,177101.3424,60057.29653,74449.33397,140.950172,42453.76175,34775.73861,6453.944244,434.1455243,789.9333672
Category,Weekly,9,Conventional,Albany,2026/03/01,0.837264715,184966.9815,68433.71389,77205.8986,129.3785155,39197.99046,30611.21673,7494.073289,372.6047921,720.0956469
Category,Weekly,8,Conventional,Albany,2026/02/22,0.844333975,165237.9456,58867.5361,63097.90023,88.73047411,43183.77876,33986.45601,7534.393047,399.4845942,1263.445109
Category,Weekly,7,Conventional,Albany,2026/02/15,0.845895145,162534.4803,59471.41193,65963.93137,63.52503938,37035.61195,29329.79011,6459.061858,341.87025,904.8897303
Category,Weekly,6,Conventional,Albany,2026/02/08,0.809661942,208460.3189,85071.14879,82588.72187,54.44941948,40745.9988,32159.14083,7222.100977,215.9380475,1148.81895
Category,Weekly,5,Conventional,Albany,2026/02/01,0.828834173,145725.2838,54087.10085,56644.9332,73.55622573,34919.69357,29614.14193,4092.440913,355.1265962,857.9841289
Category,Weekly,4,Conventional,Albany,2026/01/25,0.840237986,209898.0144,77711.63677,81485.4753,132.18372,50568.71857,41942.0303,6598.215143,423.5481412,1604.924986
Category,Weekly,3,Conventional,Albany,2026/01/18,0.853600812,168664.5976,55215.17734,69848.0198,46.26509017,43555.13537,34387.16693,7824.657851,242.0163133,1101.29427
Category,Weekly,2,Conventional,Albany,2026/01/11,0.830937455,177093.9285,62583.34372,72369.33509,90.05151263,42051.19821,32434.23768,8028.286273,301.5066355,1287.167622
Category,Weekly,1,Conventional,Albany,2026/01/04,0.826228325,176366.2425,55981.83883,83609.41982,146.2197939,36628.76404,28407.91975,7028.686494,229.3750175,962.782784
Category,Weekly,12,Conventional,Atlanta,2026/03/22,0.955566206,1330568.637,650348.2298,130900.7475,92.79190287,549226.8678,418393.8849,103143.3375,23481.91333,4207.732077
Category,Weekly,11,Conventional,Atlanta,2026/03/15,0.942641068,1325135.411,622684.4916,128599.663,43.10637256,573808.1498,417780.4008,123756.15,27981.58157,4290.017416
Category,Weekly,10,Conventional,Atlanta,2026/03/08,0.942965096,1340283.311,648931.5391,139960.0546,45.59923028,551346.1183,431098.3611,101696.9625,14907.12313,3643.671538
Category,Weekly,9,Conventional,Atlanta,2026/03/01,0.877406862,1297968.117,546076.5864,203284.6463,34.40855293,548572.476,420739.6388,115651.2,8040.251671,4141.385547
Category,Weekly,8,Conventional,Atlanta,2026/02/22,0.899094831,1293849.568,516530.994,229035.5669,71.25273333,548211.754,412637.6678,124233.6375,6913.197808,4427.250913
Category,Weekly,7,Conventional,Atlanta,2026/02/15,0.903810108,1237580.408,532273.3864,194297.0783,81.69757187,510928.2459,400557.8344,95718.91875,9865.544931,4785.947831
Category,Weekly,6,Conventional,Atlanta,2026/02/08,0.869330211,1449169.148,606877.1895,265446.8816,200.5273082,576644.5494,461823.8788,105736.1813,4045.502525,5038.986892
Category,Weekly,5,Conventional,Atlanta,2026/02/01,0.842710473,1237916.8,420340.3348,181991.6641,113.6941871,635471.107,561680.76,69187.25625,250.81875,4352.27201
Category,Weekly,4,Conventional,Atlanta,2026/01/25,0.916055604,1496645.317,604670.744,235343.2918,226.5298051,656404.7513,544207.6419,105366.45,438.6375,6392.021907
Category,Weekly,3,Conventional,Atlanta,2026/01/18,0.930615725,1364751.245,546967.8246,200232.3487,124.9500635,617426.1214,486642.098,125639.0625,248.0625,4896.898387
Category,Weekly,2,Conventional,Atlanta,2026/01/11,0.937188669,1415189.729,563710.101,226904.6486,90.61782293,624484.3612,448660.373,170292.15,280.35,5251.488193
Category,Weekly,1,Conventional,Atlanta,2026/01/04,0.926435177,1207268.989,516517.7352,209591.036,61.53559123,481098.6822,389567.0658,86373,207.1125,4951.503862
Category,Weekly,12,Conventional,Baltimore/Washington,2026/03/22,0.921272185,2100457.947,787855.4105,160815.0671,2246.643548,1149540.826,873570.3992,192221.6026,27245.673,56503.15089
Category,Weekly,11,Conventional,Baltimore/Washington,2026/03/15,0.914983487,2096259.825,775683.1818,159261.3253,2251.599379,1159063.719,880191.1487,179928.143,44666.72484,54277.70195
Category,Weekly,10,Conventional,Baltimore/Washington,2026/03/08,0.855862197,2187578.634,843943.9195,204043.0188,2367.310733,1137224.385,849335.0993,223675.1712,14173.88754,50040.22732
Category,Weekly,9,Conventional,Baltimore/Washington,2026/03/01,0.904722826,2046395.551,750433.8354,161399.4356,4198.85465,1130363.425,842101.471,223111.446,11599.06883,53551.43908
Category,Weekly,8,Conventional,Baltimore/Washington,2026/02/22,0.894487627,2117084.815,729965.9574,157740.4356,1874.864531,1227503.558,900416.7839,266750.5398,11976.37222,48359.86159
Category,Weekly,7,Conventional,Baltimore/Washington,2026/02/15,0.882005972,2112916.15,814721.7063,176014.7517,2130.795701,1120048.897,871375.6493,179147.2248,14578.601,54947.42158
Category,Weekly,6,Conventional,Baltimore/Washington,2026/02/08,0.847917512,2415136.708,985221.2491,215432.1005,4173.215591,1210310.143,928009.7865,218420.3244,8789.105252,55090.92674
Category,Weekly,5,Conventional,Baltimore/Washington,2026/02/01,0.906622402,1714066.361,641713.3774,137679.9806,3816.28417,930856.7188,716463.5471,160109.9314,11732.69498,42550.54533
Category,Weekly,4,Conventional,Baltimore/Washington,2026/01/25,0.877822737,2417855.809,857058.3584,194142.093,3400.380768,1363254.977,1006306.156,289007.3534,14822.47529,53118.99149
Category,Weekly,3,Conventional,Baltimore/Washington,2026/01/18,0.8839865,2222577.27,783953.5995,169265.2531,2634.805779,1266723.612,937667.7376,267686.0847,15665.84425,45703.94497
Category,Weekly,2,Conventional,Baltimore/Washington,2026/01/11,0.89143064,2299141.166,881881.1478,176836.6868,1968.937715,1238454.394,929233.8055,251384.9156,12333.72375,45501.94878
Category,Weekly,1,Conventional,Baltimore/Washington,2026/01/04,0.904708801,1893792.321,731801.0092,160095.2774,2337.712195,999558.3225,736377.7753,212919.6789,11500.99075,38759.87762
Category,Weekly,12,Conventional,Birmingham/Montgomery,2026/03/22,0.793053071,567342.4297,362692.3746,15183.21201,12.45326069,189454.3899,143536.7236,41803.9125,1605.114424,2508.639304
Category,Weekly,11,Conventional,Birmingham/Montgomery,2026/03/15,0.77597031,575428.301,363826.4452,16538.13003,27.77512595,195035.9507,148887.1154,41523.5625,2205.786846,2419.485923
Category,Weekly,10,Conventional,Birmingham/Montgomery,2026/03/08,0.800962678,578103.5812,356820.1159,28845.41231,9.201669052,192428.8513,149580.3148,38797.7625,1461.047751,2589.726276
Category,Weekly,9,Conventional,Birmingham/Montgomery,2026/03/01,0.759735849,554910.3558,308137.7434,55185.57081,37.81660489,191549.2249,146899.5892,40535.5125,882.0493378,3232.073896
Category,Weekly,8,Conventional,Birmingham/Montgomery,2026/02/22,0.768691839,547939.9176,295755.7312,58789.21271,13.64142072,193381.3323,147720.0632,41641.95,619.8965399,3399.422566
Category,Weekly,7,Conventional,Birmingham/Montgomery,2026/02/15,0.763300565,535612.2777,302051.7466,55786.68063,42.39428136,177731.4562,139422.356,34165.55625,628.332823,3515.211099
Category,Weekly,6,Conventional,Birmingham/Montgomery,2026/02/08,0.765842925,604461.9907,346626.779,66018.07134,47.24958479,191769.8907,152929.9998,34547.625,503.7490484,3788.516888
Category,Weekly,5,Conventional,Birmingham/Montgomery,2026/02/01,0.765460983,543433.9911,254146.1914,38779.79609,11.66204925,250496.3415,213398.3237,33225.15,550.85625,3322.011598
Category,Weekly,4,Conventional,Birmingham/Montgomery,2026/01/25,0.827791749,577133.2323,317808.3684,50338.01034,36.23011738,208950.6234,165758.9572,38205.16875,721.74375,4264.753639
Category,Weekly,3,Conventional,Birmingham/Montgomery,2026/01/18,0.829796145,552285.1351,300955.288,50965.80636,47.39269947,200316.6481,152389.203,44399.38125,567,2961.063837
Category,Weekly,2,Conventional,Birmingham/Montgomery,2026/01/11,0.819539481,574552.3891,317304.6698,55498.91773,48.165526,201700.636,144498.2559,53141.8125,606.375,3454.192625
Category,Weekly,1,Conventional,Birmingham/Montgomery,2026/01/04,0.837680263,500556.8491,281150.7665,52107.67668,22.05936941,167276.3465,129838.8678,34183.0125,428.00625,2826.460038
Category,Weekly,12,Conventional,Boise,2026/03/22,1.046884207,198695.6778,83118.67833,36588.12764,2228.447228,76760.42456,57490.3433,14040.3375,5067.960037,161.7837296
Category,Weekly,11,Conventional,Boise,2026/03/15,1.162113604,185902.9525,57873.14483,43627.69917,2021.051846,82381.05669,57592.44252,17964.1875,6617.197575,207.2290956
Category,Weekly,10,Conventional,Boise,2026/03/08,1.104915495,202625.3831,76282.39509,45473.64818,130.0396113,80739.3002,58129.4493,18085.4625,4342.453518,181.9348864
Category,Weekly,9,Conventional,Boise,2026/03/01,1.14691853,191418.0699,60946.08342,48083.77443,281.0889875,82107.1231,71667.57395,6626.025,3631.469675,182.0544785
Category,Weekly,8,Conventional,Boise,2026/02/22,1.082635564,199640.841,73611.48759,43168.53659,3287.511126,79573.30572,60205.78288,15672.0375,3513.494671,181.990672
Category,Weekly,7,Conventional,Boise,2026/02/15,1.12015341,176860.9562,54673.86307,48845.72482,154.2312064,73187.13708,54531.46066,14150.5875,4322.806423,182.2824878
Category,Weekly,6,Conventional,Boise,2026/02/08,1.120189254,217783.5203,61356.0084,51737.26577,98.5044907,104591.7416,88522.55063,9194.85,6717.356495,156.9844889
Category,Weekly,5,Conventional,Boise,2026/02/01,1.111803074,191404.0022,55785.35338,46767.12331,104.2598923,88747.26558,77179.35752,5512.5,5964.273238,91.13481817
Category,Weekly,4,Conventional,Boise,2026/01/25,1.090551392,192023.2722,64525.89689,51483.69823,50.53972617,75963.13736,64823.44394,6135.4125,4892.908975,111.3719426
Category,Weekly,3,Conventional,Boise,2026/01/18,1.087251498,218475.365,58929.67592,47882.16854,140.2473149,111523.2732,95204.14356,10550.925,5591.074962,177.1297141
Category,Weekly,2,Conventional,Boise,2026/01/11,1.173637571,199498.7412,53599.03468,52065.89629,321.4211638,93512.38909,78164.09735,10578.4875,4547.162546,222.6416885
Category,Weekly,1,Conventional,Boise,2026/01/04,1.191733838,186433.7658,56222.15748,53397.66951,238.2140251,76575.72477,62180.2612,10896.6375,3261.081267,237.7448072
Category,Weekly,12,Conventional,Boston,2026/03/22,0.950479679,935500.6711,362556.3011,278481.1688,601.2647217,293861.9366,269686.8177,15994.23172,360.3794312,7820.507678
Category,Weekly,11,Conventional,Boston,2026/03/15,0.996073309,957992.9995,287254.455,350758.1171,479.9587895,319500.4685,297503.4389,13767.48507,401.9911917,7827.55341
Category,Weekly,10,Conventional,Boston,2026/03/08,1.038905961,850753.7472,257776.5874,293061.8558,744.6442878,299170.6597,268045.5699,24049.20902,984.0437181,6091.83706
Category,Weekly,9,Conventional,Boston,2026/03/01,1.011022476,834740.9824,300498.8518,275749.4921,364.3566836,258128.2818,230276.9966,20159.00521,1069.55025,6622.72981
Category,Weekly,8,Conventional,Boston,2026/02/22,0.958956359,886854.7662,293416.4374,292456.305,287.800584,300694.2232,265667.6213,25388.107,1071.93957,8566.555369
Category,Weekly,7,Conventional,Boston,2026/02/15,0.914504837,1078434.181,370694.3017,438771.6839,401.0741404,268567.1215,240546.8579,19524.09066,656.2230961,7839.949794
Category,Weekly,6,Conventional,Boston,2026/02/08,1.007995955,925844.0106,305113.8544,308624.9806,255.1686629,311850.007,281401.7992,20364.89741,1022.769958,9060.540473
Category,Weekly,5,Conventional,Boston,2026/02/01,0.882889459,961516.6093,343712.5201,381091.282,414.9103804,236297.8969,212198.9651,17406.13653,409.6002694,6283.195005
Category,Weekly,4,Conventional,Boston,2026/01/25,0.99222867,1054409.869,320350.5269,381936.2721,329.8016969,351793.2678,323579.3634,15435.01353,619.3168451,12159.574
Category,Weekly,3,Conventional,Boston,2026/01/18,1.087626427,883925.1326,284368.2663,293010.5494,670.2271256,305876.0897,267255.9974,24278.07991,1499.493767,12842.51862
Category,Weekly,2,Conventional,Boston,2026/01/11,1.02233688,902224.1428,272365.9749,321073.1227,524.0975973,308260.9476,273604.9824,15911.11497,3826.08799,14918.76224
Category,Weekly,1,Conventional,Boston,2026/01/04,0.851634099,990392.4711,376442.5101,356331.6913,483.0599505,257135.2097,232893.5511,5742.255103,6135.427828,12363.97571
Category,Weekly,12,Conventional,Buffalo/Rochester,2026/03/22,0.842496922,310520.4462,117795.7581,28252.85955,967.3828129,163504.4458,153286.5699,5256.0375,0,4961.838348
Category,Weekly,11,Conventional,Buffalo/Rochester,2026/03/15,0.83624689,323961.2889,113411.4438,30595.91398,995.6900941,178958.241,164635.2262,9251.8125,2.75625,5068.446055
Category,Weekly,10,Conventional,Buffalo/Rochester,2026/03/08,0.852671583,331203.0903,128793.6554,31934.33126,1004.093901,169471.0097,155302.1995,9310.48125,13.78125,4844.547722
Category,Weekly,9,Conventional,Buffalo/Rochester,2026/03/01,0.834459359,315112.9803,116496.4613,31190.1095,1076.217075,166350.1924,151663.9277,10349.71875,8.26875,4328.277227
Category,Weekly,8,Conventional,Buffalo/Rochester,2026/02/22,0.827313522,323616.771,121222.2043,30170.8415,937.1569235,171286.5683,155792.9264,10823.79375,0,4669.848158
Category,Weekly,7,Conventional,Buffalo/Rochester,2026/02/15,0.802308648,295595.5735,114016.1867,28968.13097,782.9361067,151828.3197,137298.7085,9814.48125,24.80625,4690.323756
Category,Weekly,6,Conventional,Buffalo/Rochester,2026/02/08,0.799033297,370798.7164,168810.8685,35237.93344,1110.905737,165639.0088,149550.5295,11015.8125,16.5375,5056.129315
Category,Weekly,5,Conventional,Buffalo/Rochester,2026/02/01,0.81873136,280585.228,110210.5748,28936.52099,829.5927651,140608.5395,125148.2962,10725.88125,0,4734.362018
Category,Weekly,4,Conventional,Buffalo/Rochester,2026/01/25,0.857722923,332932.6258,114410.3659,36629.39178,987.6547448,180905.2134,165405.7136,9681.7875,2.75625,5814.956015
Category,Weekly,3,Conventional,Buffalo/Rochester,2026/01/18,0.847877863,321272.8813,116906.9951,33382.75514,1094.716419,169888.4147,156411.0299,9791.11875,8.26875,3677.997299
Category,Weekly,2,Conventional,Buffalo/Rochester,2026/01/11,0.821954719,343278.5852,128074.9333,36135.76352,768.3395693,178299.5488,162537.3494,10498.55625,8.26875,5255.374441
Category,Weekly,1,Conventional,Buffalo/Rochester,2026/01/04,0.822962799,300206.8012,121287.0774,32202.86522,814.9338059,145901.9248,132430.5503,7946.26875,30.31875,5494.786931
Category,Weekly,12,Conventional,Charlotte,2026/03/22,0.956442352,641568.4912,263504.1197,75162.40047,474.0525533,302427.9185,211432.0371,40999.875,2083.725,47912.28131
Category,Weekly,11,Conventional,Charlotte,2026/03/15,0.904172236,658793.6974,294285.1298,85674.70243,533.6832486,278300.1819,186199.3125,52077.375,2406.20625,37617.28811
Category,Weekly,10,Conventional,Charlotte,2026/03/08,0.90412411,659546.5122,270374.6608,86320.365,562.1730267,302289.3134,214731.5104,40964.7,1063.9125,45529.19042
Category,Weekly,9,Conventional,Charlotte,2026/03/01,0.911431069,624012.7582,237188.9801,87559.72521,514.1640964,298749.8887,208030.8921,41381.2875,157.10625,49180.60284
Category,Weekly,8,Conventional,Charlotte,2026/02/22,0.881023603,626105.9294,249881.0489,94793.43152,512.0796751,280919.3692,210801.7516,47438.2125,110.64375,22568.7614
Category,Weekly,7,Conventional,Charlotte,2026/02/15,0.894467069,560045.0792,225585.0935,80972.4005,451.9747523,253035.6105,184446.834,46768.575,135.05625,21685.14527
Category,Weekly,6,Conventional,Charlotte,2026/02/08,0.837384576,706053.0664,297168.2877,136856.2084,850.050953,271178.5194,206902.2547,46304.475,192.9375,17778.85222
Category,Weekly,5,Conventional,Charlotte,2026/02/01,0.946311687,573898.1243,207050.8124,84769.62616,576.1417655,281501.544,211692.7677,30431.8875,344.53125,39032.3575
Category,Weekly,4,Conventional,Charlotte,2026/01/25,0.942034214,632506.3009,211147.0584,78902.07173,443.1276941,342014.043,251887.6302,40413.975,418.1625,49294.27529
Category,Weekly,3,Conventional,Charlotte,2026/01/18,0.902885853,658814.5301,233506.3245,95790.6514,589.3553207,328928.1989,247979.0421,27836.8125,245.7,52866.64426
Category,Weekly,2,Conventional,Charlotte,2026/01/11,0.842192693,715092.7712,297866.1243,104964.6857,507.0483924,311754.9129,219854.7829,41010.6375,308.7,50580.79243
Category,Weekly,1,Conventional,Charlotte,2026/01/04,0.968015086,589851.2183,223073.6404,92114.61741,532.0600379,274130.9004,191501.8515,36693.3,267.75,45667.99891
Category,Weekly,12,Conventional,Chicago,2026/03/22,0.847174718,1998146.769,1015947.826,283576.3275,33688.35467,664934.2611,536607.1859,39119.98125,17548.97099,71658.12293
Category,Weekly,11,Conventional,Chicago,2026/03/15,0.828265642,2073119.068,1058592.261,274967.5699,17045.84713,722513.3893,605954.715,38214.09375,23331.90362,55012.67692
Category,Weekly,10,Conventional,Chicago,2026/03/08,0.830103367,2170331.302,1040287.254,335276.9581,26575.93425,768191.1556,671929.072,26639.8125,12870.84458,56751.42647
Category,Weekly,9,Conventional,Chicago,2026/03/01,0.81213021,2146205.432,1022592.725,309248.5639,44216.85402,770147.2894,670730.6969,35769.95625,14474.91248,49171.72374
Category,Weekly,8,Conventional,Chicago,2026/02/22,0.751640198,2220496.075,1076336.742,345515.49,33981.37991,764662.4632,669026.062,25119.675,13640.02682,56876.69933
Category,Weekly,7,Conventional,Chicago,2026/02/15,0.838828625,1737231.609,819310.0764,261415.817,28083.83059,628421.8848,548195.6628,6484.5375,14443.89716,59297.78736
Category,Weekly,6,Conventional,Chicago,2026/02/08,0.684575545,2607214.067,1461380.912,380031.4746,40923.91682,724877.7642,616154.3991,13254.80625,26592.06685,68876.49196
Category,Weekly,5,Conventional,Chicago,2026/02/01,0.797222739,2001169.923,1097067.738,191807.2506,30754.64505,681540.2895,519331.3901,89554.63125,26786.14071,45868.12741
Category,Weekly,4,Conventional,Chicago,2026/01/25,0.773823059,2070520.271,1061697.746,308624.2939,52957.5023,647240.7292,507186.8413,70930.25625,23335.50432,45788.12742
Category,Weekly,3,Conventional,Chicago,2026/01/18,0.783948024,2007500.473,997820.0013,288700.1321,57690.05216,663290.2879,531976.5546,23708.34375,17445.58777,90159.8018
Category,Weekly,2,Conventional,Chicago,2026/01/11,0.723042436,2455543.779,1284780.819,390862.7928,55782.78458,724117.3833,658405.7924,12087.8625,10222.93125,43400.79707
Category,Weekly,1,Conventional,Chicago,2026/01/04,0.793510862,1909392.074,993047.4023,223178.4633,93935.8577,599230.3504,514509.4162,35544.075,9797.2875,39379.57169
Category,Weekly,12,Conventional,Cincinnati/Dayton,2026/03/22,1.046961111,468351.1846,177922.1517,137548.225,17076.37322,135804.4347,85639.40047,14562.31875,35087.72921,514.9862205
Category,Weekly,11,Conventional,Cincinnati/Dayton,2026/03/15,1.072043314,448197.0407,175578.6356,135939.2044,6468.989264,130210.2114,84262.70087,22452.28125,22988.06997,507.1593214
Category,Weekly,10,Conventional,Cincinnati/Dayton,2026/03/08,1.079799855,454329.5522,162717.7617,159689.0326,11777.41524,120145.3427,82905.53195,21822.4125,14973.3456,444.0526816
Category,Weekly,9,Conventional,Cincinnati/Dayton,2026/03/01,1.11871762,429338.0198,168034.1291,121552.7224,18974.7766,120776.3918,90418.32245,18900,10871.99165,586.0776828
Category,Weekly,8,Conventional,Cincinnati/Dayton,2026/02/22,1.06389176,441641.4389,158181.1112,142724.1369,15725.58196,125010.6089,103877.3144,20529.73125,2.75625,600.8069425
Category,Weekly,7,Conventional,Cincinnati/Dayton,2026/02/15,1.103958756,417571.3683,155983.6083,130560.3914,14994.656,116032.7126,92440.42727,22747.06875,24.01875,821.1978312
Category,Weekly,6,Conventional,Cincinnati/Dayton,2026/02/08,1.100039889,499789.1439,178028.2557,157393.8645,22052.9753,142314.0483,116106.9694,25362.35625,24.80625,819.9164345
Category,Weekly,5,Conventional,Cincinnati/Dayton,2026/02/01,1.131366071,325429.767,132578.4388,70015.10667,3988.549865,118847.6717,103318.1274,14909.475,5.5125,614.5567987
Category,Weekly,4,Conventional,Cincinnati/Dayton,2026/01/25,1.131714029,544826.0929,184712.5701,191887.0166,14033.3003,154193.2059,138323.8516,14690.94375,19.29375,1159.11677
Category,Weekly,3,Conventional,Cincinnati/Dayton,2026/01/18,1.157496714,442943.1493,161819.8341,125460.2605,19235.91621,136427.1385,115628.0039,20055.2625,0,743.87208
Category,Weekly,2,Conventional,Cincinnati/Dayton,2026/01/11,1.166757971,468487.2701,171162.5391,152648.0524,16524.79703,128151.8816,100690.2692,26821.2,2.75625,637.6562021
Category,Weekly,1,Conventional,Cincinnati/Dayton,2026/01/04,1.07825985,419992.2771,159171.1509,131806.5973,16356.66398,112657.865,99429.17148,12126.05625,8.26875,1094.368475
Category,Weekly,12,Conventional,Columbus,2026/03/22,0.987632036,403559.2324,141950.453,112071.4485,14680.8622,134856.4687,109707.9925,24750.20625,94.63125,303.6387278
Category,Weekly,11,Conventional,Columbus,2026/03/15,1.015033538,386942.851,137321.3235,100124.1254,6505.637645,142991.7644,112130.1369,30377.94375,55.3875,428.2963216
Category,Weekly,10,Conventional,Columbus,2026/03/08,1.006377711,398280.824,140948.1315,110448.358,12675.25065,134209.0838,106940.1773,26851.125,53.2875,364.4939577
Category,Weekly,9,Conventional,Columbus,2026/03/01,1.033562863,386795.1139,131962.1617,97997.11429,20053.26286,136782.575,106408.8341,30041.2875,16.5375,315.9158956
Category,Weekly,8,Conventional,Columbus,2026/02/22,1.037649955,397132.5593,148125.5919,98264.47263,15747.74767,134994.7471,102355.0343,32210.0625,0,429.6502585
Category,Weekly,7,Conventional,Columbus,2026/02/15,1.044873538,354585.6224,138818.5411,81356.35659,12823.92131,121586.8033,98517.46903,22483.125,0,586.209312
Category,Weekly,6,Conventional,Columbus,2026/02/08,1.033052055,417640.9466,160275.5202,106480.8969,17091.2422,133793.2874,115505.6217,17590.65,0,697.0156878
Category,Weekly,5,Conventional,Columbus,2026/02/01,1.03474596,290857.0966,121623.8074,50612.27575,3552.889995,115068.1235,97361.394,17102.1375,0,604.5919942
Category,Weekly,4,Conventional,Columbus,2026/01/25,1.053567288,451120.5142,163865.1179,121901.1699,13320.40828,152033.8181,129602.6803,21483,0,948.1377538
Category,Weekly,3,Conventional,Columbus,2026/01/18,1.097510112,388738.6639,138461.2936,101532.9386,16440.45127,132303.9803,105380.7603,26272.575,0,650.6450068
Category,Weekly,2,Conventional,Columbus,2026/01/11,1.082206623,400972.0708,158657.0619,98803.50565,13005.65395,130505.8493,104157.6512,25599.525,2.75625,745.9168636
Category,Weekly,1,Conventional,Columbus,2026/01/04,1.037776296,359924.1361,144803.3576,88265.27583,14851.75654,112003.7461,99711.44353,11524.8,0,767.5025374
Category,Weekly,12,Conventional,Dallas/Ft. Worth,2026/03/22,0.811633406,2069255.611,877532.242,122512.5108,173790.6603,895420.1974,771695.8687,95812.42141,16465.11638,11446.79092
Category,Weekly,11,Conventional,Dallas/Ft. Worth,2026/03/15,0.785871571,1990952.213,866308.904,84945.0471,138635.668,901062.5941,783635.7587,87516.78456,17066.09358,12843.95725
Category,Weekly,10,Conventional,Dallas/Ft. Worth,2026/03/08,0.769771924,2109127.374,888117.4868,134643.6524,166609.6837,919756.5506,801008.776,94491.89264,9354.239465,14901.64243
Category,Weekly,9,Conventional,Dallas/Ft. Worth,2026/03/01,0.76911837,2046410.258,929661.8577,73478.79352,160278.1652,882991.4418,767505.4996,91293.89809,10575.2339,13616.81021
Category,Weekly,8,Conventional,Dallas/Ft. Worth,2026/02/22,0.736027585,2226892.475,863792.441,64405.59765,188976.8225,1109717.614,993652.5594,91830.72367,10631.38827,13602.94281
Category,Weekly,7,Conventional,Dallas/Ft. Worth,2026/02/15,0.804831702,1943163.485,874497.8433,103570.5113,133379.754,831715.3766,716070.5133,85992.04582,14305.67494,15347.14252
Category,Weekly,6,Conventional,Dallas/Ft. Worth,2026/02/08,0.76741094,2223142.414,881934.1339,203043.6761,163318.0019,974846.6022,852869.6855,88663.49459,15393.9584,17919.46364
Category,Weekly,5,Conventional,Dallas/Ft. Worth,2026/02/01,0.809793451,1629148.239,659546.8946,127898.5553,108206.6139,733496.1751,631751.1556,70550.78561,17439.40651,13754.82736
Category,Weekly,4,Conventional,Dallas/Ft. Worth,2026/01/25,0.785177466,2385744.436,1037240.872,109436.6991,188845.2758,1050221.589,882544.6878,117289.805,25013.43574,25373.66018
Category,Weekly,3,Conventional,Dallas/Ft. Worth,2026/01/18,0.805670185,2018180.184,853403.8294,92309.83914,107083.3384,965383.1774,822070.2616,106330.5972,15979.72812,21002.59041
Category,Weekly,2,Conventional,Dallas/Ft. Worth,2026/01/11,0.796018709,2165680.942,929832.6744,90806.55242,148433.8107,996607.904,888911.7739,85045.90003,853.9119003,21796.31826
Category,Weekly,1,Conventional,Dallas/Ft. Worth,2026/01/04,0.815587529,1871486.505,769860.2335,113909.6803,131135.1476,856581.4433,759408.9867,78221.75246,833.56875,18117.13544
Category,Weekly,12,Conventional,Denver,2026/03/22,1.029701201,1362599.063,442571.3499,377879.8066,9598.404441,532549.5016,387644.8439,85092.525,54630.77933,5181.353398
Category,Weekly,11,Conventional,Denver,2026/03/15,1.044182982,1329551.256,433868.8768,311472.7599,11392.80834,572816.8105,393598.5849,107666.475,66397.52069,5154.22993
Category,Weekly,10,Conventional,Denver,2026/03/08,1.051448782,1364741.231,449894.6358,375778.5646,12590.41018,526477.6205,417153.4633,61105.5375,42513.37132,5705.248324
Category,Weekly,9,Conventional,Denver,2026/03/01,1.082838212,1257363.689,385774.2273,339572.0771,28376.45961,503640.9252,347285.677,111065.85,40316.99221,4972.405958
Category,Weekly,8,Conventional,Denver,2026/02/22,0.975911807,1545669.178,414109.1673,404786.0707,10977.95276,715795.9868,516391.5616,154209.825,39624.67997,5569.920253
Category,Weekly,7,Conventional,Denver,2026/02/15,0.996842529,1273502.749,424144.0491,348763.0848,17099.5324,483496.0824,357935.9318,79645.78125,39436.97322,6477.396131
Category,Weekly,6,Conventional,Denver,2026/02/08,0.958669862,1644344.452,478842.5327,444443.7803,13001.5846,708056.5544,488561.9377,148440.075,63551.44332,7503.098346
Category,Weekly,5,Conventional,Denver,2026/02/01,1.062985401,1280069.952,383258.6667,322084.8337,12501.24814,562225.2036,369136.2323,112652.1375,74438.92857,5997.905207
Category,Weekly,4,Conventional,Denver,2026/01/25,1.025925667,1354249.677,440615.4897,365591.6606,11914.08061,536128.4463,433956.1582,52943.8875,41390.31214,7838.088505
Category,Weekly,3,Conventional,Denver,2026/01/18,1.011439483,1350796.959,435898.588,229518.6512,13985.56174,671394.1583,523147.0837,96632.55,44469.27203,7145.252562
Category,Weekly,2,Conventional,Denver,2026/01/11,1.030567511,1408849.324,446235.0402,256480.9945,10982.45688,695150.8327,590500.8636,66100.65,31374.09179,7175.227309
Category,Weekly,1,Conventional,Denver,2026/01/04,1.070063612,1296945.825,394278.8064,414863.1972,11681.12945,476122.692,354796.8376,85970.85,27817.01629,7537.988101
Category,Weekly,12,Conventional,Detroit,2026/03/22,1.008740606,718397.1835,204079.2813,161038.4212,80735.51295,272543.968,211699.4611,46173.225,13922.67767,748.6042712
Category,Weekly,11,Conventional,Detroit,2026/03/15,1.019601103,680014.0819,216539.0274,127959.9883,35062.93979,300452.1264,224779.2006,58806.825,15885.91466,980.1861684
Category,Weekly,10,Conventional,Detroit,2026/03/08,1.00927718,706091.856,198692.2923,158091.4972,61460.09784,287847.9686,227947.9702,50256.675,8718.1017,925.2217419
Category,Weekly,9,Conventional,Detroit,2026/03/01,0.975970588,707060.2578,200904.5874,149232.5868,91297.95962,265625.1239,199939.7122,55594.875,9280.872757,809.663903
Category,Weekly,8,Conventional,Detroit,2026/02/22,1.006625684,712605.7457,185674.1627,164567.8305,78682.45749,283681.2949,215239.1679,58739.8875,8608.173877,1094.0657
Category,Weekly,7,Conventional,Detroit,2026/02/15,0.993762852,659213.2903,201164.7848,134905.6433,68430.07537,254712.7868,194996.5749,48864.1125,8939.047884,1913.051539
Category,Weekly,6,Conventional,Detroit,2026/02/08,0.973028093,842121.3826,238769.9209,193383.0761,96217.55727,313750.8283,230421.4139,68783.1375,11973.70379,2572.573206
Category,Weekly,5,Conventional,Detroit,2026/02/01,0.999749418,641372.2826,204181.4592,111385.5443,27416.89642,298388.3827,221579.0957,57242.0625,17062.88177,2504.342717
Category,Weekly,4,Conventional,Detroit,2026/01/25,1.01972572,705098.4744,199918.7302,173177.1408,60071.57768,271931.0257,217790.9638,37146.6375,14188.46189,2804.962537
Category,Weekly,3,Conventional,Detroit,2026/01/18,1.015588869,733923.7988,199833.7713,163382.4243,89002.65063,281704.9525,236164.994,33516.525,9703.994199,2319.439294
Category,Weekly,2,Conventional,Detroit,2026/01/11,1.021078997,788872.1596,221501.6605,182867.3737,75301.82904,309201.2963,234465.9709,67020.7125,5139.600642,2575.012238
Category,Weekly,1,Conventional,Detroit,2026/01/04,0.937114525,685288.0643,177997.0027,183979.2633,75025.17932,248286.619,212567.196,25501.6125,7720.1326,2497.677888
Category,Weekly,12,Conventional,Grand Rapids,2026/03/22,0.925714643,340907.6161,79648.66092,56447.31513,74739.27678,130072.3633,112969.2805,16176.825,5.5125,920.745274
Category,Weekly,11,Conventional,Grand Rapids,2026/03/15,0.982185012,289541.4334,82585.36909,32313.47149,32093.33194,142549.2609,122159.3461,19417.3875,8.26875,964.2585952
Category,Weekly,10,Conventional,Grand Rapids,2026/03/08,0.959841114,292135.2209,72525.63911,45551.26635,55804.54493,118253.7705,105583.8682,12122.25,0,547.6523249
Category,Weekly,9,Conventional,Grand Rapids,2026/03/01,0.864361556,343489.4048,73726.71782,73269.16787,88866.69627,107626.8228,93620.83031,13371.225,0,634.7674747
Category,Weekly,8,Conventional,Grand Rapids,2026/02/22,0.952380174,315311.5834,70667.67371,52567.05916,73262.93891,118813.9116,100845.3679,16757.475,13.78125,1197.287454
Category,Weekly,7,Conventional,Grand Rapids,2026/02/15,0.891407758,303890.556,76177.31966,51514.52923,62635.28747,113563.4197,100917.0606,11422.6875,2.75625,1220.915305
Category,Weekly,6,Conventional,Grand Rapids,2026/02/08,0.850723537,393081.3243,93415.45782,91097.46437,86608.28688,121960.1152,103368.1108,17710.875,5.5125,875.6168993
Category,Weekly,5,Conventional,Grand Rapids,2026/02/01,0.970954032,279006.2918,73633.64816,42888.99397,27386.51298,135097.1367,120382.1643,13668.375,0,1046.597409
Category,Weekly,4,Conventional,Grand Rapids,2026/01/25,0.953388275,289408.3707,69107.82698,57117.86839,49199.61056,113983.0647,99270.06818,12662.2125,5.5125,2045.271558
Category,Weekly,3,Conventional,Grand Rapids,2026/01/18,0.855673111,350291.2213,68564.81423,88011.35872,80014.6869,113700.3614,99557.49173,12954.1125,2.75625,1186.000962
Category,Weekly,2,Conventional,Grand Rapids,2026/01/11,0.889542695,335262.0387,79721.94985,61983.52971,66240.02673,127316.5324,105517.4102,20603.8875,2.75625,1192.47844
Category,Weekly,1,Conventional,Grand Rapids,2026/01/04,0.871861532,325863.2221,63641.95105,80227.78946,73268.38552,108725.0961,103014.5219,4481.6625,2.75625,1226.155436
Category,Weekly,12,Conventional,Harrisburg/Scranton,2026/03/22,0.903127629,681331.1122,282741.2445,89308.5287,503.044814,308778.2942,272889.4029,21694.09589,10850.34339,3344.451987
Category,Weekly,11,Conventional,Harrisburg/Scranton,2026/03/15,0.918264391,694276.2457,314190.0277,81491.8301,300.8433072,298293.5446,221029.6637,64971.23074,9085.439447,3207.21072
Category,Weekly,10,Conventional,Harrisburg/Scranton,2026/03/08,0.934741307,694407.3429,312047.5357,96595.31119,987.9134975,284776.5825,204164.3243,67230.89051,10008.23326,3373.134495
Category,Weekly,9,Conventional,Harrisburg/Scranton,2026/03/01,0.916891474,637895.483,285418.7843,76197.47779,2542.098135,273737.1228,199550.0803,62953.46567,8361.789644,2871.787177
Category,Weekly,8,Conventional,Harrisburg/Scranton,2026/02/22,0.894228062,670399.6817,294244.7852,85747.20658,721.6719623,289686.018,210579.1331,65704.15914,9959.636977,3443.088738
Category,Weekly,7,Conventional,Harrisburg/Scranton,2026/02/15,0.75473743,712952.1709,351861.1128,99581.19728,1937.518984,259572.3419,181030.9198,68649.60058,7207.047517,2684.773951
Category,Weekly,6,Conventional,Harrisburg/Scranton,2026/02/08,0.878568616,748604.723,333832.471,123259.022,8514.798803,282998.4311,195696.7882,76429.74873,7669.725154,3202.169061
Category,Weekly,5,Conventional,Harrisburg/Scranton,2026/02/01,0.878163177,547076.8068,261951.2309,68600.44369,4282.47943,212242.6529,168866.8957,34666.42894,6172.833997,2536.494175
Category,Weekly,4,Conventional,Harrisburg/Scranton,2026/01/25,0.945972732,790097.3685,347019.0112,92806.29595,4279.159453,345992.9019,271427.7094,60052.66701,9819.333339,4693.192166
Category,Weekly,3,Conventional,Harrisburg/Scranton,2026/01/18,0.893308408,666195.073,289660.8577,88538.97633,5394.250422,282600.9886,193182.1903,78288.54572,7680.945157,3449.307383
Category,Weekly,2,Conventional,Harrisburg/Scranton,2026/01/11,0.891189314,689357.3094,304125.2805,82454.96539,1244.901786,301532.1618,223603.473,65881.04098,8528.15804,3519.489699
Category,Weekly,1,Conventional,Harrisburg/Scranton,2026/01/04,0.922525755,599181.5758,273102.2229,90661.88892,1685.74348,233731.7205,168073.8721,54550.1865,7556.135074,3551.526851
Category,Weekly,12,Conventional,Hartford/Springfield,2026/03/22,0.950385762,596375.116,119305.2218,220771.2755,431.1411924,255867.4775,233175.6124,17630.18202,1744.243022,3317.440001
Category,Weekly,11,Conventional,Hartford/Springfield,2026/03/15,0.942865353,647548.5136,121076.1718,249887.4959,388.5121679,276196.3337,250035.9302,21510.42931,1667.154574,2982.819641
Category,Weekly,10,Conventional,Hartford/Springfield,2026/03/08,0.953109171,624599.3413,120310.624,263307.3049,686.0186482,240295.3938,206270.815,25923.36626,4781.655987,3319.556582
Category,Weekly,9,Conventional,Hartford/Springfield,2026/03/01,1.007285313,535739.5206,97834.34918,199195.454,3588.55355,235121.1638,199259.9664,30694.18031,2204.83196,2962.185115
Category,Weekly,8,Conventional,Hartford/Springfield,2026/02/22,0.957838418,601140.9694,124867.1754,228306.5169,645.0021115,247322.275,208764.8543,31672.32962,3174.888664,3710.202364
Category,Weekly,7,Conventional,Hartford/Springfield,2026/02/15,0.861801798,617297.4429,125133.6785,276053.324,3158.938687,212951.5017,184685.9128,22264.57957,2664.775017,3336.234363
Category,Weekly,6,Conventional,Hartford/Springfield,2026/02/08,0.906715866,754548.2719,161904.0884,327979.2222,11119.43628,253545.5249,217993.3324,25877.89552,5834.046477,3840.250523
Category,Weekly,5,Conventional,Hartford/Springfield,2026/02/01,0.903477797,597972.965,135423.0486,253810.4268,1965.746821,206773.7427,178828.6981,23905.79385,1079.07148,2960.179319
Category,Weekly,4,Conventional,Hartford/Springfield,2026/01/25,0.96411961,679474.3841,133338.0543,258236.4558,4077.451969,283822.422,251049.0861,26057.94115,1541.60412,5173.790643
Category,Weekly,3,Conventional,Hartford/Springfield,2026/01/18,1.025032507,577378.8458,116349.3735,210980.5813,8915.64018,241133.2508,199849.7553,31964.49602,2750.056673,6568.942753
Category,Weekly,2,Conventional,Hartford/Springfield,2026/01/11,0.873681291,676295.0404,145352.4829,241083.8597,1211.170474,288647.5274,257885.5631,22742.59951,4057.986459,3961.378297
Category,Weekly,1,Conventional,Hartford/Springfield,2026/01/04,0.906409401,607050.7174,122757.6932,255813.1407,1775.89147,226703.9919,200815.8307,15118.7856,5311.074418,5458.301265
Category,Weekly,12,Conventional,Houston,2026/03/22,0.831577242,1455439.134,629524.4478,277591.8722,597.0402056,547725.7741,484023.8444,19883.45625,29374.69592,14443.77755
Category,Weekly,11,Conventional,Houston,2026/03/15,0.807823795,1459354.976,645271.9048,240588.6575,551.9169679,572942.4967,514856.2519,16696.44375,29863.18418,11526.61686
Category,Weekly,10,Conventional,Houston,2026/03/08,0.80707802,1530493.915,664186.8439,284913.6621,1780.604172,579612.8051,533121.5613,12363.61875,20694.28912,13433.33598
Category,Weekly,9,Conventional,Houston,2026/03/01,0.798848419,1437881.977,649037.9213,222016.8282,1957.684096,564869.5436,505335.5479,25578,20222.68364,13733.31206
Category,Weekly,8,Conventional,Houston,2026/02/22,0.747980667,1678829.63,599211.4821,273026.6908,433.60836,806157.8491,690675.0642,69947.0625,30774.53999,14761.18246
Category,Weekly,7,Conventional,Houston,2026/02/15,0.810532734,1414004.578,661051.3601,181400.821,805.4245903,570746.9724,495875.6899,20893.81875,40513.16669,13464.29698
Category,Weekly,6,Conventional,Houston,2026/02/08,0.800821315,1604473.091,693495.3978,229101.2289,1884.895609,679991.5691,548787.6689,35502.99375,83414.56415,12286.34231
Category,Weekly,5,Conventional,Houston,2026/02/01,0.795213146,1188973.105,500180.5115,154969.8825,813.6164945,533009.0945,400468.1369,37579.63125,78455.83782,16505.48853
Category,Weekly,4,Conventional,Houston,2026/01/25,0.812864092,1781887.26,727782.0538,342916.5537,1411.382488,709777.2698,565844.7313,68800.06875,56789.87835,18342.59141
Category,Weekly,3,Conventional,Houston,2026/01/18,0.817427126,1470366.538,623589.0502,141449.665,966.5927318,704361.2306,606027.4873,34695.54375,49651.90209,13986.29746
Category,Weekly,2,Conventional,Houston,2026/01/11,0.821549187,1573530.984,668382.9231,174017.9827,1053.658338,730076.4204,642570.7131,37597.0875,34081.28286,15827.33689
Category,Weekly,1,Conventional,Houston,2026/01/04,0.827360828,1272063.994,543170.1267,213797.0206,1388.245908,513708.6005,445288.8715,26971.48125,28353.24131,13095.00645
Category,Weekly,12,Conventional,Indianapolis,2026/03/22,0.901671702,456008.2461,157981.9174,104824.9303,23524.37795,169677.0204,150180.7286,14263.9875,501.6375,4730.66679
Category,Weekly,11,Conventional,Indianapolis,2026/03/15,0.935475021,427825.7946,156385.176,86325.10783,11435.44736,173680.0635,149263.8057,15674.4,392.30625,8349.551551
Category,Weekly,10,Conventional,Indianapolis,2026/03/08,0.946978441,443875.3147,156164.8529,96282.12554,18595.03733,172833.299,143225.5564,9404.325,447.43125,19755.98632
Category,Weekly,9,Conventional,Indianapolis,2026/03/01,0.95231229,435431.0442,146519.269,89112.62745,27376.75952,172422.3883,145360.6014,20298.73125,555.84375,6207.211931
Category,Weekly,8,Conventional,Indianapolis,2026/02/22,0.964229776,436133.77,149578.4124,90259.68012,22356.44019,173939.2372,155456.067,9716.175,518.175,8248.820213
Category,Weekly,7,Conventional,Indianapolis,2026/02/15,0.991758831,399607.6956,146459.0861,76919.54794,19620.22678,156608.8347,130943.2479,12039.3,460.29375,13165.99303
Category,Weekly,6,Conventional,Indianapolis,2026/02/08,0.953706997,508477.7703,186597.8976,105827.5273,27377.94819,188674.3972,163425.7699,8855.83125,165.375,16227.42104
Category,Weekly,5,Conventional,Indianapolis,2026/02/01,0.973392512,343348.0963,138106.5445,49007.0014,6805.891097,149428.6593,128455.2491,5431.65,190.18125,15351.57892
Category,Weekly,4,Conventional,Indianapolis,2026/01/25,1.000418725,469291.3844,156542.5718,106893.8269,19731.51255,186123.4731,167518.1879,8513.1375,619.7625,9472.385192
Category,Weekly,3,Conventional,Indianapolis,2026/01/18,1.003488251,437361.5399,134522.826,96516.24072,24924.25957,181398.2136,148409.7943,14454.16875,544.1625,17990.08801
Category,Weekly,2,Conventional,Indianapolis,2026/01/11,0.9854107,470652.6418,165919.5908,92515.81065,22579.37653,189637.8637,161909.2335,12647.5125,445.725,14635.39278
Category,Weekly,1,Conventional,Indianapolis,2026/01/04,0.939497749,404492.7214,143518.1636,86394.61598,23458.83753,151121.1043,134096.8137,10973.55,446.5125,5604.228042
Category,Weekly,12,Conventional,Jacksonville,2026/03/22,0.825440312,400659.0069,221763.9542,7636.232315,52.60442259,171206.216,150249.3899,14951.7375,96.8625,5908.226058
Category,Weekly,11,Conventional,Jacksonville,2026/03/15,0.799069057,396925.7644,215754.1738,8408.697482,21.44242346,172741.4507,139286.4829,27745.99213,88.80904866,5620.166617
Category,Weekly,10,Conventional,Jacksonville,2026/03/08,0.799858946,423193.1488,214763.9311,23190.40553,15.5368749,185223.2753,146046.0518,35186.49135,77.55448656,3913.177681
Category,Weekly,9,Conventional,Jacksonville,2026/03/01,0.787092379,420311.8298,184518.6045,58148.16353,22.11737097,177622.9444,147974.256,22451.8875,30.31875,7166.482152
Category,Weekly,8,Conventional,Jacksonville,2026/02/22,0.806306534,425299.5697,179906.4131,59565.57965,19.71768836,185807.8592,150722.3415,30527.175,57.88125,4500.461429
Category,Weekly,7,Conventional,Jacksonville,2026/02/15,0.808354275,396239.7461,183470.881,49133.57365,16.95913694,163618.3322,133456.6226,24876.8625,57.88125,5226.965919
Category,Weekly,6,Conventional,Jacksonville,2026/02/08,0.807468561,460499.6554,218838.5561,59177.20854,43.55896928,182440.3317,144346.7058,31402.35,132.3,6558.975934
Category,Weekly,5,Conventional,Jacksonville,2026/02/01,0.797617837,474889.442,167782.6092,37754.67531,18.16132365,269333.9962,246271.5676,17516.75625,96.8625,5448.809794
Category,Weekly,4,Conventional,Jacksonville,2026/01/25,0.902992073,394797.0484,171298.6293,48465.23248,34.87140719,174998.3152,142808.0911,25212.73125,132.3,6845.192892
Category,Weekly,3,Conventional,Jacksonville,2026/01/18,0.876360804,406614.0303,172105.4833,43479.74474,64.59225981,190964.21,162205.8916,22539.5625,152.38125,6066.374638
Category,Weekly,2,Conventional,Jacksonville,2026/01/11,0.862187522,458051.9898,200265.4914,48692.04772,9.52578728,209084.925,170338.9877,29825.775,224.04375,8696.11853
Category,Weekly,1,Conventional,Jacksonville,2026/01/04,0.904656197,376105.0578,173160.7784,46190.44301,8.664833915,156745.1716,129399.1395,18546.80625,179.15625,8620.069576
Category,Weekly,12,Conventional,Kansas City,2026/03/22,0.825146199,371862.3885,171519.2313,60685.94977,12721.18431,126936.0231,103558.2084,12228.825,712.4467507,10436.54297
Category,Weekly,11,Conventional,Kansas City,2026/03/15,0.87477957,365010.3141,163112.5878,55669.06034,10289.5648,135939.1012,111410.8374,12237.225,704.1849785,11586.85383
Category,Weekly,10,Conventional,Kansas City,2026/03/08,0.898377105,402240.9156,162508.7097,52902.38979,11060.52661,175769.2894,152398.5788,11021.85,571.8295712,11777.03111
Category,Weekly,9,Conventional,Kansas City,2026/03/01,0.832902194,408882.1372,163530.4373,56216.99159,9930.777522,179203.9307,153901.5427,12465.6,596.181169,12240.60681
Category,Weekly,8,Conventional,Kansas City,2026/02/22,0.859646428,396128.9726,154503.5151,58108.79664,8272.189797,175244.471,151652.5015,12276.8625,554.5176345,10760.58944
Category,Weekly,7,Conventional,Kansas City,2026/02/15,0.854953621,384571.3295,155321.5688,55105.49552,8704.279039,165439.9862,141979.7166,10834.1625,465.3816928,12160.7254
Category,Weekly,6,Conventional,Kansas City,2026/02/08,0.793255538,475388.6448,217466.7594,65290.32053,10212.59309,182418.9718,152302.9995,16958.55,507.0872287,12650.33509
Category,Weekly,5,Conventional,Kansas City,2026/02/01,0.880576431,341458.5929,138805.044,50897.06447,7863.353858,143893.1306,119134.6422,12111.75,482.6898606,12164.04857
Category,Weekly,4,Conventional,Kansas City,2026/01/25,0.8971902,418519.3675,145365.3603,71044.42064,11647.16129,190462.4253,154965.59,22587.3375,783.2842447,12126.21364
Category,Weekly,3,Conventional,Kansas City,2026/01/18,0.853902021,400946.0811,139715.8749,64143.97359,11826.36521,185259.8674,163056.3514,11207.175,480.1027069,10516.23829
Category,Weekly,2,Conventional,Kansas City,2026/01/11,0.857900565,412647.6296,149226.2888,63320.91815,9280.071264,190820.3515,166878.9084,11099.2875,488.9841834,12353.17138
Category,Weekly,1,Conventional,Kansas City,2026/01/04,0.789088616,403907.9553,166994.871,70827.18741,12707.80674,153378.0901,133576.8304,8035.3875,497.5377177,11268.33455
Category,Weekly,12,Conventional,Knoxville,2026/03/22,0.924306169,187177.4704,95291.44474,28463.83338,38.44365066,63383.74863,49336.38583,8693.475,261.373647,5092.514158
Category,Weekly,11,Conventional,Knoxville,2026/03/15,0.922964391,184168.7902,91282.53449,23895.95004,54.84857576,68935.45705,48012.81133,10348.8,5825.214283,4748.631444
Category,Weekly,10,Conventional,Knoxville,2026/03/08,0.951838312,182093.0451,86189.65609,31915.78348,23.01992789,63964.58556,46269.68958,8077.65,4345.07684,5272.169135
Category,Weekly,9,Conventional,Knoxville,2026/03/01,0.927950303,173029.5481,82052.50006,29838.16116,13.10362024,61125.78322,42864.37855,12342.4875,920.3527153,4998.564454
Category,Weekly,8,Conventional,Knoxville,2026/02/22,0.947160793,181647.8258,81324.17494,34488.47823,58.09454611,65777.07808,55290.19364,6648.46875,41.34375,3797.071942
Category,Weekly,7,Conventional,Knoxville,2026/02/15,0.981407497,160888.7273,75260.79934,29231.58775,161.0748,56235.26546,42785.06883,9883.9125,0,3566.284125
Category,Weekly,6,Conventional,Knoxville,2026/02/08,0.938564875,200799.8347,93550.31762,36370.13685,77.76626369,70801.61399,59610.49425,7485.975,8.26875,3696.875993
Category,Weekly,5,Conventional,Knoxville,2026/02/01,0.915591461,152818.5636,69912.33218,19370.19792,21.31232985,63514.72115,54670.85379,4530.75,11.025,4302.092366
Category,Weekly,4,Conventional,Knoxville,2026/01/25,0.964293984,202388.5703,89328.22767,38326.00794,58.64398124,74675.69067,55512.15802,12550.125,16.5375,6596.87015
Category,Weekly,3,Conventional,Knoxville,2026/01/18,0.97852363,179101.1372,78290.19508,28622.88834,21.96370822,72166.09009,54903.85392,12248.775,0,5013.46117
Category,Weekly,2,Conventional,Knoxville,2026/01/11,0.982124403,182148.3156,85037.64462,34299.11123,18.64781725,62792.91189,39986.70674,17866.0125,0,4940.192649
Category,Weekly,1,Conventional,Knoxville,2026/01/04,0.971968802,165621.7547,77556.1092,33437.65778,26.15012471,54601.83758,41085.44951,8288.9625,5.5125,5221.913078
Category,Weekly,12,Conventional,Las Vegas,2026/03/22,0.943615006,635751.4304,183693.1553,128873.4556,6015.094995,317169.7245,236687.3746,49074.57887,8167.113662,23240.65736
Category,Weekly,11,Conventional,Las Vegas,2026/03/15,0.954924606,612160.0617,189150.9583,107932.1158,6091.714608,308985.273,245346.4498,28828.77243,3626.228911,31183.82188
Category,Weekly,10,Conventional,Las Vegas,2026/03/08,0.907840656,675325.4653,195279.8223,123637.9484,5661.39979,350746.2948,282553.95,37312.1667,3147.931917,27732.24619
Category,Weekly,9,Conventional,Las Vegas,2026/03/01,0.98098393,570464.6865,174481.2029,106022.8513,10882.9059,279077.7264,224989.7535,22478.55696,3086.540504,28522.87547
Category,Weekly,8,Conventional,Las Vegas,2026/02/22,0.8325045,722390.5161,173731.4065,123050.3315,5764.481165,419844.297,329638.321,28005.90614,2203.215281,59996.85464
Category,Weekly,7,Conventional,Las Vegas,2026/02/15,0.950873276,590892.6081,196134.8306,101844.9707,9238.334009,283674.4728,260629.1063,4267.710359,2805.659929,15971.99622
Category,Weekly,6,Conventional,Las Vegas,2026/02/08,0.928917312,768552.2459,257879.3722,139228.7538,5267.606971,366176.513,308407.2048,30651.36412,3644.603192,23473.34086
Category,Weekly,5,Conventional,Las Vegas,2026/02/01,0.919103371,587642.2941,174863.5089,106818.7573,6002.009332,299958.0185,251485.1557,20812.61772,3652.593453,24007.65158
Category,Weekly,4,Conventional,Las Vegas,2026/01/25,0.878283268,633769.9651,180669.9742,117317.8536,5810.894897,329971.2424,294302.2331,14418.40112,3034.673051,18215.93514
Category,Weekly,3,Conventional,Las Vegas,2026/01/18,0.960008067,655559.5762,188102.0947,101479.5503,5702.926267,360275.0049,314647.2566,16096.71738,3222.68181,26308.34916
Category,Weekly,2,Conventional,Las Vegas,2026/01/11,0.960592134,713109.701,246079.5717,115818.6889,5076.274469,346135.1659,291200.7971,16044.2523,3160.317783,35729.79871
Category,Weekly,1,Conventional,Las Vegas,2026/01/04,0.886203342,593021.1344,188046.8959,128321.8201,5012.851684,271639.5667,239260.6241,1638.268212,2537.20094,28203.47346
Category,Weekly,12,Conventional,Los Angeles,2026/03/22,1.059486116,4889174.923,1941718.422,81899.25597,732117.2931,2133439.952,1597191.775,226789.6917,155217.1549,154241.3306
Category,Weekly,11,Conventional,Los Angeles,2026/03/15,1.083560233,4937999.4,2234030.123,65854.69506,474912.8023,2163201.779,1598235.85,235126.1328,148415.5554,181424.2406
Category,Weekly,10,Conventional,Los Angeles,2026/03/08,1.095170449,4920971.272,2116246.328,97895.66363,526719.3668,2180109.914,1629636.109,230583.6264,90780.46501,229109.7136
Category,Weekly,9,Conventional,Los Angeles,2026/03/01,1.043270542,4707482.779,2041364.06,78035.63556,543598.9931,2044484.091,1523583.869,227735.9818,86966.16428,206198.076
Category,Weekly,8,Conventional,Los Angeles,2026/02/22,1.087242661,4500526.253,2034208.526,62155.88311,420814.2158,1983347.628,1488500.878,221573.1459,82582.19897,190691.4054
Category,Weekly,7,Conventional,Los Angeles,2026/02/15,1.048735867,4525778.882,1912020.802,67629.1402,450337.3684,2095791.572,1486752.74,217724.3372,237013.3555,154301.1393
Category,Weekly,6,Conventional,Los Angeles,2026/02/08,0.986373736,6071946.299,2127520.788,71539.86193,688107.2851,3184778.364,2260537.29,243554.7989,443932.2008,236754.0746
Category,Weekly,5,Conventional,Los Angeles,2026/02/01,1.044174246,4964648.159,2038107.436,61334.08834,381271.3999,2483935.236,1679353.035,323543.5474,330572.4583,150466.1949
Category,Weekly,4,Conventional,Los Angeles,2026/01/25,1.054586183,4855085.291,2034954.201,58635.41072,352715.0232,2408780.656,1791984.243,255986.3955,177821.602,182988.4163
Category,Weekly,3,Conventional,Los Angeles,2026/01/18,1.008822581,5184324.041,1960187.797,75539.81821,471929.6719,2676666.754,1968075.636,360123.2792,146124.1849,202343.6535
Category,Weekly,2,Conventional,Los Angeles,2026/01/11,1.004505521,5584722.639,2087347.719,73866.59802,438122.6232,2985385.699,2433297.574,294085.6098,72702.74601,185299.7698
Category,Weekly,1,Conventional,Los Angeles,2026/01/04,1.03456864,4957310.684,2020228.025,90021.5409,468792.3495,2378268.769,1873987.951,248761.591,109798.7339,145720.4933
Category,Weekly,12,Conventional,Louisville,2026/03/22,0.96962537,215837.0846,72854.95643,51166.5701,6185.873511,85629.68452,69912.71809,15316.0875,227.4934223,173.3855107
Category,Weekly,11,Conventional,Louisville,2026/03/15,1.032022665,213200.3518,74825.03094,47613.90124,2369.269306,88392.15028,73208.97931,14449.05,349.8200146,384.3009618
Category,Weekly,10,Conventional,Louisville,2026/03/08,1.062448054,216470.3387,76800.41576,51452.67801,3865.566648,84351.67829,71556.39527,12272.4,220.2375,302.6455222
Category,Weekly,9,Conventional,Louisville,2026/03/01,0.994913995,205922.1811,67969.48765,50605.41424,6236.209947,81111.06926,67711.40483,12869.0625,183.4875,347.1144258
Category,Weekly,8,Conventional,Louisville,2026/02/22,0.990696773,212720.8342,72602.77678,50996.13184,5408.71063,83713.2149,68620.9476,14797.65,116.94375,177.6735532
Category,Weekly,7,Conventional,Louisville,2026/02/15,1.043835957,200478.2994,70332.73809,46096.12254,4288.028813,79761.40993,66083.586,13340.5125,91.35,245.9614347
Category,Weekly,6,Conventional,Louisville,2026/02/08,1.046359512,228908.2598,76368.10032,57669.26396,6623.014154,88247.88131,75013.34121,12729.15,130.33125,375.0588557
Category,Weekly,5,Conventional,Louisville,2026/02/01,1.012668372,142722.0344,59396.56344,21795.66542,1177.761647,60352.04386,50380.06507,9632.9625,77.9625,261.0537817
Category,Weekly,4,Conventional,Louisville,2026/01/25,1.009951265,252348.4777,91780.267,60678.95273,4833.783092,95055.47483,84896.7786,9280.425,305.55,572.7212238
Category,Weekly,3,Conventional,Louisville,2026/01/18,1.086189518,213103.1954,69289.82262,53318.29055,6332.979892,84162.10233,73374.54646,10354.575,133.0875,299.8933695
Category,Weekly,2,Conventional,Louisville,2026/01/11,1.129207269,217754.5696,74562.07204,57553.81637,4955.485537,80683.19562,63956.41297,16308.075,102.375,316.3326555
Category,Weekly,1,Conventional,Louisville,2026/01/04,1.019102681,194587.5528,69891.83109,53300.63866,4954.658248,66440.42484,62823.7082,2996.4375,107.8875,512.3916423
Category,Weekly,12,Conventional,Miami/FT. Lauderdale,2026/03/22,0.825125164,2023587.54,1107808.744,9011.177937,19.21500008,906748.4039,775974.4966,98917.35,626.45625,31230.10101
Category,Weekly,11,Conventional,Miami/FT. Lauderdale,2026/03/15,0.823621574,1974307.989,1034595.262,11624.31653,23.62500038,928064.7852,750900.51,141188.25,374.85,35601.17527
Category,Weekly,10,Conventional,Miami/FT. Lauderdale,2026/03/08,0.823955194,2027348.954,1061174.707,34557.71439,19.94181039,931596.5909,768881.2661,127153.5563,485.1,35076.66853
Category,Weekly,9,Conventional,Miami/FT. Lauderdale,2026/03/01,0.820037571,2028597.567,1100300.239,21735.86266,193.2093198,906368.2563,757798.4989,110553.1875,339.80625,37676.76366
Category,Weekly,8,Conventional,Miami/FT. Lauderdale,2026/02/22,0.824343047,2033560.486,1087712.173,24216.94463,34.67210533,921596.6964,764219.5124,126297.4125,294.91875,30784.85274
Category,Weekly,7,Conventional,Miami/FT. Lauderdale,2026/02/15,0.833743121,1904738.442,1059220.509,25546.19386,9.769596575,819961.9694,639157.5111,146081.6438,433.9125,34288.90209
Category,Weekly,6,Conventional,Miami/FT. Lauderdale,2026/02/08,0.806698657,2151152.852,1237951.729,10833.66937,13.76437828,902353.6898,717436.4275,147129.2813,446.5125,37341.46862
Category,Weekly,5,Conventional,Miami/FT. Lauderdale,2026/02/01,0.810699116,2193156.533,962896.7574,10134.2331,56.29756114,1220069.245,1078313.182,110974.7625,654.80625,30126.49399
Category,Weekly,4,Conventional,Miami/FT. Lauderdale,2026/01/25,0.835983172,1886823.288,1025698.674,9252.31857,45.1781697,851827.117,698971.9498,118969.4625,773.71875,33111.98593
Category,Weekly,3,Conventional,Miami/FT. Lauderdale,2026/01/18,0.913070593,1929870.922,982111.8232,36320.65958,32.35885993,911406.0806,734586.0123,140873.775,937.51875,35008.77456
Category,Weekly,2,Conventional,Miami/FT. Lauderdale,2026/01/11,0.880012272,2086695.646,1045629.055,58917.70611,40.11509821,982108.7693,808749.6653,139671.2625,846.95625,32840.88523
Category,Weekly,1,Conventional,Miami/FT. Lauderdale,2026/01/04,0.938653369,1722575.31,954044.2427,22470.78524,10.39239512,746049.8901,604586.3574,86436.7875,700.875,54325.87018
Category,Weekly,12,Conventional,Milwaukee,2026/03/22,0.932048089,463980.6457,201826.5935,84101.98062,9699.425789,168352.6458,112964.0022,17614.14375,17071.64124,20702.85868
Category,Weekly,11,Conventional,Milwaukee,2026/03/15,0.956765953,514039.8592,212187.3251,105103.2744,5480.223209,191269.0366,129654.7441,15289.18125,18909.05254,27416.05867
Category,Weekly,10,Conventional,Milwaukee,2026/03/08,0.969559409,495350.901,197885.293,120375.21,8458.408761,168631.9892,121500.2673,10916.5875,2758.837235,33456.29722
Category,Weekly,9,Conventional,Milwaukee,2026/03/01,0.987448505,459795.602,189676.7265,93754.38397,13067.6513,163296.8403,121014.5833,13303.5,3383.314851,25595.44211
Category,Weekly,8,Conventional,Milwaukee,2026/02/22,0.999347298,464915.3059,179281.7784,106730.6742,10360.87326,168541.98,117529.9132,19679.1,3174.739632,28158.22719
Category,Weekly,7,Conventional,Milwaukee,2026/02/15,0.999218361,443784.2755,185806.9373,98281.91011,8399.877905,151295.5502,106658.9332,9093.2625,4245.623879,31297.73056
Category,Weekly,6,Conventional,Milwaukee,2026/02/08,0.929241418,538629.446,242849.8601,106144.712,11048.61504,178586.2589,126345.913,24139.2375,6177.523439,21923.58498
Category,Weekly,5,Conventional,Milwaukee,2026/02/01,0.951918945,455399.6976,201880.3163,78308.30277,3705.683462,171505.3951,124489.655,14915.90625,5040.104119,27059.72964
Category,Weekly,4,Conventional,Milwaukee,2026/01/25,0.989545518,450747.8298,179145.7353,98055.6743,7603.446487,165942.9737,138385.3245,4681.425,1519.0875,21357.13664
Category,Weekly,3,Conventional,Milwaukee,2026/01/18,1.020352353,456217.4507,180674.2909,89567.79436,10766.5667,175208.7987,118792.3986,22140.95625,1104.075,33171.36886
Category,Weekly,2,Conventional,Milwaukee,2026/01/11,0.98673348,498830.5742,208147.3808,100058.1707,9512.327389,181112.6953,117987.4707,33178.03125,1242.28125,28704.91206
Category,Weekly,1,Conventional,Milwaukee,2026/01/04,0.934823426,437779.291,179580.8543,97147.94881,9797.86847,151252.6194,107703.6701,24557.53125,1116.675,17874.74307
Category,Weekly,12,Conventional,Minneapolis,2026/03/22,0.774673713,675260.7321,354774.6293,16376.56464,3384.524119,300725.0141,261525.0402,11121.3375,3368.1375,24710.49885
Category,Weekly,11,Conventional,Minneapolis,2026/03/15,0.799311988,740212.4956,391622.6192,12705.98499,4568.196959,331315.6944,282721.3844,12129.3375,4459.21875,32005.75373
Category,Weekly,10,Conventional,Minneapolis,2026/03/08,0.808901542,706237.5178,354287.7648,13374.28033,2959.060484,335616.4122,291640.8466,10554.6,4300.93125,29120.03437
Category,Weekly,9,Conventional,Minneapolis,2026/03/01,0.799878479,717160.5856,364252.9641,13595.88016,3067.851845,336243.8895,293507.3365,9786,4023.73125,28926.8218
Category,Weekly,8,Conventional,Minneapolis,2026/02/22,0.805612517,698409.6762,348366.3343,11504.65403,3235.757251,335302.9305,285409.052,15351.7875,3791.8125,30750.27855
Category,Weekly,7,Conventional,Minneapolis,2026/02/15,0.783252636,671526.0137,360033.1283,11994.54686,1748.419817,297749.9187,246001.644,17741.325,3404.75625,30602.19344
Category,Weekly,6,Conventional,Minneapolis,2026/02/08,0.731592964,854551.949,486290.3002,16661.05351,1909.736126,349690.8592,280083.8866,31961.7375,3500.4375,34144.79761
Category,Weekly,5,Conventional,Minneapolis,2026/02/01,0.797572957,672360.3389,349678.1515,13614.26584,1207.408452,307860.5131,251765.3434,20434.3125,3296.86875,32363.9885
Category,Weekly,4,Conventional,Minneapolis,2026/01/25,0.811170106,634624.985,320533.154,14608.72852,1311.576607,298171.5259,238205.3043,25855.9875,3837.88125,30272.35283
Category,Weekly,3,Conventional,Minneapolis,2026/01/18,0.742990937,741329.0255,365787.4038,15385.37059,1478.178693,358678.0725,316716.7684,8240.925,3914.6625,29805.71655
Category,Weekly,2,Conventional,Minneapolis,2026/01/11,0.762982555,751198.8485,360577.2078,14637.00835,1055.194077,374929.4383,332299.549,8342.775,4137.525,30149.58923
Category,Weekly,1,Conventional,Minneapolis,2026/01/04,0.751363935,661208.2367,337944.0512,13840.65178,1048.530076,308375.0036,265684.1722,7333.4625,4209.1875,31148.18146
Category,Weekly,12,Conventional,Nashville,2026/03/22,0.84613756,535234.9604,262436.2897,62357.71475,23.92755393,210417.0284,156690.0673,50730.75,94.45736167,2901.753724
Category,Weekly,11,Conventional,Nashville,2026/03/15,0.859904972,514870.7794,247752.0434,51749.86269,29.63063682,215339.2427,161056.2593,51685.9875,440.6161855,2156.379715
Category,Weekly,10,Conventional,Nashville,2026/03/08,0.880706154,517005.5435,243039.6857,63089.39129,41.41314564,210835.0534,167794.6085,40192.425,148.2513691,2699.768572
Category,Weekly,9,Conventional,Nashville,2026/03/01,0.853563395,504886.1566,212482.4608,83996.67648,19.48831346,208387.5309,152028.7038,53107.6875,96.54212376,3154.597548
Category,Weekly,8,Conventional,Nashville,2026/02/22,0.868131519,494918.2922,203777.7765,88716.39966,30.17523265,202393.9408,159940.4722,41345.85,41.34375,1066.274848
Category,Weekly,7,Conventional,Nashville,2026/02/15,0.881705586,470516.9445,205365.7879,76369.34202,30.31019038,188751.5044,148610.7048,39000.675,35.83125,1104.293378
Category,Weekly,6,Conventional,Nashville,2026/02/08,0.871716395,558144.7371,245188.7503,94434.69074,20.5078192,218500.7882,177996.5396,38536.8375,11.025,1956.386089
Category,Weekly,5,Conventional,Nashville,2026/02/01,0.849511158,406714.947,155360.5623,46508.28175,8.40181889,204837.7012,175499.23,27096.5625,22.05,2219.858711
Category,Weekly,4,Conventional,Nashville,2026/01/25,0.891096872,566780.5424,234892.0078,86118.9721,43.34543958,245726.217,197813.3579,44034.6375,11.025,3867.196644
Category,Weekly,3,Conventional,Nashville,2026/01/18,0.940852382,511081.0329,206355.081,83283.64123,31.87187282,221410.4388,161672.595,56034.3,66.15,3637.393859
Category,Weekly,2,Conventional,Nashville,2026/01/11,0.949025258,518817.4813,219950.7525,91997.97226,7.406751335,206861.3498,149817.4183,53129.475,27.5625,3886.893976
Category,Weekly,1,Conventional,Nashville,2026/01/04,0.903346248,481290.454,209589.6525,87688.29706,20.20312692,183992.3013,152184.063,28915.425,36.61875,2856.194454
Category,Weekly,12,Conventional,New Orleans/Mobile,2026/03/22,0.722199662,480341.1914,252201.1465,8150.906358,80.35460111,219908.784,115162.3408,102997.65,48.49382407,1700.299376
Category,Weekly,11,Conventional,New Orleans/Mobile,2026/03/15,0.705026849,502611.9751,270699.0816,6888.873575,69.70021232,224954.3198,121959.2259,100778.2125,119.8502444,2097.03116
Category,Weekly,10,Conventional,New Orleans/Mobile,2026/03/08,0.705650421,506918.5365,271795.4772,14769.58238,253.3371511,220100.1398,125040.766,93103.10625,180.8830141,1775.384466
Category,Weekly,9,Conventional,New Orleans/Mobile,2026/03/01,0.705743673,483843.0844,235469.9543,21031.79169,236.7039782,227104.6345,125822.9205,99264.24375,261.84375,1755.626502
Category,Weekly,8,Conventional,New Orleans/Mobile,2026/02/22,0.683274976,496620.0408,239533.1682,18863.55659,42.35991185,238180.9561,135490.9698,100269.6188,363.825,2056.542487
Category,Weekly,7,Conventional,New Orleans/Mobile,2026/02/15,0.694847603,455714.9133,233752.3353,20042.30455,147.4176287,201772.8559,108129.3558,90788.775,121.275,2733.450126
Category,Weekly,6,Conventional,New Orleans/Mobile,2026/02/08,0.707790118,488647.141,258988.7972,30188.66011,449.201047,199020.4827,110143.591,86324.83125,88.59375,2463.46668
Category,Weekly,5,Conventional,New Orleans/Mobile,2026/02/01,0.732349249,434202.8312,210046.1028,17629.93314,525.6869234,206001.1083,123053.4375,80753.925,85.44375,2108.302064
Category,Weekly,4,Conventional,New Orleans/Mobile,2026/01/25,0.739102549,495826.1909,248554.4315,16766.27194,160.336476,230345.151,119837.0009,107239.65,79.93125,3188.56887
Category,Weekly,3,Conventional,New Orleans/Mobile,2026/01/18,0.725181885,480259.8126,237742.8406,13944.42223,68.54457316,228504.0052,136054.2317,90015.58125,119.7,2314.492188
Category,Weekly,2,Conventional,New Orleans/Mobile,2026/01/11,0.716586945,508466.8033,251022.8698,14976.13199,61.09973751,242406.7018,144285.7163,95020.40625,84.2625,3016.316755
Category,Weekly,1,Conventional,New Orleans/Mobile,2026/01/04,0.738053572,416150.1878,216041.1791,15328.64882,51.38381108,184728.9761,108005.9264,74333.7,24.01875,2365.330883
Category,Weekly,12,Conventional,New York,2026/03/22,0.994537879,3820048.57,591063.1266,1015008.665,20847.25967,2193129.519,1962409.885,135435.2969,55165.52121,40118.81605
Category,Weekly,11,Conventional,New York,2026/03/15,0.998369664,3976913.175,629130.1532,992540.6541,17469.41071,2337772.957,2020012.256,205148.9344,68539.95618,44071.81066
Category,Weekly,10,Conventional,New York,2026/03/08,0.986425982,3844614.068,636494.9842,1149253.506,26994.19855,2031871.38,1764882.208,169051.8911,60936.62425,37000.65682
Category,Weekly,9,Conventional,New York,2026/03/01,1.00649069,3294302.094,548959.6476,677155.0699,83604.48471,1984582.892,1713663.516,203362.4176,31394.28174,36162.67617
Category,Weekly,8,Conventional,New York,2026/02/22,0.988751579,3828098.101,623957.1836,1135495.287,48136.53942,2020509.091,1652990.803,266680.3124,54640.80755,46197.16794
Category,Weekly,7,Conventional,New York,2026/02/15,0.947854423,3702235.713,668904.1136,1124446.336,77864.54877,1831020.714,1550141.966,205686.4161,32714.97357,42477.35847
Category,Weekly,6,Conventional,New York,2026/02/08,1.00824502,4977231.064,909939.82,1730029.969,200985.0871,2136276.189,1810314.425,211312.6398,68423.97771,46225.14586
Category,Weekly,5,Conventional,New York,2026/02/01,0.957994072,3263638.208,604310.0434,885499.9755,96103.62524,1677724.564,1473102.543,145434.4093,21787.27966,37400.33171
Category,Weekly,4,Conventional,New York,2026/01/25,0.998199894,4366811.731,658038.3329,1016729.729,66718.1381,2625325.531,2308703.64,215442.1016,39682.08807,61497.70139
Category,Weekly,3,Conventional,New York,2026/01/18,0.996148409,3814489.856,583371.6155,948051.6175,154708.7241,2128357.899,1827449.917,198900.8377,30269.2285,71737.91585
Category,Weekly,2,Conventional,New York,2026/01/11,0.987212416,3942643.406,661928.944,769072.7515,32076.72402,2479564.986,2165381.787,203521.8358,31367.18285,79294.18054
Category,Weekly,1,Conventional,New York,2026/01/04,0.95896295,3490335.683,556265.7993,1150120.033,57331.00768,1726618.842,1496990.041,126684.1487,30090.81776,72853.83493
Category,Weekly,12,Conventional,Northern New England,2026/03/22,0.921351758,656586.9112,317996.9418,182339.2338,222.9123192,156027.8232,136968.9932,17011.4069,335.8635456,1711.559631
Category,Weekly,11,Conventional,Northern New England,2026/03/15,0.971472749,617071.4831,281001.7904,183523.0942,222.0341436,152324.5643,127573.2263,22786.12561,383.3190147,1581.893394
Category,Weekly,10,Conventional,Northern New England,2026/03/08,0.982394366,604322.9167,269243.3327,189060.8472,230.9573381,145787.7795,119009.9009,24932.76667,378.6682296,1466.44362
Category,Weekly,9,Conventional,Northern New England,2026/03/01,0.831745044,729999.8706,350790.7341,249843.6549,37.47555881,129328.006,101480.4876,26006.09742,280.9936921,1560.427362
Category,Weekly,8,Conventional,Northern New England,2026/02/22,0.945211895,624406.8333,285789.1491,180968.4453,94.40696814,157554.832,124035.3667,31317.47914,393.0628211,1808.923334
Category,Weekly,7,Conventional,Northern New England,2026/02/15,0.956561058,621450.2456,302256.8999,188140.3063,68.90237403,130984.137,102449.3805,26664.09747,319.8523189,1550.80673
Category,Weekly,6,Conventional,Northern New England,2026/02/08,0.838147032,793471.1785,385388.57,274903.4788,58.86267736,133120.2671,107531.3077,23660.81264,243.0399084,1685.106814
Category,Weekly,5,Conventional,Northern New England,2026/02/01,0.921021183,540487.5473,263861.849,160884.8446,55.86704823,115684.9866,95987.42166,17923.25496,374.9363773,1399.373615
Category,Weekly,4,Conventional,Northern New England,2026/01/25,0.844556805,817148.1128,383279.9917,272755.9267,187.3888643,160924.8055,138472.5006,19519.02468,367.9614301,2565.31873
Category,Weekly,3,Conventional,Northern New England,2026/01/18,0.990198584,620111.1689,272677.6451,191765.4446,86.97846105,155581.1008,119195.0096,30878.89048,302.5210992,5204.679609
Category,Weekly,2,Conventional,Northern New England,2026/01/11,0.981095864,605979.6079,264588.4791,197405.9785,18.95789002,143966.1924,108853.768,30507.7683,344.0388959,4260.617262
Category,Weekly,1,Conventional,Northern New England,2026/01/04,0.790504301,772098.1712,387962.8549,265103.7284,133.6381339,118897.9498,95605.64218,19278.6888,432.0084185,3581.610385
Category,Weekly,12,Conventional,Omaha,2026/03/22,0.867014338,210375.9083,99366.89823,28547.96341,207.0162813,82254.03035,70012.425,4610.2875,1906.263642,5725.054211
Category,Weekly,11,Conventional,Omaha,2026/03/15,0.852480636,230037.6795,118145.6271,23937.83346,1432.498448,86521.72045,71531.64375,7111.125,2064.861293,5814.090408
Category,Weekly,10,Conventional,Omaha,2026/03/08,0.863578996,268079.2794,122842.9918,26849.04168,3.62705055,118383.6189,104267.2313,6763.18125,1525.513314,5827.693076
Category,Weekly,9,Conventional,Omaha,2026/03/01,0.814321023,263495.3717,118513.8429,25903.91085,278.8290923,118798.7888,104997.7688,6379.275,1379.794501,6041.950547
Category,Weekly,8,Conventional,Omaha,2026/02/22,0.846898719,256928.7819,113706.6113,28390.50418,1265.223806,113566.4426,99968.00625,6892.127654,1200.924678,5505.384053
Category,Weekly,7,Conventional,Omaha,2026/02/15,0.830971939,247350.0308,118107.6964,24518.15185,11.97730384,104712.2052,85176.525,11970.95062,1403.247666,6161.481962
Category,Weekly,6,Conventional,Omaha,2026/02/08,0.788202608,312025.1212,153242.6175,34643.27159,40.13638787,124099.0956,104646.9788,10046.4,1682.504442,7723.212351
Category,Weekly,5,Conventional,Omaha,2026/02/01,0.854301981,240925.0506,109233.8013,23806.28169,17.79434056,107867.1732,87618.89324,12332.775,1942.302033,5973.202964
Category,Weekly,4,Conventional,Omaha,2026/01/25,0.864830064,240252.3499,100975.7653,26584.13606,10.61247816,112681.8361,92151.72052,12888.4875,1733.344831,5908.283222
Category,Weekly,3,Conventional,Omaha,2026/01/18,0.836064169,261564.272,107742.5023,25963.83438,73.91973028,127784.0156,111895.7438,7894.6875,1623.199111,6370.385217
Category,Weekly,2,Conventional,Omaha,2026/01/11,0.83020556,261844.4601,105805.96,26170.48723,19.57916717,129848.4337,112438.1977,7975.8,1467.338046,7967.097984
Category,Weekly,1,Conventional,Omaha,2026/01/04,0.774485107,258660.5779,122668.2343,28782.49352,12.97359135,107196.8765,93200.26948,6562.5,1169.575189,6264.53178
Category,Weekly,12,Conventional,Orlando,2026/03/22,0.757160232,1123525.743,545559.6636,18348.66798,1.068579507,559616.3433,489800.772,54472.6875,157.10625,15185.77752
Category,Weekly,11,Conventional,Orlando,2026/03/15,0.752018877,1111164.839,547331.5167,17805.84548,0.944999975,546026.5316,450235.3999,78217.25625,361.06875,17212.80665
Category,Weekly,10,Conventional,Orlando,2026/03/08,0.753897447,1126005.3,507694.1888,78967.33061,10.07421498,539333.7068,460939.0898,62853.91875,599.68125,14941.017
Category,Weekly,9,Conventional,Orlando,2026/03/01,0.756352032,1111429.442,425799.2136,124422.9926,13.6950398,561193.5411,483750.2627,64118.38125,342.16875,12982.72836
Category,Weekly,8,Conventional,Orlando,2026/02/22,0.757628224,1127010.317,453262.0467,124753.0894,6.0531672,548989.1276,450718.9842,79031.6625,283.89375,18954.58716
Category,Weekly,7,Conventional,Orlando,2026/02/15,0.749201835,1088290.79,456197.9661,124344.095,6.967971738,507741.7606,423308.5076,72040.5,435.4875,11957.2655
Category,Weekly,6,Conventional,Orlando,2026/02/08,0.760174853,1236389.33,541275.2266,150804.5833,10.36406465,544299.1561,455303.4829,71683.89375,520.93125,16790.84829
Category,Weekly,5,Conventional,Orlando,2026/02/01,0.746386437,1256821.521,419749.0392,77907.21229,33.5044536,759131.7651,684742.0211,53154.4125,876.88125,20358.4503
Category,Weekly,4,Conventional,Orlando,2026/01/25,0.830035634,1036811.12,401915.6445,111978.1995,20.02040508,522897.2556,448667.2191,55923.7875,812.30625,17493.94273
Category,Weekly,3,Conventional,Orlando,2026/01/18,0.822071661,1074878.649,443319.0901,82375.86678,26.86927939,549156.8231,476908.7381,55044.4125,993.43125,16210.24134
Category,Weekly,2,Conventional,Orlando,2026/01/11,0.826079347,1127343.97,475448.0016,101348.9907,50.82873841,550496.1485,453331.5399,67538.1,1141.0875,28485.42118
Category,Weekly,1,Conventional,Orlando,2026/01/04,0.848312348,983587.7117,415404.3706,101131.4102,8.356597655,467043.5743,396469.3531,57300.075,683.55,12590.59616
Category,Weekly,12,Conventional,Peoria/Springfield,2026/03/22,0.811388382,228026.3155,114137.6433,27933.14878,8021.870314,77933.65313,65310.06249,9256.0125,421.70625,2945.871885
Category,Weekly,11,Conventional,Peoria/Springfield,2026/03/15,0.825753771,226392.6703,109117.2528,29892.19549,3876.501914,83506.72011,75845.83304,5004.95625,2201.45625,454.4745686
Category,Weekly,10,Conventional,Peoria/Springfield,2026/03/08,0.822594562,236088.5543,114914.414,33621.4678,6274.758928,81277.91358,73032.10188,3949.3125,1791.95625,2504.542944
Category,Weekly,9,Conventional,Peoria/Springfield,2026/03/01,0.804617038,228110.1324,106301.0467,32544.83871,8755.304573,80508.94232,69101.18522,6203.79375,2104.2,3099.76335
Category,Weekly,8,Conventional,Peoria/Springfield,2026/02/22,0.808472671,226678.4692,107447.606,32134.75241,7779.3161,79316.79471,67656.18858,4808.2125,1889.60625,4962.787377
Category,Weekly,7,Conventional,Peoria/Springfield,2026/02/15,0.80664834,215300.3144,104123.232,31046.36237,5771.719182,74359.00084,65584.59943,4582.4625,1773.45,2418.488907
Category,Weekly,6,Conventional,Peoria/Springfield,2026/02/08,0.760750068,274589.3377,144313.4291,38594.29506,8796.509082,82885.10444,73137.43157,4702.55625,1797.8625,3247.254117
Category,Weekly,5,Conventional,Peoria/Springfield,2026/02/01,0.804685506,199439.6236,102782.3619,21116.22245,2408.965389,73132.07385,59981.57177,6879.8625,1936.4625,4334.177074
Category,Weekly,4,Conventional,Peoria/Springfield,2026/01/25,0.825766976,231313.2726,103400.4101,36652.78665,5421.868955,85838.20692,73199.79342,6988.275,2242.40625,3407.732249
Category,Weekly,3,Conventional,Peoria/Springfield,2026/01/18,0.826599863,222318.9924,101421.6685,31880.07914,8462.778566,80554.46616,68429.86194,5542.6875,1713.6,4868.316726
Category,Weekly,2,Conventional,Peoria/Springfield,2026/01/11,0.806565258,238634.2179,118325.2375,35578.74418,7474.879822,77255.35636,70127.81212,3303.0375,1870.3125,1954.194242
Category,Weekly,1,Conventional,Peoria/Springfield,2026/01/04,0.764043121,212018.546,108385.5274,31005.68733,6962.919688,65664.41153,58741.86245,2996.30625,2049.075,1877.167837
Category,Weekly,12,Conventional,Philadelphia,2026/03/22,0.901754646,1135566.076,345366.6789,169674.6204,3246.580725,617278.1956,561540.8149,24468.59792,18940.12083,12328.66191
Category,Weekly,11,Conventional,Philadelphia,2026/03/15,0.925396976,1139735.219,396146.4162,155200.6446,3064.885387,585323.2732,490165.2774,62376.18343,19482.69585,13299.11653
Category,Weekly,10,Conventional,Philadelphia,2026/03/08,0.924347082,1124824.782,377373.3096,201479.712,4278.853747,541692.9071,446090.5183,63475.96925,19425.50778,12700.9117
Category,Weekly,9,Conventional,Philadelphia,2026/03/01,0.923174099,1023749.697,354061.1483,130421.8504,17052.42207,522214.2763,438761.2067,57511.29636,13327.14248,12614.63072
Category,Weekly,8,Conventional,Philadelphia,2026/02/22,0.890512123,1120375.665,395070.4106,192298.9453,7137.538466,525868.7711,422827.7804,68534.32429,19943.034,14563.63237
Category,Weekly,7,Conventional,Philadelphia,2026/02/15,0.810595652,1092091.393,439652.7211,168372.8699,15191.93581,468873.8664,376418.5075,66958.70243,12999.92333,12496.73312
Category,Weekly,6,Conventional,Philadelphia,2026/02/08,0.896521747,1324204.805,460281.2313,293534.4057,44763.40952,525625.7588,422997.9062,71379.67834,19336.82629,11911.34798
Category,Weekly,5,Conventional,Philadelphia,2026/02/01,0.894668,919148.53,355213.8437,112974.8061,19375.98749,431583.8927,355311.5463,55677.4598,10732.05757,9862.828975
Category,Weekly,4,Conventional,Philadelphia,2026/01/25,0.942474858,1267888.979,410942.1532,167501.047,15109.13725,674336.6411,539456.8709,101785.2359,16424.54589,16669.98844
Category,Weekly,3,Conventional,Philadelphia,2026/01/18,0.872972481,1127284.054,361591.2969,164936.2355,27112.81605,573643.7053,475053.3833,74069.38838,12179.57095,12341.36267
Category,Weekly,2,Conventional,Philadelphia,2026/01/11,0.884795961,1191424.425,409143.2109,150266.0895,7754.652169,624260.4725,521085.8679,75173.85547,12464.28122,15536.46784
Category,Weekly,1,Conventional,Philadelphia,2026/01/04,0.895928433,999045.0008,350535.6985,174397.4636,11582.17293,462529.6657,378073.7846,61392.69447,10138.32693,12924.85972
Category,Weekly,12,Conventional,Phoenix/Tucson,2026/03/22,0.949187261,1811403.491,717775.0267,399877.1546,17523.14546,676228.1642,538851.3804,69392.6625,14682.15,53301.97127
Category,Weekly,11,Conventional,Phoenix/Tucson,2026/03/15,0.937613427,1727408.166,732639.3887,310185.9102,16110.72015,668472.1472,556559.0873,48910.05,8283.7125,54719.29744
Category,Weekly,10,Conventional,Phoenix/Tucson,2026/03/08,0.893189344,1930982.086,742902.6794,422252.363,16625.72116,749201.3227,610070.2042,76260.1875,11797.0125,51073.91844
Category,Weekly,9,Conventional,Phoenix/Tucson,2026/03/01,0.946507737,1713646.489,691837.7853,319288.896,23252.37684,679267.4305,569105.4088,61091.8875,12212.94375,36857.19044
Category,Weekly,8,Conventional,Phoenix/Tucson,2026/02/22,0.835247524,1980460.536,704346.4554,374870.756,15513.2786,885730.0458,724677.6725,90188.9625,12801.99375,58061.4171
Category,Weekly,7,Conventional,Phoenix/Tucson,2026/02/15,0.948016452,1668622.421,740415.6072,312682.5577,19909.26727,595614.9884,506338.8206,26131.35,19271.4375,43873.38025
Category,Weekly,6,Conventional,Phoenix/Tucson,2026/02/08,0.952015706,2216625.8,885882.5097,429349.8572,26374.59078,875018.8424,743106.886,64030.3125,21595.35,46286.2939
Category,Weekly,5,Conventional,Phoenix/Tucson,2026/02/01,0.946086289,1689128.202,687503.7176,304413.7486,15270.85663,681939.879,548610.4714,64441.3875,22095.675,46792.34508
Category,Weekly,4,Conventional,Phoenix/Tucson,2026/01/25,0.926389086,1735138.608,634204.9465,347002.5446,14840.14273,739090.9742,633822.2229,31702.9125,22343.475,51222.36379
Category,Weekly,3,Conventional,Phoenix/Tucson,2026/01/18,0.974166317,1820802.06,682262.7202,307716.6972,13573.46943,817249.1728,650683.8132,54103.0875,20369.08125,92093.1908
Category,Weekly,2,Conventional,Phoenix/Tucson,2026/01/11,0.904388441,2257902.594,928878.0811,415917.044,13816.48438,899290.9842,645169.4899,100921.8,21992.775,131206.9193
Category,Weekly,1,Conventional,Phoenix/Tucson,2026/01/04,0.888176137,1692652.707,680083.7543,414094.2985,13726.46471,584748.1897,514751.8381,4860.31875,17245.9875,47890.04534
Category,Weekly,12,Conventional,Pittsburgh,2026/03/22,0.787197863,296899.9836,143913.1835,34943.51551,17.28275447,118026.0018,99447.45944,13576.89375,39.85297654,4961.795625
Category,Weekly,11,Conventional,Pittsburgh,2026/03/15,0.809827713,296024.9426,139280.724,28286.52946,6.432572794,128451.2566,98805.62934,24402,31.44128157,5212.185961
Category,Weekly,10,Conventional,Pittsburgh,2026/03/08,0.835899173,282086.4555,144935.4452,15154.65478,1.25492218,121995.1006,90143.42843,26582.71875,39.93947439,5229.013946
Category,Weekly,9,Conventional,Pittsburgh,2026/03/01,0.826784866,275942.0246,128891.7647,29716.42704,1.25126119,117332.5816,76713.5761,35399.175,40.17073947,5179.65976
Category,Weekly,8,Conventional,Pittsburgh,2026/02/22,0.797508748,299144.6689,137879.0367,37012.14309,0,124253.4891,91058.14545,28805.4375,36.92329646,4352.982832
Category,Weekly,7,Conventional,Pittsburgh,2026/02/15,0.788209044,299109.0873,142592.0887,39017.49342,11.13313242,117488.372,86948.05217,26122.1625,28.53602841,4389.621284
Category,Weekly,6,Conventional,Pittsburgh,2026/02/08,0.777343654,350041.4602,177722.8649,45802.68785,34.14395499,126481.7635,95788.03925,26031.075,13.90261314,4648.746613
Category,Weekly,5,Conventional,Pittsburgh,2026/02/01,0.769922159,267766.6865,136054.836,33657.11858,122.7999698,97931.93191,70386.59912,23205.39375,31.51645228,4308.422591
Category,Weekly,4,Conventional,Pittsburgh,2026/01/25,0.849113165,349832.9338,161866.8811,50073.987,17.38558232,137874.68,91992.66694,38627.79375,91.99062443,7162.228724
Category,Weekly,3,Conventional,Pittsburgh,2026/01/18,0.816851746,315303.5707,145806.5346,41009.58496,16.94905007,128470.5021,93551.2093,31183.425,51.07944421,3684.788359
Category,Weekly,2,Conventional,Pittsburgh,2026/01/11,0.792258682,346606.1777,171517.7684,38057.39441,6.267112336,137024.7478,97313.47053,34101.24375,48.80957333,5561.223939
Category,Weekly,1,Conventional,Pittsburgh,2026/01/04,0.804852763,279338.7194,148775.9785,19166.60409,1.254485538,111394.8823,82495.96566,23599.40625,71.96424019,5227.546186
Category,Weekly,12,Conventional,Portland,2026/03/22,1.115347147,820177.5233,448392.5037,83418.82584,48455.73941,239910.4543,186214.3738,20950.78125,24889.90376,7855.395513
Category,Weekly,11,Conventional,Portland,2026/03/15,1.207178129,808446.0865,383057.7169,142451.561,53863.95489,229072.8537,176255.7137,12086.15625,32941.99562,7788.988121
Category,Weekly,10,Conventional,Portland,2026/03/08,1.220464416,864533.1361,457915.8945,169014.4311,38441.98164,199160.8289,167497.6848,14655.9,8341.922011,8665.322074
Category,Weekly,9,Conventional,Portland,2026/03/01,1.287470619,763071.2222,415805.9968,111987.0692,34861.71611,200416.4401,167222.7247,16249.0125,8370.304969,8574.397936
Category,Weekly,8,Conventional,Portland,2026/02/22,1.193180213,796878.436,426874.8333,133080.0708,30057.57751,206865.9545,178448.4249,12304.81875,8525.74842,7586.962425
Category,Weekly,7,Conventional,Portland,2026/02/15,1.22953964,733990.8993,347642.1707,157822.816,30091.2088,198434.7037,163564.4487,17646.43125,9486.530781,7737.293017
Category,Weekly,6,Conventional,Portland,2026/02/08,1.155740393,950224.9827,428600.7167,264020.9936,30387.10262,227216.1698,169707.938,22649.94375,25716.99332,9141.294728
Category,Weekly,5,Conventional,Portland,2026/02/01,1.249468362,752288.4367,319187.7378,182648.6494,29562.87063,220889.1788,166701.8207,17094.2625,29433.43491,7659.660679
Category,Weekly,4,Conventional,Portland,2026/01/25,1.233640615,773709.2182,360551.0384,180007.1373,32140.7679,201010.2745,147795.62,26368.125,19014.82569,7831.703783
Category,Weekly,3,Conventional,Portland,2026/01/18,1.271920077,766847.6206,320581.3151,166255.4672,34193.54847,245817.2899,196441.7359,18650.625,23186.0507,7538.878275
Category,Weekly,2,Conventional,Portland,2026/01/11,1.211965713,879222.7106,387886.1741,212305.0321,30607.3436,248424.1608,204042.2953,26937.75,9213.677289,8230.438279
Category,Weekly,1,Conventional,Portland,2026/01/04,1.236630735,794254.9508,378742.4142,188097.3397,34523.64193,192891.555,145201.6897,31812.6375,7679.017898,8198.209908
Category,Weekly,12,Conventional,Providence,2026/03/22,0.883033526,141852.7758,67636.3713,41476.38736,0,32740.01711,31482.67767,757.96875,0,499.3706885
Category,Weekly,11,Conventional,Providence,2026/03/15,0.920483832,153936.7544,56995.3201,62848.7149,9.569152997,34083.15025,32343.12997,1097.631718,0,642.3885595
Category,Weekly,10,Conventional,Providence,2026/03/08,0.97040516,134597.8904,57607.51684,44701.01577,109.9238295,32179.43392,28614.30342,2701.663002,241.1541355,622.3133657
Category,Weekly,9,Conventional,Providence,2026/03/01,0.981156111,124004.8086,55903.74997,40766.44853,35.68500186,27298.92509,22814.51747,3849.897028,279.8504666,354.6601262
Category,Weekly,8,Conventional,Providence,2026/02/22,0.870930677,141251.0399,63014.92897,44553.15707,51.83118054,33631.12267,28876.935,3723.761761,280.7342216,749.6916872
Category,Weekly,7,Conventional,Providence,2026/02/15,0.819382032,175855.5808,72977.61899,75364.63078,6.742553198,27506.58846,23716.30176,3019.850503,183.4703111,586.9658864
Category,Weekly,6,Conventional,Providence,2026/02/08,0.934560296,142966.1046,67281.23564,41760.76298,49.6406981,33874.46525,28598.16781,4246.114584,344.7602263,685.4226315
Category,Weekly,5,Conventional,Providence,2026/02/01,0.774395644,163604.2111,73356.75605,66253.54943,31.83733962,23962.06829,21069.79983,2282.265537,64.58973911,545.4131799
Category,Weekly,4,Conventional,Providence,2026/01/25,0.912782373,169740.2306,66777.5617,61038.41871,77.57849783,41846.67173,37684.32817,3314.371897,98.8767559,749.0949135
Category,Weekly,3,Conventional,Providence,2026/01/18,1.034962522,132652.1468,56711.4616,43855.27497,94.07072649,31991.33954,25060.06076,5380.323202,708.5887713,842.3668073
Category,Weekly,2,Conventional,Providence,2026/01/11,0.94371242,141646.4005,64601.57486,45731.28996,77.18272147,31236.35301,26064.23986,3091.522818,1402.241228,678.3491022
Category,Weekly,1,Conventional,Providence,2026/01/04,0.769250641,160602.186,75158.55012,56817.94467,53.27569936,28572.41555,25564.21731,1022.853897,1492.409084,492.9352541
Category,Weekly,12,Conventional,Raleigh/Greensboro,2026/03/22,0.883735385,812631.3402,332925.9936,75519.77691,235.0268828,403950.5429,267101.8168,66895.94817,2620.99391,67331.78405
Category,Weekly,11,Conventional,Raleigh/Greensboro,2026/03/15,0.867528963,829232.7664,352353.5219,89148.91854,349.0858363,387381.2401,234141.7163,89503.33095,2816.349279,60919.84357
Category,Weekly,10,Conventional,Raleigh/Greensboro,2026/03/08,0.875000584,808027.2627,303192.5871,94664.05857,379.6600783,409790.9569,292138.2402,54233.45718,1064.661467,62354.59814
Category,Weekly,9,Conventional,Raleigh/Greensboro,2026/03/01,0.866336152,790931.4646,305248.2301,87465.08936,420.2191267,397797.9261,285863.6088,47043.21531,214.9875,64676.11451
Category,Weekly,8,Conventional,Raleigh/Greensboro,2026/02/22,0.852454302,798591.2683,309769.3411,92508.06926,354.9543527,395958.9036,288739.1845,50350.4374,140.56875,56728.71295
Category,Weekly,7,Conventional,Raleigh/Greensboro,2026/02/15,0.866734273,756087.1968,299363.8232,82625.03179,272.803816,373825.538,243000.9308,68293.24228,278.775,62252.58986
Category,Weekly,6,Conventional,Raleigh/Greensboro,2026/02/08,0.819574284,879372.248,370833.5686,132775.3796,505.2221294,375258.0777,283609.5516,42307.50523,245.30625,49095.71466
Category,Weekly,5,Conventional,Raleigh/Greensboro,2026/02/01,0.890760017,716620.0283,269986.1297,83458.06246,311.6144944,362864.2217,263804.58,44867.92815,427.21875,53764.49477
Category,Weekly,4,Conventional,Raleigh/Greensboro,2026/01/25,0.906970531,793472.1719,254500.9723,82161.07844,293.6395771,456516.4816,321640.7992,58124.52097,518.9625,76232.19891
Category,Weekly,3,Conventional,Raleigh/Greensboro,2026/01/18,0.864146668,837879.88,313537.7413,97400.28379,475.1253615,426466.7295,306236.2151,47757.24245,408.7125,72064.55946
Category,Weekly,2,Conventional,Raleigh/Greensboro,2026/01/11,0.800983374,887218.8135,358599.733,105651.7315,298.6885002,422668.6605,289820.6083,61131.83789,449.26875,71266.94553
Category,Weekly,1,Conventional,Raleigh/Greensboro,2026/01/04,0.91293838,735142.1951,277750.4963,90661.76521,295.0453886,366434.8882,259223.6564,40653.12145,407.1375,66150.97291
Category,Weekly,12,Conventional,Richmond/Norfolk,2026/03/22,0.944938796,506192.3643,217345.94,70890.6488,130.8690373,217824.9065,153867.1054,21721.31189,13301.26715,28935.22207
Category,Weekly,11,Conventional,Richmond/Norfolk,2026/03/15,0.910802871,528437.3477,242139.0712,74085.19391,97.4008795,212115.6817,147968.0634,18218.74369,14294.96674,31633.90788
Category,Weekly,10,Conventional,Richmond/Norfolk,2026/03/08,0.913060099,522780.0869,247137.5414,77220.98956,126.9694209,198294.5865,130878.3688,27202.78367,9860.967784,30352.46624
Category,Weekly,9,Conventional,Richmond/Norfolk,2026/03/01,0.911401081,483876.6694,208559.8819,71440.11144,101.2321005,203775.444,131964.8884,28168.74851,13334.81643,30306.99068
Category,Weekly,8,Conventional,Richmond/Norfolk,2026/02/22,0.900703125,506104.2238,217501.3329,78728.66154,91.85948197,209782.3699,147518.7193,22490.6066,13653.4998,26119.54415
Category,Weekly,7,Conventional,Richmond/Norfolk,2026/02/15,0.928464668,478460.6212,200062.3694,71786.32685,119.0205648,206492.9044,148919.7045,14793.68165,15673.49434,27106.02389
Category,Weekly,6,Conventional,Richmond/Norfolk,2026/02/08,0.893851739,573423.6691,264650.066,100859.2827,232.1162062,207682.2042,149485.7404,16767.7349,12291.57666,29137.15221
Category,Weekly,5,Conventional,Richmond/Norfolk,2026/02/01,0.955887461,446258.9422,178990.6139,61543.86543,151.4594586,205573.0033,150166.0758,14344.69319,15260.52065,25801.71367
Category,Weekly,4,Conventional,Richmond/Norfolk,2026/01/25,0.996864727,542843.0695,214831.1005,87661.83214,140.1833065,240209.9536,159272.743,35204.80335,15474.18946,30258.21779
Category,Weekly,3,Conventional,Richmond/Norfolk,2026/01/18,0.930103096,527899.8155,205537.0091,79444.83451,119.3382466,242798.6336,163132.3087,37176.30764,17449.48897,25040.52828
Category,Weekly,2,Conventional,Richmond/Norfolk,2026/01/11,0.88370361,574366.7144,252031.7541,87676.66438,393.7651896,234264.5308,158568.9103,32450.64998,16981.49162,26263.47884
Category,Weekly,1,Conventional,Richmond/Norfolk,2026/01/04,0.955646284,470791.5045,196378.864,87879.67872,99.10092728,186433.8608,125606.9353,20469.21592,11249.59474,29108.11481
Category,Weekly,12,Conventional,Roanoke,2026/03/22,0.907285431,281652.7777,146380.0848,43850.33404,22.98033578,91399.37849,67816.47908,6883.14375,466.4640641,16233.2916
Category,Weekly,11,Conventional,Roanoke,2026/03/15,0.908766136,282665.6719,149850.5954,43753.75152,62.75969727,88998.56533,62859.57611,10390.14375,559.2939812,15189.55148
Category,Weekly,10,Conventional,Roanoke,2026/03/08,0.903086591,286025.3475,148822.2877,45136.49182,30.73268275,92035.83532,65749.03602,9856.6125,529.2771374,15900.90967
Category,Weekly,9,Conventional,Roanoke,2026/03/01,0.902226543,266747.9518,145477.1106,33036.25793,39.60996732,88194.9733,59068.35516,11427.9375,435.9734025,17262.70724
Category,Weekly,8,Conventional,Roanoke,2026/02/22,0.898399541,277596.2803,152670.5201,39546.04208,26.13735338,85353.58073,64639.63192,9173.0625,553.1060687,10987.78024
Category,Weekly,7,Conventional,Roanoke,2026/02/15,0.916047942,266039.2539,142134.5693,38048.12947,70.42125926,85786.13391,64919.23083,7963.4625,467.6809845,12435.75959
Category,Weekly,6,Conventional,Roanoke,2026/02/08,0.931300382,305022.8033,173872.8914,48475.5714,63.32267184,82611.01789,64447.66061,7430.45625,441.5158098,10291.38522
Category,Weekly,5,Conventional,Roanoke,2026/02/01,0.976028185,214630.5321,111285.1123,25933.08525,27.73059367,77384.60394,55901.81421,6024.375,349.9513305,15108.4634
Category,Weekly,4,Conventional,Roanoke,2026/01/25,0.99594533,313164.9787,142884.1675,52592.34709,51.43958008,117637.0245,86924.62197,12033.7875,574.5717636,18104.04324
Category,Weekly,3,Conventional,Roanoke,2026/01/18,0.930551475,283462.4369,141502.249,42786.12295,51.84686307,99122.21808,70430.47252,10808.76073,253.6457031,17629.33912
Category,Weekly,2,Conventional,Roanoke,2026/01/11,0.891433944,300361.6924,160731.4661,46748.22109,187.1841134,92694.82108,66294.25299,8371.154467,302.3037309,17727.1099
Category,Weekly,1,Conventional,Roanoke,2026/01/04,0.923664805,252118.4538,129827.1765,42658.87085,35.73987375,79596.66657,54497.22248,8694,259.1826538,16146.26143
Category,Weekly,12,Conventional,Sacramento,2026/03/22,1.010027951,843500.573,363298.3695,56208.27926,4642.894912,419351.0293,301044.6157,76191.15,3511.986983,38603.27666
Category,Weekly,11,Conventional,Sacramento,2026/03/15,0.992164193,841888.5605,330857.9448,65785.1322,3330.36106,441915.1224,351057.3961,58156.0875,2183.729505,30517.90931
Category,Weekly,10,Conventional,Sacramento,2026/03/08,1.013084009,869759.4648,349236.2237,63498.43992,3299.284981,453725.5162,374429.7721,46659.00591,4117.087689,28519.65054
Category,Weekly,9,Conventional,Sacramento,2026/03/01,1.003702173,815973.7899,321128.8687,55327.84003,2704.68882,436812.3924,370229.5481,36978.64622,2921.838161,26682.35989
Category,Weekly,8,Conventional,Sacramento,2026/02/22,0.940648536,862848.9775,385878.0246,58201.81275,3054.433053,415714.7071,332203.6678,41787.95826,3522.912585,38200.16846
Category,Weekly,7,Conventional,Sacramento,2026/02/15,1.00837848,763913.0551,302204.6623,43561.59081,2811.563646,415335.2383,338376.0439,39205.15429,10920.00106,26834.03907
Category,Weekly,6,Conventional,Sacramento,2026/02/08,0.972799175,1046273.571,460876.9345,74401.25358,3672.643579,507322.739,400955.4782,47013.50643,19824.05673,39529.69764
Category,Weekly,5,Conventional,Sacramento,2026/02/01,0.994702239,807027.0398,292874.1939,45268.96712,1746.581184,467137.2976,397344.4334,33658.93125,9190.422031,26943.51095
Category,Weekly,4,Conventional,Sacramento,2026/01/25,0.972464331,809146.3673,319293.821,49475.21103,1752.896253,438624.439,357630.1029,42042.525,5031.05099,33920.76009
Category,Weekly,3,Conventional,Sacramento,2026/01/18,0.908746532,885842.0631,372065.571,74288.22561,2146.150673,437342.1158,353311.2462,49198.66875,5808.600232,29023.60058
Category,Weekly,2,Conventional,Sacramento,2026/01/11,0.9895282,860789.318,318390.2331,58114.96726,2695.563423,481588.5542,405167.8049,37996.48125,2906.774571,35517.49351
Category,Weekly,1,Conventional,Sacramento,2026/01/04,0.926834015,829907.0274,386753.8853,60620.27432,1931.561705,380601.3061,326583.4581,24948.7875,4680.74143,24388.31911
Category,Weekly,12,Conventional,San Diego,2026/03/22,1.047070434,992815.9543,412795.9018,14053.70712,83799.18906,482167.1563,365873.5697,58560.28876,18765.81398,38967.48392
Category,Weekly,11,Conventional,San Diego,2026/03/15,1.015059705,1015505.975,456035.537,15906.40144,57927.43591,485636.6003,358053.2893,62471.68847,17599.37713,47512.24545
Category,Weekly,10,Conventional,San Diego,2026/03/08,1.05720827,986208.6569,410131.0422,18947.88952,70047.501,487082.2242,371918.8497,59823.41835,10793.82994,44546.12616
Category,Weekly,9,Conventional,San Diego,2026/03/01,0.98236578,974309.998,431326.651,17345.86473,59064.07969,466573.4026,349649.4087,66781.03693,9823.180328,40319.77663
Category,Weekly,8,Conventional,San Diego,2026/02/22,1.03607271,938740.7121,410793.4339,11990.86224,54598.57785,461357.8381,353453.3983,72012.88197,7765.607057,28125.95077
Category,Weekly,7,Conventional,San Diego,2026/02/15,1.004622636,928869.0041,385719.2631,15021.04966,63086.81595,465041.8754,343579.4923,62303.47641,33099.93293,26058.97374
Category,Weekly,6,Conventional,San Diego,2026/02/08,0.937761947,1243460.244,472947.3597,16312.29179,74131.46504,680069.127,500215.9453,82514.92359,52746.53343,44591.72463
Category,Weekly,5,Conventional,San Diego,2026/02/01,1.010560469,985980.6632,404540.7002,12008.40091,46009.81038,523421.7517,368408.0699,78049.13147,47727.01144,29237.5389
Category,Weekly,4,Conventional,San Diego,2026/01/25,1.023002251,956373.1895,409034.3767,11879.67241,44796.57639,490662.564,363679.2981,63650.36829,24497.08055,38835.81701
Category,Weekly,3,Conventional,San Diego,2026/01/18,0.950666583,1085162.929,409699.5533,15469.89627,55435.59748,604557.8819,423469.7557,91120.20705,21704.77651,68263.14266
Category,Weekly,2,Conventional,San Diego,2026/01/11,0.98159391,1144927.997,419959.0131,15226.00639,61428.2878,648314.6899,513490.0284,83885.10141,11550.59694,39388.96312
Category,Weekly,1,Conventional,San Diego,2026/01/04,1.017260519,948195.0274,405415.9715,25774.78735,58804.4073,458199.8612,348889.7052,65974.55386,19758.53959,23577.06256
Category,Weekly,12,Conventional,San Francisco,2026/03/22,1.167902852,1388938.733,606301.2472,95600.70986,9644.33361,677392.4423,472266.4359,108240.5625,9931.061569,86954.38236
Category,Weekly,11,Conventional,San Francisco,2026/03/15,1.260932959,1335120.546,536676.952,105157.8146,7842.780894,685442.9989,513322.0733,91917.7875,5420.434228,74782.70381
Category,Weekly,10,Conventional,San Francisco,2026/03/08,1.184044696,1388765.281,567592.476,129871.9443,7725.63546,683575.2249,540460.0811,66541.25625,7411.609616,69162.27792
Category,Weekly,9,Conventional,San Francisco,2026/03/01,1.238541811,1266811.806,504345.7505,77074.34937,6948.483335,678443.223,525644.5582,73913.7,5319.21967,73565.7452
Category,Weekly,8,Conventional,San Francisco,2026/02/22,1.12104315,1332855.309,618224.3366,61769.69255,6845.149464,646016.1301,525038.3842,50477.9625,5578.929296,64920.85407
Category,Weekly,7,Conventional,San Francisco,2026/02/15,1.191375832,1138652.661,471304.9155,53497.03602,7007.650853,606843.0584,476687.9186,43095.675,14982.42573,72077.03908
Category,Weekly,6,Conventional,San Francisco,2026/02/08,1.182071566,1774015.908,832880.2014,103725.2734,6540.56548,830869.8674,636916.0397,84982.0125,21512.32151,87459.4937
Category,Weekly,5,Conventional,San Francisco,2026/02/01,1.186062666,1249909.811,470892.0916,79917.71089,4703.600932,694396.4079,564331.3921,47933.41875,13703.00523,68428.59181
Category,Weekly,4,Conventional,San Francisco,2026/01/25,1.187098421,1327696.169,571849.3069,50596.68853,4801.466333,700448.7072,565699.9486,53855.2875,7325.96293,73567.50817
Category,Weekly,3,Conventional,San Francisco,2026/01/18,1.131160526,1407091.475,605921.6519,100337.5225,5435.606005,695396.6944,580896.4173,44824.2375,7472.596948,62203.44272
Category,Weekly,2,Conventional,San Francisco,2026/01/11,1.243790112,1419653.973,522460.8073,80043.98892,6688.206159,810460.9709,650428.9623,66309.46875,4648.548281,89073.99154
Category,Weekly,1,Conventional,San Francisco,2026/01/04,1.144294189,1276943.648,616884.5138,69016.79043,4873.997048,586168.3472,492355.9352,35458.2375,6379.366034,51974.80847
Category,Weekly,12,Conventional,Seattle,2026/03/22,1.216266172,868853.3916,378153.7096,110375.637,40866.43724,339457.6078,244874.2079,49120.96875,28365.88158,17096.54954
Category,Weekly,11,Conventional,Seattle,2026/03/15,1.297159774,817789.3418,304245.8824,134475.0698,41745.41299,337322.9766,232393.6993,47754.2625,40542.28925,16632.72554
Category,Weekly,10,Conventional,Seattle,2026/03/08,1.320449164,875981.1827,272044.5459,167121.3178,108432.7014,328382.6176,226581.0229,72798.46875,10262.80451,18740.32144
Category,Weekly,9,Conventional,Seattle,2026/03/01,1.380231193,775427.9078,280418.8256,140607.7887,47609.84528,306791.4482,232188.7151,45381.65625,10595.42478,18625.65205
Category,Weekly,8,Conventional,Seattle,2026/02/22,1.349415046,760942.7818,271005.0399,146654.0513,42882.91772,300400.7729,220599.9128,50448.5625,10659.82394,18692.47362
Category,Weekly,7,Conventional,Seattle,2026/02/15,1.213480718,742296.0336,291401.5374,153718.6578,36728.84792,260446.9905,204516.2202,28934.98125,10133.3162,16862.47282
Category,Weekly,6,Conventional,Seattle,2026/02/08,1.307079793,1001660.253,315623.7152,228667.2107,118948.5299,338420.7973,269517.5365,18090.58125,29443.80262,21368.87694
Category,Weekly,5,Conventional,Seattle,2026/02/01,1.423075118,730246.7138,241480.9615,138211.8779,34924.25951,315629.6149,231066.4636,25292.26875,40233.12847,19037.75402
Category,Weekly,4,Conventional,Seattle,2026/01/25,1.260090548,824674.0841,343888.9106,162848.9165,23873.83008,294062.4269,212426.9787,41641.1625,19880.10106,20114.18468
Category,Weekly,3,Conventional,Seattle,2026/01/18,1.467078678,743568.9973,264261.5892,138673.8685,33140.15288,307493.3868,214007.3258,47359.2,27311.54534,18815.31567
Category,Weekly,2,Conventional,Seattle,2026/01/11,1.395545058,847321.0268,308711.6577,172774.6426,25772.82986,340061.8966,262618.0649,47312.86875,8266.692145,21864.27076
Category,Weekly,1,Conventional,Seattle,2026/01/04,1.368212651,780359.4691,309750.9682,155952.7852,31814.06719,282841.6486,222804.7078,32647.65,7290.979278,20098.31147
Category,Weekly,12,Conventional,Spokane,2026/03/22,1.026606501,123547.6633,65672.57613,7126.127463,6638.569192,44110.39052,36029.92867,5088.0375,2677.42435,315
Category,Weekly,11,Conventional,Spokane,2026/03/15,1.13043762,122001.249,55250.82869,11510.46422,7831.323568,47408.63249,40784.38875,2675.4,3438.679407,510.1643363
Category,Weekly,10,Conventional,Spokane,2026/03/08,1.128838622,125613.0729,60163.4084,14010.11205,7629.168407,43810.3841,39166.19658,3035.55,785.7407312,822.8967905
Category,Weekly,9,Conventional,Spokane,2026/03/01,1.153703651,113096.191,51264.44409,10386.9964,7717.82777,43726.92273,39097.99728,2914.275,911.2270319,803.4234144
Category,Weekly,8,Conventional,Spokane,2026/02/22,1.171940312,111445.3861,47110.23282,11792.08894,7027.903703,45515.16061,41062.36219,2899.575,777.4686597,775.7547669
Category,Weekly,7,Conventional,Spokane,2026/02/15,1.121879521,109816.9905,46166.60626,13796.41256,6825.668287,43028.3034,36634.38287,4872.13125,772.3836901,749.4055895
Category,Weekly,6,Conventional,Spokane,2026/02/08,1.055007408,143696.2285,59317.76706,21642.98238,11343.84346,51391.63566,39601.48911,8753.85,2534.124988,502.1715635
Category,Weekly,5,Conventional,Spokane,2026/02/01,1.156905751,105666.9178,43180.29443,12989.76969,6387.825502,43109.02823,35467.76072,4337.41875,2978.078937,325.7698182
Category,Weekly,4,Conventional,Spokane,2026/01/25,1.064227863,116897.414,53968.3055,13855.08825,4972.555464,44101.46479,38694.98325,2844.45,2066.727173,495.3043701
Category,Weekly,3,Conventional,Spokane,2026/01/18,1.222586724,115688.792,46491.07618,12468.22394,6480.981755,50248.51012,44576.40626,2877.525,2376.673615,417.9052414
Category,Weekly,2,Conventional,Spokane,2026/01/11,1.174184082,133212.2421,54377.2024,19949.05284,5058.968643,53827.01818,49855.2147,2848.125,732.7277985,390.9506836
Category,Weekly,1,Conventional,Spokane,2026/01/04,1.162975335,118687.2238,52285.88291,17401.18081,6002.971566,42997.18853,27332.54399,14229.6,996.2373203,438.8072219
Category,Weekly,12,Conventional,St. Louis,2026/03/22,0.771852222,396023.3277,219190.5169,13622.83774,12.23878764,163197.7343,142800.1917,12819.58125,2.75625,7575.205082
Category,Weekly,11,Conventional,St. Louis,2026/03/15,0.745292238,399414.0546,224897.5083,12620.49228,56.91306815,161839.1409,132800.2388,11465.475,0,17573.42708
Category,Weekly,10,Conventional,St. Louis,2026/03/08,0.728357068,407268.8235,237469.5096,7957.418675,3.341553275,161838.5537,134592.4436,11008.2,0,16237.91005
Category,Weekly,9,Conventional,St. Louis,2026/03/01,0.721063216,402660.7613,229549.7673,10497.58052,9.820651525,162603.5928,141942.8727,12478.59375,0,8182.126381
Category,Weekly,8,Conventional,St. Louis,2026/02/22,0.741342223,408300.4549,227998.4831,12416.81405,18.20955714,167866.9482,148418.9822,8064,44.1,11339.86593
Category,Weekly,7,Conventional,St. Louis,2026/02/15,0.743503738,367641.6086,206757.8186,10441.42701,8.480762676,150433.8822,124634.6092,13857.50625,49.6125,11892.15427
Category,Weekly,6,Conventional,St. Louis,2026/02/08,0.685354275,519048.8102,329135.1086,13169.03912,13.90310157,176730.7594,144747.4043,18498.375,11.025,13473.9551
Category,Weekly,5,Conventional,St. Louis,2026/02/01,0.783424608,364061.1857,214622.5371,8537.423342,4.478730829,140896.7465,118539.2226,7741.3875,33.075,14583.06146
Category,Weekly,4,Conventional,St. Louis,2026/01/25,0.794148992,410404.8566,219034.4919,8929.202589,7.992412484,182433.1697,151716.7294,10672.59375,126.7875,19917.05909
Category,Weekly,3,Conventional,St. Louis,2026/01/18,0.786579647,396314.5938,211490.3566,10403.89186,16.82968583,174403.5157,123198.6728,28859.11875,8.26875,22337.45545
Category,Weekly,2,Conventional,St. Louis,2026/01/11,0.77045621,407017.5167,223407.5541,9203.06604,39.09188934,174367.8047,134574.9533,27643.48125,13.78125,12135.58884
Category,Weekly,1,Conventional,St. Louis,2026/01/04,0.696421694,416657.3929,259053.0111,9403.720808,23.90993916,148176.7511,106426.1239,34240.5,74.41875,7435.708425
Category,Weekly,12,Conventional,Syracuse,2026/03/22,0.849917067,140831.8928,54226.22063,23330.25191,315.6586164,62959.76166,59756.88334,2524.725,95.46850945,582.6848131
Category,Weekly,11,Conventional,Syracuse,2026/03/15,0.8463582,142172.9446,52134.10946,25629.69503,387.7695322,64021.37053,59057.01299,4326.95108,37.15195334,600.2545048
Category,Weekly,10,Conventional,Syracuse,2026/03/08,0.838468797,148508.1529,57697.68573,26161.33507,353.7400783,64295.39204,60472.76129,3066.7875,95.05617875,660.7870764
Category,Weekly,9,Conventional,Syracuse,2026/03/01,0.824139945,143745.5431,54264.92692,28478.03279,243.0924526,60759.49097,56032.70084,4075.575,26.28477917,624.9303566
Category,Weekly,8,Conventional,Syracuse,2026/02/22,0.828668452,139158.8384,53308.95849,22454.56194,315.1827775,63080.13515,57301.42636,5104.05,46.49872641,628.160068
Category,Weekly,7,Conventional,Syracuse,2026/02/15,0.808898516,133658.7084,52487.04383,25226.51645,271.9849281,55673.16322,50646.50139,4350.01875,46.68628919,629.9567922
Category,Weekly,6,Conventional,Syracuse,2026/02/08,0.78759365,170511.7084,73922.61733,31865.99717,257.651943,64465.44199,59256.15047,4516.575,53.31267508,639.4038458
Category,Weekly,5,Conventional,Syracuse,2026/02/01,0.798605248,131172.5539,53723.54628,23853.70722,218.0677251,53377.23264,49158.04821,3554.775,51.25866501,613.1507693
Category,Weekly,4,Conventional,Syracuse,2026/01/25,0.852606919,153171.4349,58763.84241,29454.57333,390.9082226,64562.11091,59904.67044,3771.3375,28.32284042,857.7801297
Category,Weekly,3,Conventional,Syracuse,2026/01/18,0.844161027,144132.1668,53419.29047,28443.10738,461.5696586,61808.19926,57052.80454,3578.191149,48.53756418,1128.666008
Category,Weekly,2,Conventional,Syracuse,2026/01/11,0.813320668,155622.2265,60701.64457,29766.04721,373.4704243,64781.06434,57968.90378,3933.16875,52.56492242,2826.426886
Category,Weekly,1,Conventional,Syracuse,2026/01/04,0.807574805,138160.7071,53791.80332,29905.21408,309.9986866,54153.69102,50393.16465,3018.4875,34.3730254,707.6658503
Category,Weekly,12,Conventional,Tampa,2026/03/22,0.792274222,1061084.647,553611.1705,29695.32315,16.01261681,477762.1405,403737.6878,56790.5625,126.7875,17107.10273
Category,Weekly,11,Conventional,Tampa,2026/03/15,0.779934539,1052492.109,551525.3908,23480.9976,6.913264608,477478.8071,398800.5643,65837.1,217.74375,12623.39904
Category,Weekly,10,Conventional,Tampa,2026/03/08,0.784261455,1073231.155,512073.0097,82639.80754,0.944999975,478517.3926,406256.0857,55341.95625,278.38125,16640.96937
Category,Weekly,9,Conventional,Tampa,2026/03/01,0.76862811,1068213.632,442499.8276,141533.5587,12.24846122,484167.9974,413748.7634,57032.0625,157.10625,13230.06525
Category,Weekly,8,Conventional,Tampa,2026/02/22,0.780460947,1055929.714,450913.0607,136566.8619,4.083067071,468445.7082,382451.1143,66722.775,259.0875,19012.73141
Category,Weekly,7,Conventional,Tampa,2026/02/15,0.780360477,1007767.82,477708.7363,104341.0942,13.60564117,425704.3841,330541.0321,80077.08877,298.8836006,14787.37959
Category,Weekly,6,Conventional,Tampa,2026/02/08,0.785780543,1197720.751,570183.5845,149669.3944,23.89628381,477843.8757,389250.8129,72105.60331,314.8013534,16172.65809
Category,Weekly,5,Conventional,Tampa,2026/02/01,0.765947793,1191804.178,417825.8423,92665.47778,26.09429119,681286.7634,613608.9337,49616.15892,419.8084587,17641.86236
Category,Weekly,4,Conventional,Tampa,2026/01/25,0.859660171,1000063.168,411644.8003,132311.4997,48.92690387,456057.9414,391468.4798,51498.16875,444.9375,12646.35539
Category,Weekly,3,Conventional,Tampa,2026/01/18,0.840979113,1045180.35,426091.7742,110017.8318,34.00780868,509036.7364,444748.7122,51652.9125,550.06875,12085.04297
Category,Weekly,2,Conventional,Tampa,2026/01/11,0.832918369,1095336.967,478709.4261,101292.8124,24.18333548,515310.5449,438037.8436,60443.775,524.86875,16304.05748
Category,Weekly,1,Conventional,Tampa,2026/01/04,0.877085587,951852.2421,442153.3085,93700.67723,23.04643667,415975.2099,336085.5474,63301.21875,525.2625,16063.18125
Category,Weekly,12,Conventional,Toledo,2026/03/22,0.933318135,216550.2003,87264.76447,51459.80715,16386.54443,61439.08422,49873.21946,10773.13125,342.8101618,449.9233466
Category,Weekly,11,Conventional,Toledo,2026/03/15,0.973512671,196523.7127,78251.30859,46297.94014,7359.724187,64614.73974,50947.17956,12675.20625,414.6145889,577.7393406
Category,Weekly,10,Conventional,Toledo,2026/03/08,0.958629398,209525.7313,80983.98808,54487.30187,13250.86844,60803.57286,51252.82408,8808.84375,191.2087744,550.6962629
Category,Weekly,9,Conventional,Toledo,2026/03/01,0.977417487,201592.3458,78029.46148,43008.69246,19785.08056,60769.11132,46580.03598,13473.075,186.4721958,529.5281465
Category,Weekly,8,Conventional,Toledo,2026/02/22,0.983601157,202952.8317,81198.62116,44273.39249,15831.20158,61649.6165,46723.10464,14406.91875,0,519.5931132
Category,Weekly,7,Conventional,Toledo,2026/02/15,0.988202992,184427.4482,79167.98789,35763.16411,14013.16973,55483.12647,47176.55428,7851.1125,0,455.4596885
Category,Weekly,6,Conventional,Toledo,2026/02/08,0.955200207,230953.3027,93897.01903,54969.98948,19285.66425,62800.62994,51473.11176,10788.4875,0,539.0306823
Category,Weekly,5,Conventional,Toledo,2026/02/01,0.965925872,156534.2993,72976.61506,20534.1349,5514.943379,57508.60593,51783.13644,5040.39375,16.5375,668.5382399
Category,Weekly,4,Conventional,Toledo,2026/01/25,1.002879664,223543.7747,86838.29148,54640.48797,13167.72326,68897.27198,57188.90594,10919.7375,5.5125,783.1160375
Category,Weekly,3,Conventional,Toledo,2026/01/18,0.997879078,207246.2006,76780.42594,50232.34447,17495.36687,62738.06334,54381.79086,7910.83125,5.5125,439.9287368
Category,Weekly,2,Conventional,Toledo,2026/01/11,0.997387882,211693.4645,88408.92093,48739.28449,15184.09489,59361.16416,47492.42763,11131.3125,5.5125,731.9115337
Category,Weekly,1,Conventional,Toledo,2026/01/04,0.969336548,190866.9668,77029.88836,45082.16849,14892.59235,53862.3176,48518.73646,4700.325,0,643.2561391
Category,Weekly,12,Conventional,West Tex/New Mexico,2026/03/22,0.810530659,1152261.974,506703.9858,126732.536,10909.79889,507915.6532,433540.4912,72445.0125,1286.38125,643.768227
Category,Weekly,11,Conventional,West Tex/New Mexico,2026/03/15,0.801847404,1127722.032,490161.7738,92860.10008,23192.11186,521508.0462,446238.0908,70045.2375,4519.4625,705.2553257
Category,Weekly,10,Conventional,West Tex/New Mexico,2026/03/08,0.798788212,1202394.457,542385.6898,114863.4941,10077.63929,535067.634,464753.173,66344.5125,3296.08125,673.8672295
Category,Weekly,9,Conventional,West Tex/New Mexico,2026/03/01,0.818452179,1121572.201,479796.7905,92850.09715,12610.63968,536314.674,470261.4016,62630.6625,2656.63125,765.9786336
Category,Weekly,8,Conventional,West Tex/New Mexico,2026/02/22,0.752794785,1205656.609,507669.7697,141983.9958,7341.902021,548660.9416,470413.5362,74738.7375,2495.19375,1013.47418
Category,Weekly,7,Conventional,West Tex/New Mexico,2026/02/15,0.803312311,1134024.275,548870.1686,88642.67396,11537.23045,484974.2023,412113.0309,67853.625,3413.41875,1594.12757
Category,Weekly,6,Conventional,West Tex/New Mexico,2026/02/08,0.781260971,1340560.961,580732.9544,141532.2145,25030.07021,593265.7221,494778.5252,93096.4125,3643.36875,1747.415651
Category,Weekly,5,Conventional,West Tex/New Mexico,2026/02/01,0.863175802,970929.6955,438601.1648,88569.63633,15475.16026,428283.7341,355704.7242,67789.05,3443.7375,1346.222428
Category,Weekly,4,Conventional,West Tex/New Mexico,2026/01/25,0.819536113,1148969.851,473852.9994,101811.0469,8546.374621,564759.43,488679.2363,67707.4125,6215.7375,2157.043647
Category,Weekly,3,Conventional,West Tex/New Mexico,2026/01/18,0.86314239,1087761.833,447798.8034,90243.62751,10971.45485,538747.9471,470654.1614,61220.64375,4480.48125,2392.660727
Category,Weekly,2,Conventional,West Tex/New Mexico,2026/01/11,0.81440744,1180028.809,486974.7376,147783.183,7570.465176,537700.423,468910.5852,62315.925,4055.625,2418.287788
Category,Weekly,1,Conventional,West Tex/New Mexico,2026/01/04,0.841102496,998230.5854,439655.2415,114511.9073,8843.817597,435219.6191,375077.754,54706.3125,3524.45625,1911.096302
Category,Weekly,12,Conventional,Wichita,2026/03/22,0.915815124,144337.2557,84560.94628,24696.21494,0,35080.09449,25561.1858,4545.1875,4165.379682,808.3415023
Category,Weekly,11,Conventional,Wichita,2026/03/15,0.9061255,142626.9972,79853.87174,26805.84587,10.39300654,35956.8866,24715.77804,4650.7125,5813.407459,776.9885937
Category,Weekly,10,Conventional,Wichita,2026/03/08,0.898650758,165026.6608,80432.79777,29397.00939,0,55196.8536,45856.76995,4879.35,3643.913931,816.8197148
Category,Weekly,9,Conventional,Wichita,2026/03/01,0.913635978,155206.0587,75681.48102,26420.13701,1.023498344,53103.41714,44011.72684,4670.925,3645.886195,774.8791079
Category,Weekly,8,Conventional,Wichita,2026/02/22,0.89098754,164560.6851,71298.28953,31073.90753,0,62188.48803,53754.79984,4716.6,2864.729534,852.3586473
Category,Weekly,7,Conventional,Wichita,2026/02/15,0.932030282,158664.4011,80411.00447,27159.7035,2.048569096,51091.64456,42821.59067,4408.425,3163.25941,698.3694773
Category,Weekly,6,Conventional,Wichita,2026/02/08,0.932277152,183471.5898,87652.87964,36677.58346,0,59141.1267,48757.79112,4459.35,5055.497209,868.4883703
Category,Weekly,5,Conventional,Wichita,2026/02/01,0.938816397,122611.7104,57014.52101,20219.94157,7.323846103,45369.92394,35333.79965,4276.125,4934.337805,825.6614906
Category,Weekly,4,Conventional,Wichita,2026/01/25,0.912739382,181797.804,87445.33314,33264.1758,5.126109658,61083.16889,48272.50525,6642.3,4930.208053,1238.15559
Category,Weekly,3,Conventional,Wichita,2026/01/18,0.963916701,156699.9065,77194.65507,25258.96262,1.02511232,54245.26375,44670.1296,4561.2,4278.817928,735.1162201
Category,Weekly,2,Conventional,Wichita,2026/01/11,0.964319679,163787.652,72976.84376,30404.06416,0,60406.74408,50561.23511,6186.075,2982.563189,676.8707803
Category,Weekly,1,Conventional,Wichita,2026/01/04,0.886376259,150341.0785,75776.14018,28925.06865,8.275609052,45631.59406,37229.42661,4691.6625,2949.323313,761.1816435
Category,Weekly,12,Conventional,California,2026/03/22,1.067253102,10224993.93,4342592.802,393137.3153,923500.048,4565763.768,3396649.891,563369.0038,223266.2868,382478.5866
Category,Weekly,11,Conventional,California,2026/03/15,1.092411749,10203711.1,4556269.497,402730.9962,606540.0683,4638170.536,3407576.7,596002.1231,196426.6313,438165.0816
Category,Weekly,10,Conventional,California,2026/03/08,1.09379593,10302232.43,4449326.654,484054.2736,683039.2597,4685812.238,3590269.286,484824.8455,131541.6544,479176.4514
Category,Weekly,9,Conventional,California,2026/03/01,1.066275566,9675488.764,4232231.813,342845.5123,673449.7125,4426961.726,3358172.944,504469.6113,121069.3481,443249.823
Category,Weekly,8,Conventional,California,2026/02/22,1.061957966,9653268.17,4485538.453,300276.3311,539790.8962,4327662.49,3343566.202,466466.4098,113968.5177,403661.3599
Category,Weekly,7,Conventional,California,2026/02/15,1.05935202,9208285.164,3959617.223,271427.7484,591762.9745,4385477.218,3259895.686,440219.9419,333308.7516,352052.839
Category,Weekly,6,Conventional,California,2026/02/08,1.014772676,12672381.32,5121867.369,416188.2273,847655.1299,6286670.596,4616202.905,528019.2911,627570.0641,514878.335
Category,Weekly,5,Conventional,California,2026/02/01,1.059379068,9936017.967,4057805.024,307185.0927,477223.6997,5093804.15,3713677.936,558180.5952,459771.214,362174.404
Category,Weekly,4,Conventional,California,2026/01/25,1.066560948,9887970.173,4273642.945,260790.9642,447251.8861,4906284.378,3750685.268,499081.9742,243387.3924,413129.7428
Category,Weekly,3,Conventional,California,2026/01/18,1.009093471,10688214.18,4336655.657,419431.5399,587293.4163,5344833.564,4042425.087,645985.5334,207532.6003,448890.3431
Category,Weekly,2,Conventional,California,2026/01/11,1.044107438,11218248.54,4276427.254,359486.8805,566646.6195,6015687.784,4876956.632,580043.668,106049.1333,452638.351
Category,Weekly,1,Conventional,California,2026/01/04,1.038539064,10017652.45,4460852.195,369812.5937,591604.9504,4595382.714,3681642.731,439166.0354,164207.6324,310366.3151
Category,Weekly,12,Conventional,Great Lakes,2026/03/22,0.897542714,7320214.659,3101338.463,1316730.206,430150.1512,2471995.838,1975438.612,281031.1386,88422.89639,127103.1911
Category,Weekly,11,Conventional,Great Lakes,2026/03/15,0.910092996,7228139.067,3178154.284,1176512.947,193014.6372,2680457.199,2163022.684,302258.3813,94949.07581,120227.0582
Category,Weekly,10,Conventional,Great Lakes,2026/03/08,0.907348802,7411300.524,3090118.727,1391015.57,324113.7943,2606052.432,2171051.208,249730.6875,45281.99083,139988.5456
Category,Weekly,9,Conventional,Great Lakes,2026/03/01,0.892766262,7382232.392,3009213.168,1302522.262,508448.7101,2562048.252,2112100.178,296395.9688,45405.10954,108146.9952
Category,Weekly,8,Conventional,Great Lakes,2026/02/22,0.886354581,7421864.413,3043586.336,1366312.196,415612.8296,2596353.052,2155988.887,281618.2688,33249.48991,125496.4064
Category,Weekly,7,Conventional,Great Lakes,2026/02/15,0.911635877,6630205.244,2791829.427,1171206.446,358865.6606,2308303.711,1910884.847,225164.1,35286.73181,136968.032
Category,Weekly,6,Conventional,Great Lakes,2026/02/08,0.836392676,8692794.899,3957122.415,1603434.939,502128.2215,2630109.324,2156574.607,278187.7875,52591.90124,142755.0276
Category,Weekly,5,Conventional,Great Lakes,2026/02/01,0.895605584,6470042.78,3042160.15,835997.8808,162927.119,2428957.63,1956407.478,291228.2625,57398.68569,123923.2036
Category,Weekly,4,Conventional,Great Lakes,2026/01/25,0.915348613,7448440.316,3095715.072,1469565.571,338713.2145,2544446.458,2122884.562,261126.8625,47896.79061,112538.2433
Category,Weekly,3,Conventional,Great Lakes,2026/01/18,0.90846543,7299570.117,2941644.238,1370138.521,489003.3712,2498783.987,2039306.437,248255.3063,34693.07367,176529.1701
Category,Weekly,2,Conventional,Great Lakes,2026/01/11,0.878820082,8028612.544,3495277.181,1494876.183,419135.747,2619323.432,2179922.829,301430.4563,22961.78904,115008.3577
Category,Weekly,1,Conventional,Great Lakes,2026/01/04,0.876623212,6875930.874,2936361.767,1270634.834,466973.1123,2201961.162,1898233.394,186275.6438,25361.19164,92090.9328
Category,Weekly,12,Conventional,Midsouth,2026/03/22,0.907830473,7202120.84,3144885.059,797804.3903,15923.12672,3243508.264,2353412.742,483001.5199,62637.83118,344456.1704
Category,Weekly,11,Conventional,Midsouth,2026/03/15,0.89749875,7274998.807,3251894.255,816071.6223,8907.165337,3198125.764,2267974.575,520514.7129,92173.97463,317462.502
Category,Weekly,10,Conventional,Midsouth,2026/03/08,0.884573975,7352825.749,3222505.355,917614.8569,13139.33434,3199566.203,2320994.357,514168.9528,43066.00941,321336.8835
Category,Weekly,9,Conventional,Midsouth,2026/03/01,0.896303644,6919116.673,2906878.337,842237.6417,20398.79452,3149601.899,2245437.779,526036.3673,36842.00555,341285.7477
Category,Weekly,8,Conventional,Midsouth,2026/02/22,0.886441367,7110926.454,2944734.214,901900.6686,15317.73631,3248973.836,2368483.14,565889.1484,35342.34514,279259.2025
Category,Weekly,7,Conventional,Midsouth,2026/02/15,0.892749554,6795773.689,2921562.101,827748.7399,15054.93362,3031407.914,2217891.645,472204.0712,39617.68001,301694.5178
Category,Weekly,6,Conventional,Midsouth,2026/02/08,0.864605929,7965270.063,3583072.14,1141809.581,22424.88861,3217963.454,2429158.62,491959.8114,29257.76247,267587.2593
Category,Weekly,5,Conventional,Midsouth,2026/02/01,0.913952184,5833798.1,2400701.747,644946.3285,8875.20963,2779274.814,2096885.709,369805.2972,35282.16304,277301.6456
Category,Weekly,4,Conventional,Midsouth,2026/01/25,0.917077587,7758404.351,3037476.125,957440.4717,15232.96254,3748254.792,2723793.271,614677.3027,40520.31139,369263.9069
Category,Weekly,3,Conventional,Midsouth,2026/01/18,0.902204562,7371377.294,2947178.742,912756.2676,18439.15006,3493003.135,2525899.193,582125.2624,41630.08642,343348.5927
Category,Weekly,2,Conventional,Midsouth,2026/01/11,0.880077491,7756476.984,3368531.054,993960.531,15231.26187,3378754.137,2392701.645,598559.5268,37775.94708,349717.0183
Category,Weekly,1,Conventional,Midsouth,2026/01/04,0.920593899,6514410.134,2761416.234,895434.5994,14873.13493,2842686.166,2045885.708,441658.0357,29549.35617,325593.0663
Category,Weekly,12,Conventional,Northeast,2026/03/22,0.941752531,9498828.316,2657496.352,2344669.741,29691.32202,4466970.902,4025446.979,270271.8997,91515.28134,79736.7419
Category,Weekly,11,Conventional,Northeast,2026/03/15,0.956840512,9744238.555,2640095.724,2419270.925,25419.83203,4659452.074,3988700.597,483241.6862,103378.8321,84130.95921
Category,Weekly,10,Conventional,Northeast,2026/03/08,0.960424554,9430626.395,2611418.357,2608845.055,38448.19253,4171914.789,3520119.554,474343.873,102658.3214,74793.04134
Category,Weekly,9,Conventional,Northeast,2026/03/01,0.951079118,8695057.604,2545596.078,1986235.759,115753.772,4047471.995,3394402.387,520822.9776,60032.88414,72213.74678
Category,Weekly,8,Conventional,Northeast,2026/02/22,0.9397539,9406326.272,2646549.457,2520964.077,63191.53651,4175621.202,3393632.806,600215.8226,93908.74154,87863.83155
Category,Weekly,7,Conventional,Northeast,2026/02/15,0.888298068,9489489.904,2899604.383,2737614.313,110881.237,3741389.971,3091066.452,511130.5297,59812.04757,79380.94236
Category,Weekly,6,Conventional,Northeast,2026/02/08,0.942702921,11523433.74,3367935.91,3605950.016,294044.4501,4255503.365,3512259.239,545851.82,109653.6411,87738.66516
Category,Weekly,5,Conventional,Northeast,2026/02/01,0.906632438,8361751.013,2574517.309,2250934.496,134736.9536,3401562.255,2911841.403,375689.5754,43407.3181,70623.958
Category,Weekly,4,Conventional,Northeast,2026/01/25,0.95383484,10932770.42,2954899.65,2660744.819,100449.7656,5216676.184,4469099.315,554984.2857,73039.66918,119552.9134
Category,Weekly,3,Conventional,Northeast,2026/01/18,0.965268691,9366622.554,2522998.153,2314483.835,215763.7598,4313376.806,3582738.615,550224.81,59158.15273,121255.228
Category,Weekly,2,Conventional,Northeast,2026/01/11,0.938406502,9784387.925,2745467.915,2163008.192,46574.64194,4829337.176,4102696.765,524727.8872,66234.0059,135678.5188
Category,Weekly,1,Conventional,Northeast,2026/01/04,0.897317917,9094761.029,2709430.597,2743148.387,82028.37753,3560153.666,3005016.45,367116.8126,65312.79848,122707.6052
Category,Weekly,12,Conventional,Plains,2026/03/22,0.805895425,3371353.626,1766241.557,314609.0113,27699.65652,1262803.402,1033431.411,127225.4813,16554.26578,85592.24327
Category,Weekly,11,Conventional,Plains,2026/03/15,0.824092612,3521965.331,1856766.402,283864.9533,37699.32718,1343634.648,1077009.362,132873.668,23603.91564,110147.7023
Category,Weekly,10,Conventional,Plains,2026/03/08,0.834735641,3624775.858,1831285.621,304179.444,18388.82184,1470921.971,1217437.192,125285.8688,18583.30322,109615.6066
Category,Weekly,9,Conventional,Plains,2026/03/01,0.802656755,3608255.436,1817876.672,293955.8538,25786.89276,1470636.018,1222093.257,130663.553,18022.13186,99857.07626
Category,Weekly,8,Conventional,Plains,2026/02/22,0.819670432,3526883.764,1747909.552,303285.6219,31588.43799,1444100.153,1191407.38,133490.0308,15376.34783,103826.3945
Category,Weekly,7,Conventional,Plains,2026/02/15,0.807860471,3413373.27,1772115.061,283176.4816,13753.3712,1344328.357,1081279.158,147163.2442,15892.61149,99993.34302
Category,Weekly,6,Conventional,Plains,2026/02/08,0.755717853,4284031.367,2404151.787,359870.5008,15631.62295,1504377.456,1189986.88,173435.0625,18976.76162,121978.7513
Category,Weekly,5,Conventional,Plains,2026/02/01,0.836761153,3168307.191,1608892.233,264118.8717,11931.48676,1283364.6,1018728.998,134012.2875,19925.27802,110698.0366
Category,Weekly,4,Conventional,Plains,2026/01/25,0.849027813,3458199.726,1655883.716,334624.7784,16177.71039,1451513.521,1153657.98,171487.9688,21594.28006,104773.2921
Category,Weekly,3,Conventional,Plains,2026/01/18,0.822013735,3515166.624,1674595.38,308679.4865,16880.17007,1515011.587,1241357.207,144263.5688,18190.56587,111200.2448
Category,Weekly,2,Conventional,Plains,2026/01/11,0.821113134,3599425.915,1704323.07,316944.4329,13372.86956,1564785.542,1296188.856,141588.4313,16683.38494,110324.8692
Category,Weekly,1,Conventional,Plains,2026/01/04,0.767297462,3454006.262,1815233.776,332299.8931,17274.06068,1289198.531,1054531.317,127442.0438,16527.74837,90697.42247
Category,Weekly,12,Conventional,South Central,2026/03/22,0.786431752,7680347.045,3574414.683,757149.9636,213019.5007,3135762.898,2655925.159,381963.6393,64050.03137,33824.06785
Category,Weekly,11,Conventional,South Central,2026/03/15,0.764200483,7698346.978,3706208.178,623337.2587,186318.0947,3182483.446,2704602.346,368583.8377,78012.23596,31285.02616
Category,Weekly,10,Conventional,South Central,2026/03/08,0.746076566,8200129.51,3919868.401,748853.7235,214998.5687,3316408.817,2891615.961,335949.2387,52878.0453,35965.57183
Category,Weekly,9,Conventional,South Central,2026/03/01,0.748395748,7926915.074,3951910.745,548248.633,206256.2594,3220499.436,2743121.667,391997.2552,50405.3265,34975.18718
Category,Weekly,8,Conventional,South Central,2026/02/22,0.722819755,8318188.703,3582152.27,638999.811,219940.8316,3877095.791,3338931.226,430425.8692,70117.33472,37621.36124
Category,Weekly,7,Conventional,South Central,2026/02/15,0.761321346,7557115.549,3721506.043,557761.8457,166771.9451,3111075.716,2633318.835,349112.537,88478.76801,40165.5757
Category,Weekly,6,Conventional,South Central,2026/02/08,0.747572586,8639635.246,3926866.096,962192.4355,227349.3577,3523227.357,2976090.439,358772.0663,145859.8174,42505.03414
Category,Weekly,5,Conventional,South Central,2026/02/01,0.778983138,6206401.157,2824440.555,570548.9519,152485.3404,2658926.31,2187206.06,292979.9866,138979.9814,39760.2821
Category,Weekly,4,Conventional,South Central,2026/01/25,0.764878504,8956530.586,4244991.281,688387.2972,226138.3362,3797013.673,3086678.914,503334.638,148290.9842,58709.13601
Category,Weekly,3,Conventional,South Central,2026/01/18,0.782717711,7934105.892,3786355.107,516117.6807,133169.1556,3498463.948,2948706.198,387313.0051,114682.9311,47761.81462
Category,Weekly,2,Conventional,South Central,2026/01/11,0.759652493,8442038.776,4109544.521,556686.6478,175600.7326,3600206.875,3093004.338,373272.722,81706.18678,52223.62841
Category,Weekly,1,Conventional,South Central,2026/01/04,0.781171421,7031700.07,3414151.507,572252.4499,159672.3456,2885623.767,2446434.743,325610.3717,69420.89807,44157.7539
Category,Weekly,12,Conventional,Southeast,2026/03/22,0.836684023,9780024.237,5265424.998,390264.3664,629.258387,4123705.614,3312778.945,604935.6677,41860.65003,164130.3515
Category,Weekly,11,Conventional,Southeast,2026/03/15,0.824312969,9765051.643,5215116.024,388410.511,545.5113014,4160979.597,3200381.783,752556.548,50806.90667,157234.3588
Category,Weekly,10,Conventional,Southeast,2026/03/08,0.828397566,9940083.222,5115880.287,660915.1989,579.0922417,4162708.644,3323199.095,650694.4551,30416.14383,158398.9498
Category,Weekly,9,Conventional,Southeast,2026/03/01,0.80787478,9763282.095,4606680.629,998555.8383,992.4294046,4157053.198,3342082.981,632777.4462,16329.56894,165863.2026
Category,Weekly,8,Conventional,Southeast,2026/02/22,0.816964439,9746532.739,4576773.216,1040543.224,617.1483495,4128599.151,3246543.401,718565.7796,12747.63511,150742.3348
Category,Weekly,7,Conventional,Southeast,2026/02/15,0.818769995,9271172.328,4596278.063,896600.0186,450.3917455,3777843.854,2934345.743,678450.0854,17154.66788,147893.3583
Category,Weekly,6,Conventional,Southeast,2026/02/08,0.804835321,10668103.65,5384460.902,1163649.424,902.2954989,4119091.025,3252563.192,703583.7863,8593.756512,154350.2909
Category,Weekly,5,Conventional,Southeast,2026/02/01,0.798074583,10170121.24,3999942.088,727889.418,580.0203027,5441709.714,4733542.944,537550.2819,3637.139709,166979.3482
Category,Weekly,4,Conventional,Southeast,2026/01/25,0.865970455,9630666.659,4476754.505,966298.6629,906.6095367,4186706.881,3372690.608,634090.9378,4337.94375,175587.3921
Category,Weekly,3,Conventional,Southeast,2026/01/18,0.877495679,9622431.809,4406343.429,870530.2467,717.8445721,4344840.288,3473304.203,693315.9241,4730.5125,173489.6485
Category,Weekly,2,Conventional,Southeast,2026/01/11,0.862488432,10200593.93,4788301.672,966897.6277,651.68497,4444742.949,3457284.662,791592.6247,4529.7,191335.9625
Category,Weekly,1,Conventional,Southeast,2026/01/04,0.895461628,8667900.416,4264508.34,864457.0419,462.5525736,3538472.482,2794162.447,554772.3756,3498.8625,186038.797
Category,Weekly,12,Conventional,West,2026/03/22,1.00489068,9778764.345,3990191.036,1932066.624,194974.7451,3661531.941,2851029.135,459897.9275,215062.3245,135542.5535
Category,Weekly,11,Conventional,West,2026/03/15,1.031366769,9455938.137,3755927.15,1749310.806,216174.5358,3734525.645,2889566.43,456771.265,244457.9485,143730.0008
Category,Weekly,10,Conventional,West,2026/03/08,1.017253791,10171299.08,3955240.154,2124176.864,272582.7951,3819299.264,3050399.696,479902.6062,144424.7064,144572.2554
Category,Weekly,9,Conventional,West,2026/03/01,1.063865089,9177965.593,3610340.55,1784341.876,230522.9493,3552760.217,2843345.653,444595.648,138203.2337,126615.6822
Category,Weekly,8,Conventional,West,2026/02/22,0.982421833,10089562.32,3704987.921,2062586.952,176117.6077,4145869.839,3302417.433,536921.1748,133313.1563,173218.0749
Category,Weekly,7,Conventional,West,2026/02/15,1.017092819,9060551.604,3697064.517,1896665.666,181800.5646,3285020.856,2694266.494,320716.2881,150056.981,119981.0926
Category,Weekly,6,Conventional,West,2026/02/08,1.005034529,11523196.6,4319933.56,2520565.928,307867.5963,4374829.519,3484907.803,500398.6253,246829.7359,142693.3539
Category,Weekly,5,Conventional,West,2026/02/01,1.05376598,8999513.487,3327192.146,1836678.682,159068.9887,3676573.671,2868344.107,402703.7625,271978.48,133547.3216
Category,Weekly,4,Conventional,West,2026/01/25,1.011405918,9533318.751,3617418.182,2047902.589,141551.6959,3726446.284,3073166.681,337507.2098,184948.7664,130823.6264
Category,Weekly,3,Conventional,West,2026/01/18,1.06596832,9570111.183,3518930.434,1676472.557,162338.9718,4212369.22,3386602.211,444098.3539,204955.7386,176712.9168
Category,Weekly,2,Conventional,West,2026/01/11,1.040789989,10609834.24,4059545.934,2066336.086,137347.4703,4346604.752,3477835.181,486114.6473,142881.427,239773.4969
Category,Weekly,1,Conventional,West,2026/01/04,1.034759514,9206686.76,3580792.86,2239952.652,155568.9655,3230372.283,2602351.079,363195.04,120560.4046,144265.7586
Category,Weekly,12,Conventional,Total U.S.,2026/03/22,0.921002262,64856647,27842584.95,8246431.618,1835587.809,26932042.63,21604112.87,3171696.278,803369.5674,1352863.906
Category,Weekly,11,Conventional,Total U.S.,2026/03/15,0.927156831,64892389.61,28160431.51,7859510.019,1274619.172,27597828.91,21698834.48,3612802.222,883809.5206,1402382.689
Category,Weekly,10,Conventional,Total U.S.,2026/03/08,0.922421594,66433272.76,28195643.56,9239654.986,1565289.859,27432684.36,22085086.35,3314900.527,568850.1748,1463847.306
Category,Weekly,9,Conventional,Total U.S.,2026/03/01,0.916239023,63148313.63,26680727.99,8098943.377,1781609.52,26587032.74,21260756.85,3447758.827,486309.6083,1392207.461
Category,Weekly,8,Conventional,Total U.S.,2026/02/22,0.900074036,65273552.84,26732231.42,9134868.881,1462177.024,27944275.51,22340970.47,3733592.504,508023.5682,1361688.966
Category,Weekly,7,Conventional,Total U.S.,2026/02/15,0.905364186,61425966.75,26359576.82,8642201.259,1439341.078,24984847.6,19822948.86,3144160.798,739608.2394,1278129.701
Category,Weekly,6,Conventional,Total U.S.,2026/02/08,0.891730281,75968846.89,32065410.18,11773661.05,2218003.563,29911772.09,23617743.69,3580208.25,1239333.44,1474486.717
Category,Weekly,5,Conventional,Total U.S.,2026/02/01,0.918391793,59145952.94,23835651.25,7438299.722,1107828.818,26764173.14,21486634.64,2962150.049,1030380.26,1285008.2
Category,Weekly,4,Conventional,Total U.S.,2026/01/25,0.927071157,67606300.98,27356781.47,9385755.154,1286422.181,29577342.17,23752656.6,3576291.18,764016.1381,1484378.253
Category,Weekly,3,Conventional,Total U.S.,2026/01/18,0.93094087,65367599.65,26134701.14,8388610.135,1623605.839,29220682.53,23240339.15,3695581.764,685573.6611,1599187.959
Category,Weekly,2,Conventional,Total U.S.,2026/01/11,0.918813931,69639618.86,28547418.6,8918196.581,1374561.028,30799442.65,24876590.91,3797329.964,478821.5741,1646700.203
Category,Weekly,1,Conventional,Total U.S.,2026/01/04,0.920444119,60863048,25942747.28,9287992.451,1488457.5,24143850.77,19528257.87,2805236.358,494438.8922,1315917.651
Category,Weekly,12,Organic,5 Boroughs/New York City,2026/03/22,1.441203225,60888.77728,3845.709352,2258.825417,0,54784.24251,51963.04947,0,0,2821.193046
Category,Weekly,11,Organic,5 Boroughs/New York City,2026/03/15,1.392703069,64701.41936,4366.80314,2715.614201,0,57619.00202,54662.84606,0,0,2956.155955
Category,Weekly,10,Organic,5 Boroughs/New York City,2026/03/08,1.396069313,68421.48528,4389.901922,3424.05,0,60607.53335,57636.59158,0,0,2970.941771
Category,Weekly,9,Organic,5 Boroughs/New York City,2026/03/01,1.407903421,65570.84406,8036.837229,2776.496852,0,54757.50998,52023.34793,0,0,2734.162044
Category,Weekly,8,Organic,5 Boroughs/New York City,2026/02/22,1.453990562,72871.29589,8722.610344,2361.740797,0,61786.94475,58064.10331,0,0,3722.84144
Category,Weekly,7,Organic,5 Boroughs/New York City,2026/02/15,1.386693515,68532.56291,11427.95376,2193.352351,0,54911.2568,51745.76191,0,0,3165.494895
Category,Weekly,6,Organic,5 Boroughs/New York City,2026/02/08,1.483766084,63990.6977,7671.778744,2171.844885,0,54147.07407,51330.72391,0,0,2816.350158
Category,Weekly,5,Organic,5 Boroughs/New York City,2026/02/01,1.41023157,57502.38496,3156.979115,1626.593012,0,52718.81283,50175.06527,0,0,2543.747559
Category,Weekly,4,Organic,5 Boroughs/New York City,2026/01/25,1.510366895,81943.54962,15439.29367,2192.127691,0,64312.12825,60993.1784,0,0,3318.949851
Category,Weekly,3,Organic,5 Boroughs/New York City,2026/01/18,1.469047546,70770.11038,16419.35519,2011.471718,0,52339.28348,49043.75357,0,0,3295.529908
Category,Weekly,2,Organic,5 Boroughs/New York City,2026/01/11,1.462701459,66532.23517,11519.79531,2338.478302,0,52673.96156,49532.13291,0,0,3141.828651
Category,Weekly,1,Organic,5 Boroughs/New York City,2026/01/04,1.44441498,53354.32046,3498.841603,1893.058808,0,47962.42005,45405.77031,0,0,2556.649738
Category,Weekly,12,Organic,Albany,2026/03/22,1.46468078,7690.204898,259.9464541,384.4434473,0,7045.814996,6820.713429,0,0,225.1015669
Category,Weekly,11,Organic,Albany,2026/03/15,1.388228679,8531.516856,231.8351446,284.5089834,0,8015.172728,7831.266916,0,0,183.9058122
Category,Weekly,10,Organic,Albany,2026/03/08,1.317040043,9717.81627,183.9053535,275.3489538,0,9258.561963,9067.834315,0,0,190.7276482
Category,Weekly,9,Organic,Albany,2026/03/01,1.364580487,7873.964919,176.9739859,125.0335232,0,7571.95741,7381.264972,0,0,190.6924378
Category,Weekly,8,Organic,Albany,2026/02/22,1.413072974,7929.060442,214.8515101,279.2993334,0,7434.909599,7241.477841,0,0,193.4317575
Category,Weekly,7,Organic,Albany,2026/02/15,1.458181102,7468.684618,133.7558829,217.8001355,0,7117.1286,6978.56963,0,0,138.5589697
Category,Weekly,6,Organic,Albany,2026/02/08,1.464414351,7381.012754,115.506391,256.1139364,0,7009.392427,6806.362143,0,0,203.0302834
Category,Weekly,5,Organic,Albany,2026/02/01,1.457719329,6772.445557,208.4238165,187.4172304,0,6376.60451,6198.35564,0,0,178.2488707
Category,Weekly,4,Organic,Albany,2026/01/25,1.443274803,10177.10886,228.1236784,332.9818823,0,9616.003296,9312.692768,0,0,303.3105283
Category,Weekly,3,Organic,Albany,2026/01/18,1.516850171,7494.537079,249.1241296,233.9777493,0,7011.4352,6791.919269,0,0,219.5159304
Category,Weekly,2,Organic,Albany,2026/01/11,1.491405292,7258.441728,207.3906262,236.952921,0,6814.09818,6638.516518,0,0,175.5816622
Category,Weekly,1,Organic,Albany,2026/01/04,1.43674347,7218.279882,201.8961278,322.6919568,0,6693.691798,6529.077681,0,0,164.6141168
Category,Weekly,12,Organic,Atlanta,2026/03/22,1.417809422,46353.51875,8810.034619,607.914377,0,36935.56975,36935.56975,0,0,0
Category,Weekly,11,Organic,Atlanta,2026/03/15,1.423163776,44290.93765,8556.880046,732.8092113,0,35001.24839,35001.24839,0,0,0
Category,Weekly,10,Organic,Atlanta,2026/03/08,1.42462558,46364.34348,10835.38148,568.1170827,0,34960.84492,34960.84492,0,0,0
Category,Weekly,9,Organic,Atlanta,2026/03/01,1.464084372,43266.2336,8824.785019,498.7951928,0,33942.65339,33928.87214,13.78125,0,0
Category,Weekly,8,Organic,Atlanta,2026/02/22,1.481503007,40804.00686,7964.435654,547.532908,0,32292.0383,32292.0383,0,0,0
Category,Weekly,7,Organic,Atlanta,2026/02/15,1.500386994,38361.63302,8151.511095,512.6241334,0,29697.49779,29697.49779,0,0,0
Category,Weekly,6,Organic,Atlanta,2026/02/08,1.503769582,40036.81586,8434.702217,607.1738461,0,30994.9398,30994.9398,0,0,0
Category,Weekly,5,Organic,Atlanta,2026/02/01,1.503493404,42620.66844,7627.657728,540.3047346,0,34452.70598,34375.53098,77.175,0,0
Category,Weekly,4,Organic,Atlanta,2026/01/25,1.465880532,60037.30548,11533.05494,640.4305567,0,47863.81999,46312.05124,1551.76875,0,0
Category,Weekly,3,Organic,Atlanta,2026/01/18,1.504004882,46015.21891,9125.542807,594.033902,0,36295.6422,34589.52345,1706.11875,0,0
Category,Weekly,2,Organic,Atlanta,2026/01/11,1.493056935,51556.25291,10614.3386,638.3635709,0,40303.55074,34730.41324,5573.1375,0,0
Category,Weekly,1,Organic,Atlanta,2026/01/04,1.507136502,42776.31025,9917.497567,673.9045905,0,32184.90809,24332.35184,7852.55625,0,0
Category,Weekly,12,Organic,Baltimore/Washington,2026/03/22,1.394867114,138559.4087,688.6671002,16505.71648,11.11254758,121353.9126,116161.6497,5106.376137,0,85.88669822
Category,Weekly,11,Organic,Baltimore/Washington,2026/03/15,1.376268188,145778.2677,765.5202542,15693.98142,5.557232957,129313.2088,124034.464,5200.678244,0,78.06657615
Category,Weekly,10,Organic,Baltimore/Washington,2026/03/08,1.340586702,156474.1692,1177.365253,17876.55735,14.45535355,137405.7912,134941.735,2399.113773,0,64.94244983
Category,Weekly,9,Organic,Baltimore/Washington,2026/03/01,1.414100702,138012.7091,789.9442865,16610.73687,32.21811258,120579.8099,117247.4581,3259.536556,0,72.81517725
Category,Weekly,8,Organic,Baltimore/Washington,2026/02/22,1.355665152,142003.6026,951.997352,18392.34003,17.79274753,122641.4724,122568.9126,2.997372195,0,69.5625
Category,Weekly,7,Organic,Baltimore/Washington,2026/02/15,1.398201435,123535.2187,811.7844812,19262.15957,22.25641249,103439.0183,103372.0808,0,0,66.9375
Category,Weekly,6,Organic,Baltimore/Washington,2026/02/08,1.31787948,134552.8875,1855.087162,20325.80322,13.34679369,112358.6503,112279.6904,4.2,0,74.75988264
Category,Weekly,5,Organic,Baltimore/Washington,2026/02/01,1.401585008,107894.7443,1363.831083,19911.7152,6.675642166,86612.52243,86538.44518,0,0,74.07724736
Category,Weekly,4,Organic,Baltimore/Washington,2026/01/25,1.345355468,176108.4673,2660.160404,23543.2637,0,149905.0432,149648.2675,0,0,256.7757318
Category,Weekly,3,Organic,Baltimore/Washington,2026/01/18,1.407930924,129687.0728,716.0472922,19515.62532,3.351794984,109452.0484,108909.892,257.775,0,284.3813833
Category,Weekly,2,Organic,Baltimore/Washington,2026/01/11,1.414319559,139971.5434,660.3089829,19802.48619,17.87292956,119490.8753,119007.7595,250.81875,0,232.2971031
Category,Weekly,1,Organic,Baltimore/Washington,2026/01/04,1.330694572,138080.6741,494.8744021,17636.28529,7.819359834,119941.695,119718.1862,4.2,0,219.308801
Category,Weekly,12,Organic,Birmingham/Montgomery,2026/03/22,1.41076342,19536.01043,662.1412574,204.0293986,0,18669.83978,17269.74878,0,0,1400.091
Category,Weekly,11,Organic,Birmingham/Montgomery,2026/03/15,1.3714016,20256.31293,516.8111634,296.9706773,0,19442.53109,19442.53109,0,0,0
Category,Weekly,10,Organic,Birmingham/Montgomery,2026/03/08,1.280092605,20091.11505,621.6726818,222.3279639,0,19247.1144,19247.1144,0,0,0
Category,Weekly,9,Organic,Birmingham/Montgomery,2026/03/01,1.328012481,18398.34629,536.362262,323.8767018,0,17538.10732,17538.10732,0,0,0
Category,Weekly,8,Organic,Birmingham/Montgomery,2026/02/22,1.402533669,19223.06629,611.4743484,311.7092349,0,18299.88271,18299.88271,0,0,0
Category,Weekly,7,Organic,Birmingham/Montgomery,2026/02/15,1.420227966,17665.20041,579.5431104,286.9649227,0,16798.69237,16768.37362,30.31875,0,0
Category,Weekly,6,Organic,Birmingham/Montgomery,2026/02/08,1.348958293,20048.76484,572.3737616,227.8871898,0,19248.50389,18909.48514,339.01875,0,0
Category,Weekly,5,Organic,Birmingham/Montgomery,2026/02/01,1.398905687,19180.34551,552.0619018,167.6256871,0,18460.65792,16762.80792,1697.85,0,0
Category,Weekly,4,Organic,Birmingham/Montgomery,2026/01/25,1.379926931,23396.39993,571.9419088,253.0071744,0,22571.45085,21901.6821,669.76875,0,0
Category,Weekly,3,Organic,Birmingham/Montgomery,2026/01/18,1.389758385,21503.02395,615.9666945,144.7639476,0,20742.29331,17908.86831,2833.425,0,0
Category,Weekly,2,Organic,Birmingham/Montgomery,2026/01/11,1.400889957,22584.79355,711.8604588,334.4671839,0,21538.46591,17748.62216,3789.84375,0,0
Category,Weekly,1,Organic,Birmingham/Montgomery,2026/01/04,1.340994983,21731.1363,473.8890621,378.2111793,0,20879.03605,13922.26105,6956.775,0,0
Category,Weekly,12,Organic,Boise,2026/03/22,1.891101786,7526.735643,356.8830345,3216.699762,0,3953.152846,3953.152846,0,0,0
Category,Weekly,11,Organic,Boise,2026/03/15,1.770102039,6702.624121,793.3033547,2079.067838,0,3830.252929,3830.252929,0,0,0
Category,Weekly,10,Organic,Boise,2026/03/08,1.823049251,8642.27701,2115.426945,1912.331223,0,4614.518842,4614.518842,0,0,0
Category,Weekly,9,Organic,Boise,2026/03/01,2.001935606,7753.429696,302.3323032,3490.423079,0,3960.674314,3960.674314,0,0,0
Category,Weekly,8,Organic,Boise,2026/02/22,1.77014951,7822.049193,1946.197375,1844.22698,0,4031.624838,4031.624838,0,0,0
Category,Weekly,7,Organic,Boise,2026/02/15,1.957046502,7981.037914,2766.747699,1420.624764,0,3793.665451,3793.665451,0,0,0
Category,Weekly,6,Organic,Boise,2026/02/08,1.948904107,8635.03654,2606.702118,1801.739887,0,4226.594535,4223.838285,2.75625,0,0
Category,Weekly,5,Organic,Boise,2026/02/01,1.886944952,7403.035843,839.149871,2776.562563,0,3787.323409,3784.567159,2.75625,0,0
Category,Weekly,4,Organic,Boise,2026/01/25,1.980242214,7492.70669,1.21589081,3766.2127,0,3725.278099,3554.390599,170.8875,0,0
Category,Weekly,3,Organic,Boise,2026/01/18,2.022087492,7194.196166,8.012909403,3422.761388,0,3763.421869,3429.915619,333.50625,0,0
Category,Weekly,2,Organic,Boise,2026/01/11,2.090905983,7641.573147,7.698601302,4093.555432,0,3540.319114,3168.225364,372.09375,0,0
Category,Weekly,1,Organic,Boise,2026/01/04,2.049282114,7938.365636,874.4305561,3337.316328,0,3726.618753,3646.687503,79.93125,0,0
Category,Weekly,12,Organic,Boston,2026/03/22,1.494528148,48643.75099,264.2858359,2106.080894,0,46273.38426,45975.74314,27.53277915,0,270.1083428
Category,Weekly,11,Organic,Boston,2026/03/15,1.470558198,52703.57567,201.5859413,2116.468992,0,50385.52073,49121.7083,1104.355418,0,159.4570138
Category,Weekly,10,Organic,Boston,2026/03/08,1.42670296,55316.75258,265.854618,2298.95592,0,52751.94205,48855.06886,3683.280735,0,213.5924489
Category,Weekly,9,Organic,Boston,2026/03/01,1.452907475,50763.43805,218.0760623,3118.594261,0,47426.76773,43128.45218,3992.828405,0,305.4871473
Category,Weekly,8,Organic,Boston,2026/02/22,1.478349513,49177.86463,272.2037664,2194.623437,0,46711.03742,44147.00316,2332.872997,0,231.16127
Category,Weekly,7,Organic,Boston,2026/02/15,1.478796278,44895.94419,195.9639238,2160.501969,0,42539.4783,39352.456,2917.325158,0,269.6971364
Category,Weekly,6,Organic,Boston,2026/02/08,1.468659454,50514.99299,235.2268362,2497.70384,0,47782.06232,46846.34701,612.0082247,0,323.707077
Category,Weekly,5,Organic,Boston,2026/02/01,1.497873042,45043.68997,253.6404793,1646.643766,0,43143.40573,39230.79431,3698.840123,0,213.7712979
Category,Weekly,4,Organic,Boston,2026/01/25,1.49333374,55661.57662,297.9500846,1911.233107,0,53452.39343,45114.62188,7857.563738,0,480.2078125
Category,Weekly,3,Organic,Boston,2026/01/18,1.547230038,44619.45219,245.319696,1628.679314,0,42745.45318,35243.75907,7183.882042,0,317.8120686
Category,Weekly,2,Organic,Boston,2026/01/11,1.491959737,51657.4335,251.65446,1889.933775,0,49515.84526,44156.93455,4743.910446,0,615.000269
Category,Weekly,1,Organic,Boston,2026/01/04,1.502400845,41028.57553,177.3122343,1712.795809,0,39138.46748,38154.80793,722.4702605,0,261.1892943
Category,Weekly,12,Organic,Buffalo/Rochester,2026/03/22,1.323416003,25045.83955,322.0895788,10.95921532,0,24712.79076,23925.29076,0,0,787.5
Category,Weekly,11,Organic,Buffalo/Rochester,2026/03/15,1.289511354,27259.77717,368.3086668,19.16836528,0,26872.30013,26156.20013,0,0,716.1
Category,Weekly,10,Organic,Buffalo/Rochester,2026/03/08,1.248456266,29665.60642,357.2211178,24.48160939,2.12883555,29281.77486,28422.87486,0,0,858.9
Category,Weekly,9,Organic,Buffalo/Rochester,2026/03/01,1.296152461,27684.96117,462.3120119,12.76861308,2.128102181,27207.75244,26516.85244,0,0,690.9
Category,Weekly,8,Organic,Buffalo/Rochester,2026/02/22,1.302052971,24819.82207,330.4892318,12.76652585,0,24476.56632,23760.46632,0,0,716.1
Category,Weekly,7,Organic,Buffalo/Rochester,2026/02/15,1.290857905,22086.54044,324.7795584,15.96143298,0,21745.79945,21206.09945,0,0,539.7
Category,Weekly,6,Organic,Buffalo/Rochester,2026/02/08,1.335264979,24416.28776,238.9071039,27.66319938,0,24149.71746,23414.71746,0,0,735
Category,Weekly,5,Organic,Buffalo/Rochester,2026/02/01,1.343228519,22893.17228,321.6509802,9.572266567,0,22561.94903,22049.54903,0,0,512.4
Category,Weekly,4,Organic,Buffalo/Rochester,2026/01/25,1.339475977,29891.82967,460.2814373,48.10499438,0,29383.44324,28707.24324,0,0,676.2
Category,Weekly,3,Organic,Buffalo/Rochester,2026/01/18,1.398065661,24443.8793,221.3346753,31.39620201,0,24191.14842,23575.19217,90.95625,0,525
Category,Weekly,2,Organic,Buffalo/Rochester,2026/01/11,1.402268125,23649.09432,376.5601775,14.07711805,0,23258.45703,22782.54453,93.7125,0,382.2
Category,Weekly,1,Organic,Buffalo/Rochester,2026/01/04,1.338097765,24102.75009,346.8102627,18.77175111,0,23737.16808,23728.89933,8.26875,0,0
Category,Weekly,12,Organic,Charlotte,2026/03/22,1.42256398,47954.19231,113.564671,1690.603352,35.46361745,46114.56067,42788.16067,0,0,3326.4
Category,Weekly,11,Organic,Charlotte,2026/03/15,1.437612777,51969.05267,188.3313738,2416.624935,22.94615155,49341.15021,46396.95021,0,0,2944.2
Category,Weekly,10,Organic,Charlotte,2026/03/08,1.556506349,45638.4563,814.8797481,1602.865034,41.70995659,43179.00156,40058.40156,0,0,3120.6
Category,Weekly,9,Organic,Charlotte,2026/03/01,1.564885808,45311.0422,404.9770387,2041.814216,30.23385468,42834.01709,40280.41709,0,0,2553.6
Category,Weekly,8,Organic,Charlotte,2026/02/22,1.558023888,44734.905,63.9987158,2005.720533,53.14390274,42612.04185,40066.84185,0,0,2545.2
Category,Weekly,7,Organic,Charlotte,2026/02/15,1.579828363,44841.45597,86.63851034,1998.758193,23.96901111,42732.09025,39611.49025,0,0,3120.6
Category,Weekly,6,Organic,Charlotte,2026/02/08,1.424085472,45405.12536,45.25958803,1914.328452,38.54775667,43406.98957,42060.88957,0,0,1346.1
Category,Weekly,5,Organic,Charlotte,2026/02/01,1.612871133,41547.89707,296.0634254,2049.983361,29.19815894,39172.65213,38071.59588,2.75625,0,1098.3
Category,Weekly,4,Organic,Charlotte,2026/01/25,1.471737584,53834.1469,666.0025105,1695.347768,17.75070109,51455.04592,49349.13967,201.20625,0,1904.7
Category,Weekly,3,Organic,Charlotte,2026/01/18,1.483933548,41307.89382,138.6982798,1785.716665,41.76639127,39341.71249,36820.92499,1802.5875,0,718.2
Category,Weekly,2,Organic,Charlotte,2026/01/11,1.472651815,49598.78129,120.3337472,2104.08503,19.83982547,47354.52268,44100.96643,2075.45625,0,1178.1
Category,Weekly,1,Organic,Charlotte,2026/01/04,1.384263074,52070.33252,106.5191466,2355.319768,26.10763307,49582.38597,46481.60472,3100.78125,0,0
Category,Weekly,12,Organic,Chicago,2026/03/22,1.50475253,73146.13507,163.0703651,20559.84641,0,52423.2183,52423.2183,0,0,0
Category,Weekly,11,Organic,Chicago,2026/03/15,1.440307707,84710.94873,160.5983826,20646.34793,0,63904.00242,63904.00242,0,0,0
Category,Weekly,10,Organic,Chicago,2026/03/08,1.384891514,95573.31374,169.137682,22656.41353,0,72747.76252,72747.76252,0,0,0
Category,Weekly,9,Organic,Chicago,2026/03/01,1.42340487,81533.79687,166.8431843,22877.54333,0,58489.41036,58489.41036,0,0,0
Category,Weekly,8,Organic,Chicago,2026/02/22,1.435581749,80490.85667,160.8967413,23478.19795,0,56851.76198,56851.76198,0,0,0
Category,Weekly,7,Organic,Chicago,2026/02/15,1.419523768,70014.11433,159.4867598,18981.26421,0,50873.36336,50873.36336,0,0,0
Category,Weekly,6,Organic,Chicago,2026/02/08,1.247111544,91020.60478,362.4491058,21491.52785,0,69166.62782,69158.40988,8.217946851,0,0
Category,Weekly,5,Organic,Chicago,2026/02/01,1.222820559,93789.8181,1587.569793,20131.90657,0,72070.34174,71628.74997,441.5917721,0,0
Category,Weekly,4,Organic,Chicago,2026/01/25,1.349585008,87521.04091,1307.24952,21148.23065,0,65065.56074,63838.96792,1226.592815,0,0
Category,Weekly,3,Organic,Chicago,2026/01/18,1.38081272,83209.83596,124.193214,22073.75296,0,61011.88979,59392.54511,1619.34468,0,0
Category,Weekly,2,Organic,Chicago,2026/01/11,1.464865451,82493.34535,173.2557996,27113.52384,0,55206.56571,53256.98823,1949.577483,0,0
Category,Weekly,1,Organic,Chicago,2026/01/04,1.419781859,75091.84266,161.8843883,23007.49491,0,51922.46336,49634.6107,2287.852666,0,0
Category,Weekly,12,Organic,Cincinnati/Dayton,2026/03/22,1.870227268,20565.57991,439.4832047,7732.294682,0,12393.80203,12393.80203,0,0,0
Category,Weekly,11,Organic,Cincinnati/Dayton,2026/03/15,1.830684458,23144.77125,662.5549857,7929.119849,0,14553.09642,14553.09642,0,0,0
Category,Weekly,10,Organic,Cincinnati/Dayton,2026/03/08,1.756311087,25525.05621,596.8558858,7872.329838,0,17055.87049,17055.87049,0,0,0
Category,Weekly,9,Organic,Cincinnati/Dayton,2026/03/01,1.835778146,23640.4121,624.5150831,8043.566153,0,14972.33086,14972.33086,0,0,0
Category,Weekly,8,Organic,Cincinnati/Dayton,2026/02/22,1.88167249,20724.40725,579.1704539,7310.877544,0,12834.35925,12834.35925,0,0,0
Category,Weekly,7,Organic,Cincinnati/Dayton,2026/02/15,1.960112646,20845.29735,594.5677833,8250.450778,0,12000.27879,11996.49538,3.78340508,0,0
Category,Weekly,6,Organic,Cincinnati/Dayton,2026/02/08,1.935726856,22136.00934,637.3762576,8535.984897,0,12962.64818,12941.8438,20.80438358,0,0
Category,Weekly,5,Organic,Cincinnati/Dayton,2026/02/01,1.934208578,17199.96026,544.6975869,6600.740143,0,10054.52253,9763.39333,291.1292033,0,0
Category,Weekly,4,Organic,Cincinnati/Dayton,2026/01/25,1.892985514,26596.89053,746.5492507,9500.454523,0,16349.88676,15619.6435,730.2432615,0,0
Category,Weekly,3,Organic,Cincinnati/Dayton,2026/01/18,1.849861969,20747.02981,586.3549313,7116.169246,0,13044.50563,12482.86847,561.6371597,0,0
Category,Weekly,2,Organic,Cincinnati/Dayton,2026/01/11,1.940510806,23005.56953,622.4751842,9318.095461,0,13064.99888,12563.87007,501.1288142,0,0
Category,Weekly,1,Organic,Cincinnati/Dayton,2026/01/04,1.909544847,19788.166,467.5308951,7713.282911,0,11607.3522,11098.91611,508.4360876,0,0
Category,Weekly,12,Organic,Columbus,2026/03/22,1.714087516,11192.59434,695.3081558,2618.244837,0,7879.041345,7879.041345,0,0,0
Category,Weekly,11,Organic,Columbus,2026/03/15,1.765256449,11785.86148,1692.833543,2222.702876,0,7870.325064,7870.325064,0,0,0
Category,Weekly,10,Organic,Columbus,2026/03/08,1.672048976,16746.8093,1427.18635,3410.703079,0,11908.91988,11908.91988,0,0,0
Category,Weekly,9,Organic,Columbus,2026/03/01,1.758604849,14005.02862,619.5557696,3627.75537,0,9757.717483,9757.717483,0,0,0
Category,Weekly,8,Organic,Columbus,2026/02/22,1.717614392,14723.62035,635.0397327,3457.319143,0,10631.26148,10631.26148,0,0,0
Category,Weekly,7,Organic,Columbus,2026/02/15,1.791707828,13865.22869,699.9073246,3730.984079,0,9434.337284,9434.337284,0,0,0
Category,Weekly,6,Organic,Columbus,2026/02/08,1.781708659,13794.98185,788.6696537,3554.755758,0,9451.556434,9426.792263,24.7641715,0,0
Category,Weekly,5,Organic,Columbus,2026/02/01,1.688286572,10324.58286,438.3434125,2244.899878,0,7641.339573,7433.812281,207.5272919,0,0
Category,Weekly,4,Organic,Columbus,2026/01/25,1.755228154,16860.45575,1680.518744,3642.147044,0,11537.78996,10889.86295,647.9270068,0,0
Category,Weekly,3,Organic,Columbus,2026/01/18,1.777623669,13494.40031,2374.732893,2108.531851,0,9011.135562,8521.434253,489.7013087,0,0
Category,Weekly,2,Organic,Columbus,2026/01/11,1.795334673,14376.74797,3381.172935,1713.489371,0,9282.085662,8800.01359,482.0720723,0,0
Category,Weekly,1,Organic,Columbus,2026/01/04,1.67058317,11197.78859,613.6679303,2223.196206,0,8360.924454,7939.868961,421.0554936,0,0
Category,Weekly,12,Organic,Dallas/Ft. Worth,2026/03/22,1.456538876,67606.8241,19288.89091,522.2163707,0,47795.71682,46838.46608,0,0,957.2507381
Category,Weekly,11,Organic,Dallas/Ft. Worth,2026/03/15,1.487710911,71577.94378,21878.96498,601.5061359,0,49097.47266,48157.30266,0,0,940.17
Category,Weekly,10,Organic,Dallas/Ft. Worth,2026/03/08,1.460818604,72402.99475,21000.88839,661.9701276,0,50740.13624,49667.41335,0,0,1072.722891
Category,Weekly,9,Organic,Dallas/Ft. Worth,2026/03/01,1.492011162,62854.8801,17259.96664,733.157271,0,44861.75619,44203.63719,0,0,658.119
Category,Weekly,8,Organic,Dallas/Ft. Worth,2026/02/22,1.460176919,65786.21303,20577.73701,627.0300114,0,44581.44601,44581.44601,0,0,0
Category,Weekly,7,Organic,Dallas/Ft. Worth,2026/02/15,1.519071122,57967.29227,17323.25381,514.2369761,0,40129.80148,40129.80148,0,0,0
Category,Weekly,6,Organic,Dallas/Ft. Worth,2026/02/08,1.494821741,62780.32187,20002.94422,611.3356846,0,42166.04197,42166.04197,0,0,0
Category,Weekly,5,Organic,Dallas/Ft. Worth,2026/02/01,1.556152267,57180.95855,17737.88014,614.9538875,0,38828.12452,38828.12452,0,0,0
Category,Weekly,4,Organic,Dallas/Ft. Worth,2026/01/25,1.521228256,83372.70973,21659.45993,620.848641,0,61092.40116,61092.40116,0,0,0
Category,Weekly,3,Organic,Dallas/Ft. Worth,2026/01/18,1.49696573,60515.66919,14801.21269,596.9717157,0,45117.48478,45038.20978,77.175,0,2.1
Category,Weekly,2,Organic,Dallas/Ft. Worth,2026/01/11,1.463001679,67893.35279,17297.44181,574.3732011,0,50021.53778,49614.26903,405.16875,0,2.1
Category,Weekly,1,Organic,Dallas/Ft. Worth,2026/01/04,1.49734558,58920.25232,17460.60314,542.6871337,0,40916.96205,32996.41513,7918.70625,0,1.840670925
Category,Weekly,12,Organic,Denver,2026/03/22,1.629192241,56312.88294,4559.300343,23706.0534,0,28047.5292,28017.0372,0,0,30.492
Category,Weekly,11,Organic,Denver,2026/03/15,1.68150719,58966.73508,4873.087686,24647.2367,0,29446.4107,27492.3817,0,0,1954.029
Category,Weekly,10,Organic,Denver,2026/03/08,1.622470588,59020.82406,5216.637548,23196.46271,0,30607.7238,28714.6788,0,0,1893.045
Category,Weekly,9,Organic,Denver,2026/03/01,1.830840441,54643.57867,5239.8649,17038.4184,0,32365.29537,30922.00737,0,0,1443.288
Category,Weekly,8,Organic,Denver,2026/02/22,1.838498725,50327.21924,5259.240997,15661.86897,0,29406.10927,29406.10927,0,0,0
Category,Weekly,7,Organic,Denver,2026/02/15,1.837210597,45503.29886,5631.311759,13679.8132,0,26192.1739,26192.1739,0,0,0
Category,Weekly,6,Organic,Denver,2026/02/08,1.876282818,53753.81128,4741.677142,18884.77048,0,30127.36365,30127.36365,0,0,0
Category,Weekly,5,Organic,Denver,2026/02/01,1.865569216,47849.42058,3669.539436,18735.53667,0,25444.34447,25391.97572,52.36875,0,0
Category,Weekly,4,Organic,Denver,2026/01/25,1.802899144,71839.89951,6002.096122,37122.97506,0,28714.82832,27201.64707,1513.18125,0,0
Category,Weekly,3,Organic,Denver,2026/01/18,1.808413093,140994.4345,28635.23454,82167.10159,0,30192.09838,29464.44838,727.65,0,0
Category,Weekly,2,Organic,Denver,2026/01/11,1.768579667,174804.993,6334.6208,138584.8696,0,29885.50258,29846.91508,38.5875,0,0
Category,Weekly,1,Organic,Denver,2026/01/04,1.883375698,49224.87462,5119.167325,16042.56609,0,28063.1412,26806.2912,1256.85,0,0
Category,Weekly,12,Organic,Detroit,2026/03/22,1.287612833,27082.33901,3704.617763,328.2682871,0,23049.45296,23047.54915,1.903806205,0,0
Category,Weekly,11,Organic,Detroit,2026/03/15,1.295487442,31504.97445,6657.434757,239.5733738,0,24607.96632,24607.96632,0,0,0
Category,Weekly,10,Organic,Detroit,2026/03/08,1.357074679,30981.05019,6206.160802,225.1711024,0,24549.71828,24549.71828,0,0,0
Category,Weekly,9,Organic,Detroit,2026/03/01,1.435712799,29428.71108,6558.726698,249.0275652,0,22620.95682,22620.95682,0,0,0
Category,Weekly,8,Organic,Detroit,2026/02/22,1.431332662,32080.21293,6699.859729,271.7929245,0,25108.56028,25106.65665,1.903624177,0,0
Category,Weekly,7,Organic,Detroit,2026/02/15,1.283149713,29070.83435,8337.520819,277.9190551,0,20455.39447,20449.68324,5.711236587,0,0
Category,Weekly,6,Organic,Detroit,2026/02/08,1.270442409,33546.01376,9793.715114,286.1027436,0,23466.1959,23241.56564,224.6302635,0,0
Category,Weekly,5,Organic,Detroit,2026/02/01,1.401200004,29785.04924,6278.665607,238.0792316,0,23268.3044,21686.53615,1581.768253,0,0
Category,Weekly,4,Organic,Detroit,2026/01/25,1.388566912,29355.85215,5964.849631,345.4117918,0,23045.59072,20323.23712,2722.353601,0,0
Category,Weekly,3,Organic,Detroit,2026/01/18,1.402818524,29581.85761,6136.045345,246.1726939,0,23199.63958,20496.29558,2703.343994,0,0
Category,Weekly,2,Organic,Detroit,2026/01/11,1.38897793,29467.57598,5979.149172,268.8986199,0,23219.52818,20002.78458,3216.743601,0,0
Category,Weekly,1,Organic,Detroit,2026/01/04,1.359521213,28109.87626,5608.263722,228.4207479,0,22273.19179,19868.76981,2404.421988,0,0
Category,Weekly,12,Organic,Grand Rapids,2026/03/22,1.281898801,10206.27151,52.15917159,614.7197151,0,9539.392624,9471.794061,0,0,67.59856322
Category,Weekly,11,Organic,Grand Rapids,2026/03/15,1.275008845,10507.94467,98.07789419,334.7585673,0,10075.10821,10013.95146,0,0,61.15674388
Category,Weekly,10,Organic,Grand Rapids,2026/03/08,1.35152977,9820.287029,48.12850457,335.0035133,0,9437.155011,9372.698272,0,0,64.45673862
Category,Weekly,9,Organic,Grand Rapids,2026/03/01,1.469238933,7614.504678,43.67133588,359.7806099,0,7211.052732,7138.537839,0,0,72.51489382
Category,Weekly,8,Organic,Grand Rapids,2026/02/22,1.403757682,8974.206006,40.02269272,262.1038441,0,8672.07947,8630.204041,0,0,41.87542831
Category,Weekly,7,Organic,Grand Rapids,2026/02/15,1.43995673,7337.517167,65.34101931,216.2447684,0,7055.931379,6993.910653,5.637109745,0,56.38361617
Category,Weekly,6,Organic,Grand Rapids,2026/02/08,1.398246659,9090.643189,22.99219058,231.1249303,0,8836.526068,8714.648918,52.60983496,0,69.26731455
Category,Weekly,5,Organic,Grand Rapids,2026/02/01,1.375636978,8909.81838,12.06880651,270.1309303,0,8627.618643,7447.464409,1136.661549,0,43.49268474
Category,Weekly,4,Organic,Grand Rapids,2026/01/25,1.387270362,8361.440694,0.944999975,402.9954719,0,7957.500222,5923.688401,1977.397853,0,56.41396877
Category,Weekly,3,Organic,Grand Rapids,2026/01/18,1.397787578,8261.295547,0,299.031199,0,7962.264348,6083.398787,1838.563213,0,40.30234847
Category,Weekly,2,Organic,Grand Rapids,2026/01/11,1.373195501,8114.332678,0,282.8821171,0,7831.45056,5664.720636,2128.033108,0,38.69681675
Category,Weekly,1,Organic,Grand Rapids,2026/01/04,1.313609649,9268.104581,1.155134915,195.2535653,0,9071.695881,7105.033503,1931.178375,0,35.48400269
Category,Weekly,12,Organic,Harrisburg/Scranton,2026/03/22,1.482075477,32980.48436,515.4496889,531.1937213,0,31933.84095,31129.47675,0,0,804.3641983
Category,Weekly,11,Organic,Harrisburg/Scranton,2026/03/15,1.442301245,35887.25786,511.3991003,734.8069484,0,34641.05181,33766.34606,0,0,874.705756
Category,Weekly,10,Organic,Harrisburg/Scranton,2026/03/08,1.389522463,37046.11598,312.9879919,593.5375577,0,36139.59043,35491.42902,0,0,648.16141
Category,Weekly,9,Organic,Harrisburg/Scranton,2026/03/01,1.400941051,32563.4803,373.7016644,667.3178198,0,31522.46081,30863.74372,0,0,658.7170984
Category,Weekly,8,Organic,Harrisburg/Scranton,2026/02/22,1.450873117,33787.62288,439.8235997,583.2485424,0,32764.55074,32033.15263,0,0,731.3981136
Category,Weekly,7,Organic,Harrisburg/Scranton,2026/02/15,1.448822557,29635.67873,472.4998121,718.5366676,0,28444.64225,27861.90234,0,0,582.7399138
Category,Weekly,6,Organic,Harrisburg/Scranton,2026/02/08,1.410104006,31896.98208,396.2464964,621.9395745,0,30878.79601,30432.28389,0,0,446.5121241
Category,Weekly,5,Organic,Harrisburg/Scranton,2026/02/01,1.467686444,24372.57841,212.3419251,624.4853921,0,23535.7511,23131.11406,0,0,404.6370311
Category,Weekly,4,Organic,Harrisburg/Scranton,2026/01/25,1.409626292,40349.57826,630.3795977,571.7421253,0,39147.45654,38344.09416,30.31875,0,773.0436281
Category,Weekly,3,Organic,Harrisburg/Scranton,2026/01/18,1.431563893,33712.71221,729.5211823,594.7043672,0,32388.48666,30253.74123,1466.325,0,668.4204279
Category,Weekly,2,Organic,Harrisburg/Scranton,2026/01/11,1.442659394,34109.26438,694.1615083,590.5845359,0,32824.51834,30590.29923,1609.65,0,624.5691042
Category,Weekly,1,Organic,Harrisburg/Scranton,2026/01/04,1.412800031,30498.99751,387.3659638,493.0167084,0,29618.61484,28830.40055,234.28125,0,553.9330378
Category,Weekly,12,Organic,Hartford/Springfield,2026/03/22,1.391694989,36391.06504,835.1641781,5011.478273,0,30544.42258,29621.96041,0,0,922.4621723
Category,Weekly,11,Organic,Hartford/Springfield,2026/03/15,1.324061933,42089.58668,758.6310181,4567.8673,0,36763.08837,35731.68299,0,0,1031.405376
Category,Weekly,10,Organic,Hartford/Springfield,2026/03/08,1.250969865,48546.68151,576.3048379,4080.462476,0,43889.91419,42626.47582,0,0,1263.438371
Category,Weekly,9,Organic,Hartford/Springfield,2026/03/01,1.336800623,35728.16631,1229.981624,3787.834121,0,30710.35056,29780.51183,0,0,929.8387384
Category,Weekly,8,Organic,Hartford/Springfield,2026/02/22,1.340429183,40547.32862,728.8755624,4444.083167,5.502220246,35368.86767,34298.18373,0,0,1070.68394
Category,Weekly,7,Organic,Hartford/Springfield,2026/02/15,1.355504323,34079.43043,858.8642445,4822.371515,0,28398.19467,27682.01425,0,0,716.1804228
Category,Weekly,6,Organic,Hartford/Springfield,2026/02/08,1.282866519,39100.02293,972.6366834,5333.405288,0,32793.98096,31931.95946,0,0,862.0215013
Category,Weekly,5,Organic,Hartford/Springfield,2026/02/01,1.314753959,33056.6668,519.8578828,3579.527533,1.100844613,28956.18054,28194.17813,0,0,762.0024098
Category,Weekly,4,Organic,Hartford/Springfield,2026/01/25,1.25825032,46519.90107,1621.89519,4184.084577,1.102746981,40712.81856,39606.20289,0,0,1106.615665
Category,Weekly,3,Organic,Hartford/Springfield,2026/01/18,1.358016181,30564.67038,1474.588233,3649.743514,0,25440.33864,24477.24602,0,0,963.0926172
Category,Weekly,2,Organic,Hartford/Springfield,2026/01/11,1.355499963,33865.99298,1823.372569,3494.050313,0,28548.5701,27308.70751,19.29375,0,1220.568832
Category,Weekly,1,Organic,Hartford/Springfield,2026/01/04,1.283685736,33162.95374,488.3389996,3335.590056,0,29339.02468,28429.97956,27.5625,0,881.482617
Category,Weekly,12,Organic,Houston,2026/03/22,1.206800997,54186.78538,10481.67584,761.6461303,0,42943.46341,42943.46341,0,0,0
Category,Weekly,11,Organic,Houston,2026/03/15,1.355553945,54232.1623,9494.221641,709.370917,0,44028.56974,44028.56974,0,0,0
Category,Weekly,10,Organic,Houston,2026/03/08,1.250417799,44378.50427,7456.51639,458.4863457,0,36463.50154,36463.50154,0,0,0
Category,Weekly,9,Organic,Houston,2026/03/01,1.347269166,38418.2348,10607.62412,452.5980011,0,27358.01267,27344.23142,13.78125,0,0
Category,Weekly,8,Organic,Houston,2026/02/22,1.332438623,38532.18087,10080.77413,374.2448438,0,28077.16189,28077.16189,0,0,0
Category,Weekly,7,Organic,Houston,2026/02/15,1.295743055,33586.27359,7063.026912,349.3107615,0,26173.93592,26173.93592,0,0,0
Category,Weekly,6,Organic,Houston,2026/02/08,1.347553085,30193.86163,7627.999222,359.0548223,0,22206.80759,22206.80759,0,0,0
Category,Weekly,5,Organic,Houston,2026/02/01,1.370851147,31093.88625,9544.858881,309.0076348,0,21240.01974,21240.01974,0,0,0
Category,Weekly,4,Organic,Houston,2026/01/25,1.365106245,50624.43093,15385.84468,500.9986793,0,34737.58757,34541.89382,195.69375,0,0
Category,Weekly,3,Organic,Houston,2026/01/18,1.419911758,34726.85204,10652.33559,527.1737408,0,23547.34271,21973.52396,1573.81875,0,0
Category,Weekly,2,Organic,Houston,2026/01/11,1.381994817,34827.95282,10877.94,626.5493159,0,23323.4635,22755.676,567.7875,0,0
Category,Weekly,1,Organic,Houston,2026/01/04,1.411672905,32250.88763,9359.247853,384.5132146,0,22507.12656,18196.35156,4310.775,0,0
Category,Weekly,12,Organic,Indianapolis,2026/03/22,1.413871697,15744.37095,241.9856769,1841.900837,0,13660.48444,13660.48444,0,0,0
Category,Weekly,11,Organic,Indianapolis,2026/03/15,1.531455201,15489.54738,654.4294053,2050.531343,0,12784.58663,12784.58663,0,0,0
Category,Weekly,10,Organic,Indianapolis,2026/03/08,1.617128275,15404.6417,193.8040964,2886.683449,0,12324.15415,12324.15415,0,0,0
Category,Weekly,9,Organic,Indianapolis,2026/03/01,1.623538386,14637.55154,212.6463143,2672.105028,0,11752.8002,11752.8002,0,0,0
Category,Weekly,8,Organic,Indianapolis,2026/02/22,1.634232639,15423.77857,222.6072184,2804.724769,0,12396.44658,12396.44658,0,0,0
Category,Weekly,7,Organic,Indianapolis,2026/02/15,1.704300753,14352.98331,161.7265274,3373.81925,0,10817.43753,10807.82797,9.609564275,0,0
Category,Weekly,6,Organic,Indianapolis,2026/02/08,1.636741162,14856.32507,175.7632394,2838.333544,0,11842.22828,11782.64966,59.57861946,0,0
Category,Weekly,5,Organic,Indianapolis,2026/02/01,1.621522573,11418.55035,178.4482335,2145.322426,0,9094.779686,8612.62263,482.1570564,0,0
Category,Weekly,4,Organic,Indianapolis,2026/01/25,1.64346357,16175.0395,943.8081547,2553.415178,0,12677.81617,11356.82067,1320.9955,0,0
Category,Weekly,3,Organic,Indianapolis,2026/01/18,1.647376612,14770.02037,1937.347643,1302.479958,0,11530.19277,10645.61409,884.5786834,0,0
Category,Weekly,2,Organic,Indianapolis,2026/01/11,1.634773495,15232.52693,1545.409364,1907.836639,0,11779.28093,11113.92907,665.351856,0,0
Category,Weekly,1,Organic,Indianapolis,2026/01/04,1.636234959,11641.56791,1084.210134,1502.852087,0,9054.505686,8225.692409,828.813277,0,0
Category,Weekly,12,Organic,Jacksonville,2026/03/22,1.492643931,13435.60979,61.71504575,86.61067784,4.065064594,13283.219,13283.219,0,0,0
Category,Weekly,11,Organic,Jacksonville,2026/03/15,1.455076341,17526.13428,91.32120027,76.78294825,0,17358.03013,17358.03013,0,0,0
Category,Weekly,10,Organic,Jacksonville,2026/03/08,1.357135203,19096.45138,86.92363369,41.55026307,3.048889491,18964.92859,18964.92859,0,0,0
Category,Weekly,9,Organic,Jacksonville,2026/03/01,1.411310838,17700.64157,102.7141309,93.49910333,0,17504.42833,17504.42833,0,0,0
Category,Weekly,8,Organic,Jacksonville,2026/02/22,1.56343498,17251.43782,90.20018172,152.3190172,11.00289013,16997.91573,16997.91573,0,0,0
Category,Weekly,7,Organic,Jacksonville,2026/02/15,1.583422292,15520.87666,68.09648272,227.24776,5.63364119,15219.89877,15219.89877,0,0,0
Category,Weekly,6,Organic,Jacksonville,2026/02/08,1.483404335,18093.5508,78.3646336,176.2470371,3.841360515,17835.09777,17835.09777,0,0,0
Category,Weekly,5,Organic,Jacksonville,2026/02/01,1.456967347,19185.1644,76.33156303,105.4197149,0,19003.41312,19003.41312,0,0,0
Category,Weekly,4,Organic,Jacksonville,2026/01/25,1.469005239,21005.82935,79.45095129,158.3339994,0,20768.0444,20762.5319,5.5125,0,0
Category,Weekly,3,Organic,Jacksonville,2026/01/18,1.541264318,17213.6004,69.10638662,112.1321503,0,17032.36187,16357.08062,675.28125,0,0
Category,Weekly,2,Organic,Jacksonville,2026/01/11,1.497892894,19908.22375,62.77364446,85.36718366,0,19760.08293,17767.31418,1992.76875,0,0
Category,Weekly,1,Organic,Jacksonville,2026/01/04,1.407429326,19711.44051,81.58324867,75.56024725,0,19554.29701,16401.14701,3153.15,0,0
Category,Weekly,12,Organic,Kansas City,2026/03/22,1.088032363,53040.33467,15.5656684,721.857906,0,52302.91109,52302.91109,0,0,0
Category,Weekly,11,Organic,Kansas City,2026/03/15,1.036909654,52239.16303,44.51685023,392.6892747,0,51801.95691,51801.95691,0,0,0
Category,Weekly,10,Organic,Kansas City,2026/03/08,1.129266968,16642.45622,124.0108411,609.6887494,3.890441977,15904.86619,15904.86619,0,0,0
Category,Weekly,9,Organic,Kansas City,2026/03/01,1.221399987,13915.58381,131.2945849,1100.197134,3.867125106,12680.22497,12677.07497,3.15,0,0
Category,Weekly,8,Organic,Kansas City,2026/02/22,1.199545622,13299.74949,62.36907803,632.8939797,7.754571871,12596.73186,12596.73186,0,0,0
Category,Weekly,7,Organic,Kansas City,2026/02/15,1.208676232,12421.76938,89.34024339,576.3802967,5.832664181,11750.21618,11750.21618,0,0,0
Category,Weekly,6,Organic,Kansas City,2026/02/08,1.268618203,12131.90914,71.66800369,1342.057479,11.65317673,10706.53048,10706.53048,0,0,0
Category,Weekly,5,Organic,Kansas City,2026/02/01,1.230227894,9966.644336,55.57611717,1114.323109,23.23571747,8773.509393,8773.509393,0,0,0
Category,Weekly,4,Organic,Kansas City,2026/01/25,1.216951761,14930.29106,93.00112513,761.8451587,7.774477424,14067.67029,14067.67029,0,0,0
Category,Weekly,3,Organic,Kansas City,2026/01/18,1.228350188,13071.11618,134.0924699,422.1624469,0,12514.86126,12514.86126,0,0,0
Category,Weekly,2,Organic,Kansas City,2026/01/11,1.228765704,14741.79078,94.7288435,1339.645791,0,13307.41615,13224.72865,82.6875,0,0
Category,Weekly,1,Organic,Kansas City,2026/01/04,1.211556357,13045.68718,56.12202414,862.6178528,0,12126.9473,9304.547304,2822.4,0,0
Category,Weekly,12,Organic,Knoxville,2026/03/22,1.607339722,8633.9201,912.0666383,845.0018184,0,6876.851643,5024.651643,0,0,1852.2
Category,Weekly,11,Organic,Knoxville,2026/03/15,1.57755495,8761.794544,842.5112215,777.4221441,0,7141.861179,5235.061179,0,0,1906.8
Category,Weekly,10,Organic,Knoxville,2026/03/08,1.550095218,9581.704265,1327.79414,730.034435,0,7523.87569,5404.97569,0,0,2118.9
Category,Weekly,9,Organic,Knoxville,2026/03/01,1.510740498,9005.368673,1224.178037,944.2203238,0,6836.970312,5287.170312,0,0,1549.8
Category,Weekly,8,Organic,Knoxville,2026/02/22,1.50675255,8440.621266,1086.076044,855.6346418,0,6498.91058,4995.31058,0,0,1503.6
Category,Weekly,7,Organic,Knoxville,2026/02/15,1.547392548,8880.614893,1495.795384,871.1289262,0,6513.690582,4615.290582,0,0,1898.4
Category,Weekly,6,Organic,Knoxville,2026/02/08,1.491164274,7769.844525,1341.587474,685.1172671,0,5743.139784,4670.039784,0,0,1073.1
Category,Weekly,5,Organic,Knoxville,2026/02/01,1.524208838,6956.747449,1150.474321,745.7269802,0,5060.546148,3890.846148,0,0,1169.7
Category,Weekly,4,Organic,Knoxville,2026/01/25,1.482326986,10683.33432,1604.423918,605.2260559,0,8473.684345,6258.971845,358.3125,0,1856.4
Category,Weekly,3,Organic,Knoxville,2026/01/18,1.464922519,9190.01142,1434.298565,489.897492,0,7265.815363,4780.727863,1802.5875,0,682.5
Category,Weekly,2,Organic,Knoxville,2026/01/11,1.469568552,10335.44698,1566.810851,865.2510426,0,7903.385085,5411.472585,1416.7125,0,1075.2
Category,Weekly,1,Organic,Knoxville,2026/01/04,1.389563958,9039.440214,1567.952305,838.3265428,0,6633.161367,5235.742617,1397.41875,0,0
Category,Weekly,12,Organic,Las Vegas,2026/03/22,1.546012771,22376.47333,5459.327383,2806.364566,0,14110.78138,14110.78138,0,0,0
Category,Weekly,11,Organic,Las Vegas,2026/03/15,1.538647784,25390.14276,6625.81557,2639.648191,0,16124.679,16124.679,0,0,0
Category,Weekly,10,Organic,Las Vegas,2026/03/08,1.620084944,21146.79012,4318.461641,2693.391102,0,14134.93738,14134.93738,0,0,0
Category,Weekly,9,Organic,Las Vegas,2026/03/01,1.680602043,22024.33123,5832.806725,2792.882776,0,13398.64172,13398.64172,0,0,0
Category,Weekly,8,Organic,Las Vegas,2026/02/22,1.629681925,22036.40014,5606.092638,2606.137637,0,13824.16987,13824.16987,0,0,0
Category,Weekly,7,Organic,Las Vegas,2026/02/15,1.6597701,19882.77414,5683.550494,2262.083715,0,11937.13993,11937.13993,0,0,0
Category,Weekly,6,Organic,Las Vegas,2026/02/08,1.584372072,21710.8027,5081.393101,1914.166795,0,14715.2428,14715.2428,0,0,0
Category,Weekly,5,Organic,Las Vegas,2026/02/01,1.582049859,22085.22842,6228.015068,1423.177011,0,14434.03634,14434.03634,0,0,0
Category,Weekly,4,Organic,Las Vegas,2026/01/25,1.604011289,21728.58298,5666.070519,2340.480296,0,13722.03217,13664.15092,57.88125,0,0
Category,Weekly,3,Organic,Las Vegas,2026/01/18,1.611140702,22660.29195,5788.19365,2949.047538,0,13923.05076,13848.63201,74.41875,0,0
Category,Weekly,2,Organic,Las Vegas,2026/01/11,1.632378713,23096.97626,6764.70595,2562.897551,0,13769.37276,13377.98526,391.3875,0,0
Category,Weekly,1,Organic,Las Vegas,2026/01/04,1.687568084,21203.88498,6508.9639,3009.650326,0,11685.27076,11674.24576,11.025,0,0
Category,Weekly,12,Organic,Los Angeles,2026/03/22,1.592273286,241952.716,49451.71708,10754.93621,1.433090543,181744.6296,181352.0702,0,0,392.5593853
Category,Weekly,11,Organic,Los Angeles,2026/03/15,1.546055852,274359.7292,44934.29624,11510.36152,0,217915.0714,217520.1501,0,0,394.9213085
Category,Weekly,10,Organic,Los Angeles,2026/03/08,1.517817101,264557.957,34539.34789,11005.70092,0,219012.9082,218603.8157,0,0,409.0924473
Category,Weekly,9,Organic,Los Angeles,2026/03/01,1.67000039,259018.9726,43922.43753,13806.79484,0,201289.7402,201289.7402,0,0,0
Category,Weekly,8,Organic,Los Angeles,2026/02/22,1.653485776,259703.6693,49715.92243,12436.79909,0,197550.9478,197140.4039,0,0,410.5438957
Category,Weekly,7,Organic,Los Angeles,2026/02/15,1.610243622,260061.0195,50585.86137,11034.62492,0,198440.5332,198028.6075,0,0,411.9257698
Category,Weekly,6,Organic,Los Angeles,2026/02/08,1.604826872,252338.726,40348.06031,13702.05623,0,198288.6094,197877.5825,0,0,411.0269108
Category,Weekly,5,Organic,Los Angeles,2026/02/01,1.661532002,253886.6091,43429.81261,12461.08032,0,197995.7162,174365.8164,0,0,23629.89978
Category,Weekly,4,Organic,Los Angeles,2026/01/25,1.630214039,269349.7767,39777.51037,16292.20841,0,213280.058,170793.1089,5.5125,0,42481.43658
Category,Weekly,3,Organic,Los Angeles,2026/01/18,1.788258292,229302.6323,42427.60374,17365.49263,0,169509.5359,156158.0729,1411.2,0,11940.26303
Category,Weekly,2,Organic,Los Angeles,2026/01/11,1.772482261,243429.7164,45378.94642,16602.88349,0,181447.8865,178796.3425,2238.075,0,413.4689827
Category,Weekly,1,Organic,Los Angeles,2026/01/04,1.872377234,208981.7249,44485.09454,18688.46967,0,145808.1607,144000.0607,1808.1,0,0
Category,Weekly,12,Organic,Louisville,2026/03/22,1.617349747,11728.72229,21.83551186,2334.06605,0,9372.820729,9372.820729,0,0,0
Category,Weekly,11,Organic,Louisville,2026/03/15,1.703939741,10537.41975,622.429672,1885.057947,0,8029.932132,8029.932132,0,0,0
Category,Weekly,10,Organic,Louisville,2026/03/08,1.688723643,11561.28609,76.89834795,2772.875577,0,8711.512162,8711.512162,0,0,0
Category,Weekly,9,Organic,Louisville,2026/03/01,1.664224767,10771.86842,14.82685673,2513.881006,0,8243.160553,8243.160553,0,0,0
Category,Weekly,8,Organic,Louisville,2026/02/22,1.667559632,10095.81201,19.25286826,2317.449966,0,7759.109173,7759.109173,0,0,0
Category,Weekly,7,Organic,Louisville,2026/02/15,1.794979444,8780.189712,40.06221581,2626.640877,0,6113.486619,6113.486619,0,0,0
Category,Weekly,6,Organic,Louisville,2026/02/08,1.703591594,9821.797997,161.1860171,2459.061972,0,7201.550008,7199.648208,1.901799734,0,0
Category,Weekly,5,Organic,Louisville,2026/02/01,1.626523921,7326.833042,448.367317,1216.039576,0,5662.426149,5578.800404,83.62574519,0,0
Category,Weekly,4,Organic,Louisville,2026/01/25,1.684141283,12972.64033,488.3646562,3084.92682,0,9399.34885,9170.733232,228.6156181,0,0
Category,Weekly,3,Organic,Louisville,2026/01/18,1.632245885,10007.36712,587.2594463,1879.979351,0,7540.128327,6410.479245,1129.649082,0,0
Category,Weekly,2,Organic,Louisville,2026/01/11,1.68656787,11038.43017,1020.298296,2102.112496,0,7916.019376,5679.395286,2236.624089,0,0
Category,Weekly,1,Organic,Louisville,2026/01/04,1.668434131,8436.025139,68.52941369,2106.048814,0,6261.446911,4902.489233,1358.957678,0,0
Category,Weekly,12,Organic,Miami/FT. Lauderdale,2026/03/22,1.309072343,99247.60009,83.92890515,695.1,0,98468.57119,98465.81494,2.75625,0,0
Category,Weekly,11,Organic,Miami/FT. Lauderdale,2026/03/15,1.348675584,84943.64008,103.7431705,765.45,0,84074.44691,84074.44691,0,0,0
Category,Weekly,10,Organic,Miami/FT. Lauderdale,2026/03/08,1.233559881,108396.9682,112.1178429,746.55,0,107538.3003,107538.3003,0,0,0
Category,Weekly,9,Organic,Miami/FT. Lauderdale,2026/03/01,1.332077946,91250.89527,117.8355151,766.5,0,90366.55975,90366.55975,0,0,0
Category,Weekly,8,Organic,Miami/FT. Lauderdale,2026/02/22,1.364114024,93556.28084,88.46157879,581.7,0,92886.11926,92886.11926,0,0,0
Category,Weekly,7,Organic,Miami/FT. Lauderdale,2026/02/15,1.408752879,87321.83414,78.5920966,561.75,0,86681.49204,86681.49204,0,0,0
Category,Weekly,6,Organic,Miami/FT. Lauderdale,2026/02/08,1.416933673,82033.99792,94.28548202,737.1,0,81202.61244,81202.61244,0,0,0
Category,Weekly,5,Organic,Miami/FT. Lauderdale,2026/02/01,1.400566672,82071.06178,91.11313957,761.25,0,81218.69864,81215.94239,2.75625,0,0
Category,Weekly,4,Organic,Miami/FT. Lauderdale,2026/01/25,1.245976411,102536.6456,98.53473445,433.65,0,102004.4609,101957.6046,46.85625,0,0
Category,Weekly,3,Organic,Miami/FT. Lauderdale,2026/01/18,1.370630672,94402.35989,85.91890731,686.7,0,93629.74098,92926.89723,702.84375,0,0
Category,Weekly,2,Organic,Miami/FT. Lauderdale,2026/01/11,1.347054648,97739.66701,103.7603923,801.15,0,96834.75661,92907.10036,3927.65625,0,0
Category,Weekly,1,Organic,Miami/FT. Lauderdale,2026/01/04,1.286967771,100521.3096,156.8398995,518.7,0,99845.76966,86268.48216,13577.2875,0,0
Category,Weekly,12,Organic,Milwaukee,2026/03/22,1.542298063,14699.02845,349.0583951,2888.498837,0,11461.47121,11461.47121,0,0,0
Category,Weekly,11,Organic,Milwaukee,2026/03/15,1.662772402,14795.06621,229.6733091,3671.55815,0,10893.83475,10893.83475,0,0,0
Category,Weekly,10,Organic,Milwaukee,2026/03/08,1.632776697,14556.19636,186.7994295,3308.788167,0,11060.60876,11060.60876,0,0,0
Category,Weekly,9,Organic,Milwaukee,2026/03/01,1.684891507,14425.64099,195.1256776,3715.777004,0,10514.73831,10514.73831,0,0,0
Category,Weekly,8,Organic,Milwaukee,2026/02/22,1.700796722,13904.07221,240.3339322,3501.202187,0,10162.5361,10162.5361,0,0,0
Category,Weekly,7,Organic,Milwaukee,2026/02/15,1.688926496,13495.7935,313.9968464,3277.255398,0,9904.541259,9904.541259,0,0,0
Category,Weekly,6,Organic,Milwaukee,2026/02/08,1.629542447,15524.77473,468.7069338,3295.767384,0,11760.30041,11755.85973,4.440679032,0,0
Category,Weekly,5,Organic,Milwaukee,2026/02/01,1.604555765,15393.98691,1032.356379,2506.867828,0,11854.76271,11597.23849,257.5242171,0,0
Category,Weekly,4,Organic,Milwaukee,2026/01/25,1.682583665,15689.66994,1202.310915,2795.206443,0,11692.15258,11234.75813,457.3944526,0,0
Category,Weekly,3,Organic,Milwaukee,2026/01/18,1.636861863,13841.38943,247.9639522,2837.4994,0,10755.92608,10334.41838,421.5077014,0,0
Category,Weekly,2,Organic,Milwaukee,2026/01/11,1.703163964,15565.5456,271.2780421,4173.054057,0,11121.2135,10612.19862,509.0148813,0,0
Category,Weekly,1,Organic,Milwaukee,2026/01/04,1.698539618,13348.85395,160.915334,3652.196936,0,9535.741685,8945.155233,590.5864517,0,0
Category,Weekly,12,Organic,Minneapolis,2026/03/22,1.326948251,33757.67203,463.4502086,956.0894774,0,32338.13234,32338.13234,0,0,0
Category,Weekly,11,Organic,Minneapolis,2026/03/15,1.366549253,41963.95076,729.4756966,629.871975,0,40604.60309,40604.60309,0,0,0
Category,Weekly,10,Organic,Minneapolis,2026/03/08,1.343267674,41824.4113,581.4200309,848.0422652,0,40394.949,40394.949,0,0,0
Category,Weekly,9,Organic,Minneapolis,2026/03/01,1.340212904,39198.69291,491.7618411,884.7715081,0,37822.15956,37822.15956,0,0,0
Category,Weekly,8,Organic,Minneapolis,2026/02/22,1.347311495,40986.48705,406.319767,1041.151937,0,39539.01535,39539.01535,0,0,0
Category,Weekly,7,Organic,Minneapolis,2026/02/15,1.375323818,33390.64667,360.7021663,873.1384167,0,32156.80609,32156.80609,0,0,0
Category,Weekly,6,Organic,Minneapolis,2026/02/08,1.420030192,27598.39658,362.1543162,1101.775597,0,26134.46667,26134.46667,0,0,0
Category,Weekly,5,Organic,Minneapolis,2026/02/01,1.418071786,34304.52928,419.5753063,1443.369382,0,32441.58459,32441.58459,0,0,0
Category,Weekly,4,Organic,Minneapolis,2026/01/25,1.277521541,41625.05652,799.0694779,821.6275335,0,40004.35951,39996.09076,8.26875,0,0
Category,Weekly,3,Organic,Minneapolis,2026/01/18,1.376795794,32269.7804,416.7342048,653.1990198,0,31199.84718,31169.52843,30.31875,0,0
Category,Weekly,2,Organic,Minneapolis,2026/01/11,1.380311905,31557.43961,398.3091808,603.396041,0,30555.73439,29199.65939,1356.075,0,0
Category,Weekly,1,Organic,Minneapolis,2026/01/04,1.387947351,32916.92894,587.5930604,800.4496751,0,31528.8862,27926.46745,3602.41875,0,0
Category,Weekly,12,Organic,Nashville,2026/03/22,1.486268483,25197.22801,364.1413716,2712.586991,0,22120.49964,22120.49964,0,0,0
Category,Weekly,11,Organic,Nashville,2026/03/15,1.526291986,26514.67419,1090.975105,3467.555636,0,21956.14345,21956.14345,0,0,0
Category,Weekly,10,Organic,Nashville,2026/03/08,1.449717266,27256.6132,479.3311068,3057.425928,0,23719.85616,23719.85616,0,0,0
Category,Weekly,9,Organic,Nashville,2026/03/01,1.483757884,24668.13881,524.3344647,3349.610745,0,20794.1936,20794.1936,0,0,0
Category,Weekly,8,Organic,Nashville,2026/02/22,1.481148028,24560.1027,491.2360619,2634.10612,0,21434.76051,21434.76051,0,0,0
Category,Weekly,7,Organic,Nashville,2026/02/15,1.533081661,23002.71183,396.946841,3217.226238,0,19388.53875,19388.53875,0,0,0
Category,Weekly,6,Organic,Nashville,2026/02/08,1.477011328,23182.61454,566.8266838,3170.221111,0,19445.56675,19445.56675,0,0,0
Category,Weekly,5,Organic,Nashville,2026/02/01,1.558153622,15579.93777,896.647728,1253.079694,0,13430.21034,13426.01034,4.2,0,0
Category,Weekly,4,Organic,Nashville,2026/01/25,1.554283063,30528.68844,1270.393675,4642.638394,0,24615.65637,24612.90012,2.75625,0,0
Category,Weekly,3,Organic,Nashville,2026/01/18,1.549325948,26070.93942,1321.763335,3387.225292,0,21361.95079,20948.51329,413.4375,0,0
Category,Weekly,2,Organic,Nashville,2026/01/11,1.585517652,28814.13914,2436.813807,3117.743526,0,23259.5818,21567.2443,1692.3375,0,0
Category,Weekly,1,Organic,Nashville,2026/01/04,1.448381493,26898.12097,472.451624,4107.843347,0,22317.826,17684.56975,4633.25625,0,0
Category,Weekly,12,Organic,New Orleans/Mobile,2026/03/22,1.393984852,15241.20767,158.7590594,0,0,15082.44861,14276.95161,0,0,805.497
Category,Weekly,11,Organic,New Orleans/Mobile,2026/03/15,1.350299622,14540.5564,221.6006942,3.7799999,0,14315.1757,14315.1757,0,0,0
Category,Weekly,10,Organic,New Orleans/Mobile,2026/03/08,1.302916628,15388.93201,134.6266289,0,0,15254.30538,15254.30538,0,0,0
Category,Weekly,9,Organic,New Orleans/Mobile,2026/03/01,1.348974614,12929.22837,224.5687147,5.6700001,0,12698.98966,12698.98966,0,0,0
Category,Weekly,8,Organic,New Orleans/Mobile,2026/02/22,1.345585569,11989.22557,256.3879415,13.22999965,0,11719.60762,11719.60762,0,0,0
Category,Weekly,7,Organic,New Orleans/Mobile,2026/02/15,1.386741936,13428.10003,165.6681701,0,0,13262.43186,13248.65061,13.78125,0,0
Category,Weekly,6,Organic,New Orleans/Mobile,2026/02/08,1.363606868,17136.54246,240.5860077,6.61499995,0,16889.34146,16762.55396,126.7875,0,0
Category,Weekly,5,Organic,New Orleans/Mobile,2026/02/01,1.327897273,18554.04843,150.8629963,0,0,18403.18544,17408.17919,995.00625,0,0
Category,Weekly,4,Organic,New Orleans/Mobile,2026/01/25,1.342336647,20321.08877,185.8186753,4.725,0,20130.5451,19893.5076,237.0375,0,0
Category,Weekly,3,Organic,New Orleans/Mobile,2026/01/18,1.386048392,17339.14154,125.3266739,1.88999995,0,17211.92487,15553.97487,1657.95,0,0
Category,Weekly,2,Organic,New Orleans/Mobile,2026/01/11,1.350038055,18470.30946,276.3547602,4.725,0,18189.2297,16585.0922,1604.1375,0,0
Category,Weekly,1,Organic,New Orleans/Mobile,2026/01/04,1.305661591,17101.70293,152.1952407,3.7799999,0,16945.72769,12403.42769,4542.3,0,0
Category,Weekly,12,Organic,New York,2026/03/22,1.436825935,225337.2051,12737.21841,16164.31176,0,196435.6749,178042.377,2457.373278,0,15935.92467
Category,Weekly,11,Organic,New York,2026/03/15,1.429411513,237933.3442,13705.52588,16703.87461,0,207523.9437,188436.2914,2605.853656,0,16481.79864
Category,Weekly,10,Organic,New York,2026/03/08,1.370034441,264623.6906,11053.32858,18886.2743,0,234684.0877,217518.1477,1464.020177,0,15701.91983
Category,Weekly,9,Organic,New York,2026/03/01,1.386823419,223929.1864,18886.62865,18892.78135,0,186149.7764,171384.4886,1342.667511,0,13422.62035
Category,Weekly,8,Organic,New York,2026/02/22,1.38841667,256756.8675,14582.76595,17102.86745,0,225071.2341,205858.2529,0,0,19212.98123
Category,Weekly,7,Organic,New York,2026/02/15,1.39629285,215865.0721,18810.16155,17683.97069,0,179370.9398,164929.3824,0,0,14441.5574
Category,Weekly,6,Organic,New York,2026/02/08,1.399056142,223902.5252,16268.21359,17757.93752,0,189876.374,173275.8768,182.2843621,0,16418.21292
Category,Weekly,5,Organic,New York,2026/02/01,1.419153587,202209.0973,9014.044136,18998.45978,0,174196.5934,160599.4018,0,0,13597.1916
Category,Weekly,4,Organic,New York,2026/01/25,1.407578098,292547.3045,27358.08533,20620.46919,0,244568.75,225394.8808,0,0,19173.86913
Category,Weekly,3,Organic,New York,2026/01/18,1.438450366,216520.5071,21977.97846,18266.06018,0,176276.4685,160202.1666,143.8743898,0,15930.42751
Category,Weekly,2,Organic,New York,2026/01/11,1.421094006,241498.6423,24525.56904,20450.60977,0,196522.4635,178802.9999,738.675,0,16980.78852
Category,Weekly,1,Organic,New York,2026/01/04,1.4334074,211831.3537,8631.019454,17140.33632,0,186059.998,170170.1993,471.31875,0,15418.47991
Category,Weekly,12,Organic,Northern New England,2026/03/22,1.612848119,19303.7435,2207.910494,247.6589174,0,16848.17409,16808.04435,22.62347662,0,17.50626167
Category,Weekly,11,Organic,Northern New England,2026/03/15,1.595444241,21455.48492,2373.808756,215.1142565,0,18866.56191,18225.05792,605.1467098,0,36.35727896
Category,Weekly,10,Organic,Northern New England,2026/03/08,1.531931046,23581.55145,1960.293122,133.642432,0,21487.6159,20018.44085,1444.937899,0,24.23714675
Category,Weekly,9,Organic,Northern New England,2026/03/01,1.593319121,19972.53553,1651.097869,91.52732915,0,18229.91034,16390.11339,1806.796567,0,33.00037664
Category,Weekly,8,Organic,Northern New England,2026/02/22,1.60143842,20299.80364,1671.804322,173.3943256,0,18454.605,17124.80768,1286.70515,0,43.09216619
Category,Weekly,7,Organic,Northern New England,2026/02/15,1.762300316,18906.05886,1602.293846,127.9242536,0,17175.84076,15644.62778,1501.587898,0,29.62508632
Category,Weekly,6,Organic,Northern New England,2026/02/08,1.771276721,19041.47747,1520.893988,208.0194617,0,17312.56402,16777.18921,497.6723625,0,37.70245171
Category,Weekly,5,Organic,Northern New England,2026/02/01,1.848666828,18746.06203,2194.360555,188.5470811,0,16363.1544,13847.32933,2479.475054,0,36.35001708
Category,Weekly,4,Organic,Northern New England,2026/01/25,1.764535629,22563.27952,2058.405833,170.6142218,0,20334.25947,16365.07993,3936.857231,0,32.32230896
Category,Weekly,3,Organic,Northern New England,2026/01/18,1.86282748,18000.8326,2369.628814,204.0722,0,15427.13159,11574.10502,3826.094569,0,26.93199992
Category,Weekly,2,Organic,Northern New England,2026/01/11,1.812396043,20503.52249,2068.783465,184.3478402,0,18250.39119,15944.66412,2273.362472,0,32.3645965
Category,Weekly,1,Organic,Northern New England,2026/01/04,1.752804747,18976.31904,1445.219255,185.5342432,0,17345.56554,16858.87929,455.2592732,0,31.42697349
Category,Weekly,12,Organic,Omaha,2026/03/22,1.128555135,39599.40598,468.2272061,1284.883176,0,37846.29559,37627.76959,0,0,218.526
Category,Weekly,11,Organic,Omaha,2026/03/15,1.103793935,35215.79985,399.4057183,808.4995173,0,34007.89462,30196.39462,0,0,3811.5
Category,Weekly,10,Organic,Omaha,2026/03/08,1.480727207,10375.87946,826.5197329,903.4633894,0,8645.896341,4473.574341,0,0,4172.322
Category,Weekly,9,Organic,Omaha,2026/03/01,1.43545171,8859.603596,770.0838249,712.1608708,0,7377.358901,4445.044901,0,0,2932.314
Category,Weekly,8,Organic,Omaha,2026/02/22,1.362714893,5843.517722,523.7373862,723.6085036,0,4596.171832,4596.171832,0,0,0
Category,Weekly,7,Organic,Omaha,2026/02/15,1.384042988,5408.702994,526.1379049,847.3108501,0,4035.254239,4035.254239,0,0,0
Category,Weekly,6,Organic,Omaha,2026/02/08,1.484124234,5719.053694,717.096575,1311.231782,0,3690.725337,3690.725337,0,0,0
Category,Weekly,5,Organic,Omaha,2026/02/01,1.468794709,5739.413234,623.4702636,1399.565401,0,3716.377569,3716.377569,0,0,0
Category,Weekly,4,Organic,Omaha,2026/01/25,1.42627619,6023.019221,680.5477609,1313.305197,0,4029.166263,4004.360013,24.80625,0,0
Category,Weekly,3,Organic,Omaha,2026/01/18,1.415915126,7771.814336,633.5407344,1146.567986,0,5991.705615,5167.586865,824.11875,0,0
Category,Weekly,2,Organic,Omaha,2026/01/11,1.408884465,8249.025192,684.0208021,1290.421684,0,6274.582706,6274.582706,0,0,0
Category,Weekly,1,Organic,Omaha,2026/01/04,1.386834498,7826.726304,519.4347082,952.0433488,0,6355.248247,6355.248247,0,0,0
Category,Weekly,12,Organic,Orlando,2026/03/22,1.326723245,39954.00789,101.2678966,110.25,0,39742.49,39742.49,0,0,0
Category,Weekly,11,Organic,Orlando,2026/03/15,1.341355916,45753.98959,132.976485,136.5,0,45484.5131,45484.5131,0,0,0
Category,Weekly,10,Organic,Orlando,2026/03/08,1.288866704,59297.53366,149.4745982,166.95,0,58981.10906,58981.10906,0,0,0
Category,Weekly,9,Organic,Orlando,2026/03/01,1.347523873,50764.66707,119.5558446,153.3,0,50491.81123,50491.81123,0,0,0
Category,Weekly,8,Organic,Orlando,2026/02/22,1.462362098,46720.21403,128.9053581,84.73500005,0,46506.57367,46506.57367,0,0,0
Category,Weekly,7,Organic,Orlando,2026/02/15,1.485189407,43237.70716,169.596401,148.05,0,42920.06076,42920.06076,0,0,0
Category,Weekly,6,Organic,Orlando,2026/02/08,1.460605644,41694.64086,77.71004925,145.95,0,41470.98081,41470.98081,0,0,0
Category,Weekly,5,Organic,Orlando,2026/02/01,1.415555181,51256.12629,160.3912156,140.7,0,50955.03507,50944.01007,11.025,0,0
Category,Weekly,4,Organic,Orlando,2026/01/25,1.355780645,60939.26408,248.7269637,149.1,0,60541.43712,60489.06837,52.36875,0,0
Category,Weekly,3,Organic,Orlando,2026/01/18,1.443032136,49625.26348,243.1141638,127.05,0,49255.09932,46881.96807,2373.13125,0,0
Category,Weekly,2,Organic,Orlando,2026/01/11,1.396158126,59336.52176,199.8634498,157.5,0,58979.15831,49811.87081,9167.2875,0,0
Category,Weekly,1,Organic,Orlando,2026/01/04,1.338744114,57619.30879,173.8607581,119.7,0,57325.74804,45799.11054,11526.6375,0,0
Category,Weekly,12,Organic,Peoria/Springfield,2026/03/22,1.402086013,10679.48979,42.7668863,1018.010365,0,9618.71254,9618.71254,0,0,0
Category,Weekly,11,Organic,Peoria/Springfield,2026/03/15,1.368929808,11842.73867,76.53866945,902.9055955,0,10863.29441,10863.29441,0,0,0
Category,Weekly,10,Organic,Peoria/Springfield,2026/03/08,1.346981214,11825.89274,30.6821378,835.6343626,0,10959.57624,10959.57624,0,0,0
Category,Weekly,9,Organic,Peoria/Springfield,2026/03/01,1.413670986,11049.46138,46.49127956,937.4028627,0,10065.56724,10065.56724,0,0,0
Category,Weekly,8,Organic,Peoria/Springfield,2026/02/22,1.437650948,10841.6997,42.50670477,1079.208297,0,9719.984701,9719.984701,0,0,0
Category,Weekly,7,Organic,Peoria/Springfield,2026/02/15,1.454581315,9562.065482,33.22213505,986.5640614,0,8542.279285,8542.279285,0,0,0
Category,Weekly,6,Organic,Peoria/Springfield,2026/02/08,1.421576802,10426.06185,59.09947407,964.6755225,0,9402.286851,9402.286851,0,0,0
Category,Weekly,5,Organic,Peoria/Springfield,2026/02/01,1.367540685,11523.94258,40.97843246,990.3549745,0,10492.60918,10376.01606,116.5931208,0,0
Category,Weekly,4,Organic,Peoria/Springfield,2026/01/25,1.343935898,13176.29552,92.49942503,819.6132386,0,12264.18286,11957.61475,306.5681003,0,0
Category,Weekly,3,Organic,Peoria/Springfield,2026/01/18,1.456592223,10505.32145,493.4934967,633.5700148,0,9378.257935,8900.60179,477.6561449,0,0
Category,Weekly,2,Organic,Peoria/Springfield,2026/01/11,1.444984632,11733.85962,333.1367093,936.5914446,0,10464.13146,9328.815814,1135.315647,0,0
Category,Weekly,1,Organic,Peoria/Springfield,2026/01/04,1.376664589,9857.205354,209.8507882,574.6324034,0,9072.722162,8287.19252,785.529642,0,0
Category,Weekly,12,Organic,Philadelphia,2026/03/22,1.514594863,64822.3224,2590.449597,9222.839313,0,53009.03349,47782.30476,2946.952418,0,2279.776314
Category,Weekly,11,Organic,Philadelphia,2026/03/15,1.501074518,67919.04405,2669.386681,9188.896389,0,56060.76098,50502.59696,2810.668406,0,2747.495616
Category,Weekly,10,Organic,Philadelphia,2026/03/08,1.442121009,75199.56063,2671.999654,9576.178987,0,62951.38198,58149.85792,2256.757396,0,2544.766667
Category,Weekly,9,Organic,Philadelphia,2026/03/01,1.494841189,61777.21576,3758.707116,10428.70764,0,47589.801,43635.51289,1941.43244,0,2012.855668
Category,Weekly,8,Organic,Philadelphia,2026/02/22,1.456920967,69181.96737,3591.344196,10678.60551,0,54912.01766,52268.07122,0,0,2643.946443
Category,Weekly,7,Organic,Philadelphia,2026/02/15,1.467254897,57977.18423,3124.166948,10382.55672,0,44470.46056,42466.03578,0,0,2004.424783
Category,Weekly,6,Organic,Philadelphia,2026/02/08,1.429000363,63896.09531,3402.823056,10895.13669,0,49598.13557,47654.13816,0,0,1943.997402
Category,Weekly,5,Organic,Philadelphia,2026/02/01,1.482264689,53215.80247,1636.213376,11573.66597,0,40005.92313,38193.45985,0,0,1812.463274
Category,Weekly,4,Organic,Philadelphia,2026/01/25,1.4371109,84220.94597,4429.727311,13206.75255,0,66584.46611,63980.0106,19.29375,0,2585.161757
Category,Weekly,3,Organic,Philadelphia,2026/01/18,1.468082951,62553.36084,2752.580899,11348.32926,0,48452.45069,45901.04629,352.0373515,0,2199.367045
Category,Weekly,2,Organic,Philadelphia,2026/01/11,1.462182285,70408.11145,4169.387821,10881.7303,0,55356.99333,52140.33843,584.325,0,2632.329892
Category,Weekly,1,Organic,Philadelphia,2026/01/04,1.438059327,64086.81841,1558.605278,9808.904637,0,52719.30849,49726.50318,308.7,0,2684.105315
Category,Weekly,12,Organic,Phoenix/Tucson,2026/03/22,1.444516831,60288.74086,14339.24507,7825.987111,0,38123.50867,38123.50867,0,0,0
Category,Weekly,11,Organic,Phoenix/Tucson,2026/03/15,1.469695751,65075.53908,16789.62171,7602.521726,0,40683.39564,40683.39564,0,0,0
Category,Weekly,10,Organic,Phoenix/Tucson,2026/03/08,1.512367867,62426.29666,17574.12126,6501.534631,0,38350.64077,38350.64077,0,0,0
Category,Weekly,9,Organic,Phoenix/Tucson,2026/03/01,1.509222441,58070.95105,12711.21523,6619.137076,0,38740.59875,38737.44875,0,0,3.15
Category,Weekly,8,Organic,Phoenix/Tucson,2026/02/22,1.527248279,59012.4368,15850.49343,6049.949257,0,37111.99411,37111.99411,0,0,0
Category,Weekly,7,Organic,Phoenix/Tucson,2026/02/15,1.504299365,57388.67721,14229.96889,5688.361306,0,37470.34701,37470.34701,0,0,0
Category,Weekly,6,Organic,Phoenix/Tucson,2026/02/08,1.548893336,56961.32258,14204.45352,5324.890846,0,37431.97822,37429.22197,2.75625,0,0
Category,Weekly,5,Organic,Phoenix/Tucson,2026/02/01,1.516375024,54907.32657,14454.63531,3417.904485,0,37034.78678,37023.76178,11.025,0,0
Category,Weekly,4,Organic,Phoenix/Tucson,2026/01/25,1.497384417,54261.09952,11846.09418,5214.913467,0,37200.09187,37084.32937,115.7625,0,0
Category,Weekly,3,Organic,Phoenix/Tucson,2026/01/18,1.474225121,51756.4781,8455.54541,6189.797029,0,37111.13566,35239.64191,1871.49375,0,0
Category,Weekly,2,Organic,Phoenix/Tucson,2026/01/11,1.444844111,54159.30054,8836.654096,6637.637379,6.415429407,38678.59364,38518.73114,159.8625,0,0
Category,Weekly,1,Organic,Phoenix/Tucson,2026/01/04,1.623383812,48896.9216,11143.27124,6727.565539,0,31026.08482,31026.08482,0,0,0
Category,Weekly,12,Organic,Pittsburgh,2026/03/22,1.473343345,12722.96049,993.2198959,3.781002564,0,11725.9596,8884.659595,0,0,2841.3
Category,Weekly,11,Organic,Pittsburgh,2026/03/15,1.408149913,14463.39921,1163.24918,0,0,13300.15003,10983.85003,0,0,2316.3
Category,Weekly,10,Organic,Pittsburgh,2026/03/08,1.351635316,16013.6276,1044.17772,3.764766707,0,14965.68512,12342.78512,0,0,2622.9
Category,Weekly,9,Organic,Pittsburgh,2026/03/01,1.433883981,12795.43819,960.6968299,8.75882883,0,11825.98253,9704.982532,0,0,2121
Category,Weekly,8,Organic,Pittsburgh,2026/02/22,1.453495051,11853.02316,754.4893386,1.249927832,0,11097.2839,8568.883897,0,0,2528.4
Category,Weekly,7,Organic,Pittsburgh,2026/02/15,1.432902804,10113.16015,814.380762,8.759484131,0,9290.019906,7799.019906,0,0,1491
Category,Weekly,6,Organic,Pittsburgh,2026/02/08,1.482979578,10693.48836,872.8850836,0,0,9820.603275,7386.703275,0,0,2433.9
Category,Weekly,5,Organic,Pittsburgh,2026/02/01,1.426085386,8999.222417,655.2776786,4.986205778,0,8338.958533,6784.958533,0,0,1554
Category,Weekly,4,Organic,Pittsburgh,2026/01/25,1.357541312,17718.54984,1125.380475,3.759000124,0,16589.41037,13707.55412,2.75625,0,2879.1
Category,Weekly,3,Organic,Pittsburgh,2026/01/18,1.427339165,13257.58533,928.5227531,1.25322777,0,12327.80935,10378.22185,170.8875,0,1778.7
Category,Weekly,2,Organic,Pittsburgh,2026/01/11,1.386404834,13663.95618,962.4366669,2.506844868,0,12699.01267,11088.18142,79.93125,0,1530.9
Category,Weekly,1,Organic,Pittsburgh,2026/01/04,1.275603165,13999.54854,925.2908951,2.508971076,0,13071.74867,13071.74867,0,0,0
Category,Weekly,12,Organic,Portland,2026/03/22,1.768385522,62822.32519,2611.275449,19193.22129,0,41017.82845,41017.82845,0,0,0
Category,Weekly,11,Organic,Portland,2026/03/15,1.778187766,66718.39766,2599.453009,19886.9592,0,44231.98545,44231.98545,0,0,0
Category,Weekly,10,Organic,Portland,2026/03/08,1.809711193,75620.56477,1827.618475,20987.91681,0,52805.02949,52805.02949,0,0,0
Category,Weekly,9,Organic,Portland,2026/03/01,2.062794007,67807.05076,1028.400361,16955.01569,0,49823.63472,49823.63472,0,0,0
Category,Weekly,8,Organic,Portland,2026/02/22,1.997716548,61250.0776,207.2626309,14750.49621,0,46292.31876,46292.31876,0,0,0
Category,Weekly,7,Organic,Portland,2026/02/15,2.074888234,58463.01579,176.6079217,16589.65223,0,41696.75564,41696.75564,0,0,0
Category,Weekly,6,Organic,Portland,2026/02/08,2.049219156,69135.87448,201.2040561,16597.03399,0,52337.63644,52337.63644,0,0,0
Category,Weekly,5,Organic,Portland,2026/02/01,2.009982672,57304.7315,168.6546616,15231.6831,0,41904.39374,41904.39374,0,0,0
Category,Weekly,4,Organic,Portland,2026/01/25,2.066732482,65899.44004,177.5752559,18913.56897,0,46808.29582,46800.02707,8.26875,0,0
Category,Weekly,3,Organic,Portland,2026/01/18,2.097121928,65702.54248,158.7010381,19940.16272,0,45603.67872,45096.52872,507.15,0,0
Category,Weekly,2,Organic,Portland,2026/01/11,2.059961219,67129.01127,222.0472551,22464.7931,0,44442.17091,44420.12091,22.05,0,0
Category,Weekly,1,Organic,Portland,2026/01/04,2.046154489,69427.37333,150.0066474,23065.80974,0,46211.55695,45828.4382,383.11875,0,0
Category,Weekly,12,Organic,Providence,2026/03/22,1.335426237,9950.634373,8.193076405,9.558589321,0,9932.882707,9932.882707,0,0,0
Category,Weekly,11,Organic,Providence,2026/03/15,1.296521663,11533.3928,13.2509986,16.5052189,0,11503.63658,11316.96801,186.668572,0,0
Category,Weekly,10,Organic,Providence,2026/03/08,1.259005905,12790.35726,12.63907628,6.852511192,0,12770.86567,12023.45608,747.4095869,0,0
Category,Weekly,9,Organic,Providence,2026/03/01,1.311841945,10401.19323,25.77250107,6.717438663,0,10368.70329,9737.186238,631.5170518,0,0
Category,Weekly,8,Organic,Providence,2026/02/22,1.296390052,10570.69498,2.75104995,13.43487072,0,10554.50905,10335.08461,219.4244491,0,0
Category,Weekly,7,Organic,Providence,2026/02/15,1.305465237,9354.810626,1.378301415,11.02641132,0,9342.405913,8916.437055,425.9688582,0,0
Category,Weekly,6,Organic,Providence,2026/02/08,1.296788447,10470.13006,1.377977201,13.34679496,0,10455.40529,10306.98847,148.4168199,0,0
Category,Weekly,5,Organic,Providence,2026/02/01,1.30054002,9301.169932,0,14.04192912,0,9287.128003,8767.180603,519.9473999,0,0
Category,Weekly,4,Organic,Providence,2026/01/25,1.274091467,12521.32756,10.26632109,11.18386907,0,12499.87737,11076.03728,1423.840093,0,0
Category,Weekly,3,Organic,Providence,2026/01/18,1.340647266,8589.291464,17.32675442,8.30035808,0,8563.664352,7260.438276,1303.226076,0,0
Category,Weekly,2,Organic,Providence,2026/01/11,1.305416934,10223.42791,14.91105204,16.21993985,0,10192.29692,9403.386786,788.9101321,0,0
Category,Weekly,1,Organic,Providence,2026/01/04,1.223940412,8874.662279,2.763036205,4.144554491,0,8867.754689,8793.454739,74.29994938,0,0
Category,Weekly,12,Organic,Raleigh/Greensboro,2026/03/22,1.408808117,50421.93797,335.8359991,1368.63247,29.99882884,48687.47067,47246.87067,0,0,1440.6
Category,Weekly,11,Organic,Raleigh/Greensboro,2026/03/15,1.38061693,55417.89214,353.4073935,1675.056265,22.7607258,53366.66775,52041.56775,0,0,1325.1
Category,Weekly,10,Organic,Raleigh/Greensboro,2026/03/08,1.472169279,53040.72443,882.1322013,1272.312619,24.82568669,50861.45392,49668.65392,0,0,1192.8
Category,Weekly,9,Organic,Raleigh/Greensboro,2026/03/01,1.497375102,51887.4462,329.9755398,1611.967358,15.51010075,49929.9932,48478.8932,0,0,1451.1
Category,Weekly,8,Organic,Raleigh/Greensboro,2026/02/22,1.488816885,51043.85,286.6566918,1496.179248,32.0375093,49228.97655,47979.47655,0,0,1249.5
Category,Weekly,7,Organic,Raleigh/Greensboro,2026/02/15,1.485076657,49866.86907,167.0716885,1586.719863,8.267933274,48104.80959,47103.10959,0,0,1001.7
Category,Weekly,6,Organic,Raleigh/Greensboro,2026/02/08,1.361295211,51151.36357,134.369324,1518.554508,10.33119355,49488.10854,48385.60854,0,0,1102.5
Category,Weekly,5,Organic,Raleigh/Greensboro,2026/02/01,1.540349873,47676.36609,679.5095526,1586.673046,20.68189209,45389.5016,44545.3016,0,0,844.2
Category,Weekly,4,Organic,Raleigh/Greensboro,2026/01/25,1.423590577,61352.21115,663.1218246,1300.813024,22.78184832,59365.49445,59197.49445,0,0,168
Category,Weekly,3,Organic,Raleigh/Greensboro,2026/01/18,1.420942447,45262.29906,366.4045814,1576.035727,25.89526892,43293.96348,42995.76348,0,0,298.2
Category,Weekly,2,Organic,Raleigh/Greensboro,2026/01/11,1.431254492,55368.66404,362.3219487,1589.507977,17.60540868,53399.22871,53399.22871,0,0,0
Category,Weekly,1,Organic,Raleigh/Greensboro,2026/01/04,1.370307421,51982.74532,289.9531698,1717.207782,4.142188036,49971.44218,49971.44218,0,0,0
Category,Weekly,12,Organic,Richmond/Norfolk,2026/03/22,1.38883692,39647.89969,95.27593256,2346.183156,17.37315704,37189.06744,33123.46744,4.2,0,4061.4
Category,Weekly,11,Organic,Richmond/Norfolk,2026/03/15,1.384279864,41795.05032,1125.690952,1804.104764,4.088417515,38861.16618,34525.19118,0,0,4335.975
Category,Weekly,10,Organic,Richmond/Norfolk,2026/03/08,1.312601945,44981.58076,498.4329075,2269.74143,7.15164196,42206.25478,38364.04228,0,0,3842.2125
Category,Weekly,9,Organic,Richmond/Norfolk,2026/03/01,1.38790856,40981.05158,46.81162022,3029.848038,7.154585689,37897.23734,34352.43734,0,0,3544.8
Category,Weekly,8,Organic,Richmond/Norfolk,2026/02/22,1.45309405,36014.9739,23.63503208,2562.947705,6.130954054,33422.26021,30036.53521,0,0,3385.725
Category,Weekly,7,Organic,Richmond/Norfolk,2026/02/15,1.472441913,35021.04105,30.18558791,2405.975525,6.13044928,32578.74949,29319.28699,0,0,3259.4625
Category,Weekly,6,Organic,Richmond/Norfolk,2026/02/08,1.298966004,37477.16153,215.8287136,2241.106707,3.06447613,35017.16164,31807.83664,0,0,3209.325
Category,Weekly,5,Organic,Richmond/Norfolk,2026/02/01,1.383744026,37208.05582,840.8562917,1985.531341,3.065281485,34378.60291,32089.60291,0,0,2289
Category,Weekly,4,Organic,Richmond/Norfolk,2026/01/25,1.38037801,42965.42754,149.69007,2711.99808,10.23145881,40093.50793,39337.77043,0,0,755.7375
Category,Weekly,3,Organic,Richmond/Norfolk,2026/01/18,1.308698831,43563.58642,561.1220839,2144.194935,8.18641412,40850.08298,39667.25798,0,0,1182.825
Category,Weekly,2,Organic,Richmond/Norfolk,2026/01/11,1.418661458,41312.2511,1897.203745,1409.462673,6.138444158,37999.44624,37957.44624,0,0,42
Category,Weekly,1,Organic,Richmond/Norfolk,2026/01/04,1.296017932,40561.74597,709.1648557,1800.098219,10.22964384,38042.25325,38017.31575,0,0,24.9375
Category,Weekly,12,Organic,Roanoke,2026/03/22,1.502952906,17875.89503,57.26305879,2736.103563,0,15082.52841,14484.02841,0,0,598.5
Category,Weekly,11,Organic,Roanoke,2026/03/15,1.442760706,19801.64437,1537.266627,1667.823774,0,16596.55397,15985.45397,0,0,611.1
Category,Weekly,10,Organic,Roanoke,2026/03/08,1.481461905,19241.20946,442.4925125,2716.836637,0,16081.88031,15537.98031,0,0,543.9
Category,Weekly,9,Organic,Roanoke,2026/03/01,1.54946016,19671.96539,20.49439813,3611.412829,0,16040.05816,15531.85816,0,0,508.2
Category,Weekly,8,Organic,Roanoke,2026/02/22,1.508881626,18579.70085,8.086828101,3236.254233,0,15335.35979,14812.45979,0,0,522.9
Category,Weekly,7,Organic,Roanoke,2026/02/15,1.544298729,18252.20612,32.97143555,3209.379143,0,15009.85554,14398.75554,0,0,611.1
Category,Weekly,6,Organic,Roanoke,2026/02/08,1.504697867,19006.71999,189.3976989,3546.159201,0,15271.16309,14880.56309,0,0,390.6
Category,Weekly,5,Organic,Roanoke,2026/02/01,1.552625846,14922.00603,635.2294337,2250.477552,0,12036.29904,11689.79904,0,0,346.5
Category,Weekly,4,Organic,Roanoke,2026/01/25,1.466473167,23357.23763,87.23248037,3250.392462,0,20019.61269,19299.31269,88.2,0,632.1
Category,Weekly,3,Organic,Roanoke,2026/01/18,1.476146616,17659.89054,1060.964788,2073.181696,0,14525.74405,13495.43155,755.2125,0,275.1
Category,Weekly,2,Organic,Roanoke,2026/01/11,1.506480751,19531.17304,2128.205815,1744.295403,0,15658.67182,14499.07807,813.09375,0,346.5
Category,Weekly,1,Organic,Roanoke,2026/01/04,1.39177772,17625.00518,970.3114552,1629.928932,0,15024.76479,14294.35854,730.40625,0,0
Category,Weekly,12,Organic,Sacramento,2026/03/22,1.591869996,35117.10682,6060.500343,210.4734923,0,28846.13299,27454.0621,0,0,1392.070895
Category,Weekly,11,Organic,Sacramento,2026/03/15,1.586084103,35702.97161,4286.857651,188.2443945,0,31227.86957,30108.58429,0,0,1119.285278
Category,Weekly,10,Organic,Sacramento,2026/03/08,1.594771021,37276.29345,5308.162527,293.4457318,0,31674.6852,29931.80831,0,0,1742.876883
Category,Weekly,9,Organic,Sacramento,2026/03/01,1.614836274,39165.63331,7069.801243,529.5457121,0,31566.28636,29074.52606,0,0,2491.760295
Category,Weekly,8,Organic,Sacramento,2026/02/22,1.614007226,35722.27436,5196.691906,588.429931,0,29937.15252,27939.81801,0,0,1997.334516
Category,Weekly,7,Organic,Sacramento,2026/02/15,1.643682177,32303.78961,4605.030164,422.1808591,0,27276.57859,26215.28458,0,0,1061.294014
Category,Weekly,6,Organic,Sacramento,2026/02/08,1.624841735,34873.46258,5121.952672,475.7332786,0,29275.77663,28173.62994,0,0,1102.146693
Category,Weekly,5,Organic,Sacramento,2026/02/01,1.615564466,35003.65041,4390.78184,408.4442174,0,30204.42435,29107.72203,0,0,1096.702315
Category,Weekly,4,Organic,Sacramento,2026/01/25,1.608044857,32879.38702,3222.179409,521.4756689,0,29135.73194,27808.91992,5.5125,0,1321.299523
Category,Weekly,3,Organic,Sacramento,2026/01/18,1.625163686,31443.63517,3938.845804,471.8265409,0,27032.96283,25588.22294,385.875,0,1058.864886
Category,Weekly,2,Organic,Sacramento,2026/01/11,1.625026061,36886.20845,5808.917108,444.3912695,0,30632.90007,28773.43881,868.21875,0,991.2425056
Category,Weekly,1,Organic,Sacramento,2026/01/04,1.654232221,37668.32348,6268.698284,440.5676333,0,30959.05756,29844.64968,0,0,1114.407889
Category,Weekly,12,Organic,San Diego,2026/03/22,1.715278188,49487.35032,12592.07382,2387.252887,0,34508.02361,32923.82699,0,0,1584.196624
Category,Weekly,11,Organic,San Diego,2026/03/15,1.650633286,54686.51319,11173.99479,2304.499744,1.408596225,41206.61006,39016.81744,0,0,2189.792616
Category,Weekly,10,Organic,San Diego,2026/03/08,1.67503433,49269.32086,9594.937208,2524.559464,0,37149.82419,34842.94784,0,0,2306.876348
Category,Weekly,9,Organic,San Diego,2026/03/01,1.805873764,48970.30943,11804.26633,2763.00723,2.815712418,34400.22016,33398.98091,0,0,1001.239255
Category,Weekly,8,Organic,San Diego,2026/02/22,1.779795135,49450.08974,11738.28996,2673.996233,0,35037.80354,33561.6505,0,0,1476.153045
Category,Weekly,7,Organic,San Diego,2026/02/15,1.784303972,45705.69514,11365.36747,2294.369791,0,32045.95787,30748.58151,0,0,1297.376361
Category,Weekly,6,Organic,San Diego,2026/02/08,1.752315477,51812.24775,11304.75606,2929.473269,0,37578.01843,34037.18574,0,0,3540.832684
Category,Weekly,5,Organic,San Diego,2026/02/01,1.664590551,59648.05634,10701.32817,2261.913679,0,46684.81449,40615.90568,0,0,6068.908804
Category,Weekly,4,Organic,San Diego,2026/01/25,1.774158161,49940.96365,10126.62027,2627.867839,0,37186.47554,35299.05106,0,0,1887.424475
Category,Weekly,3,Organic,San Diego,2026/01/18,1.811606551,47368.0045,10949.74799,2525.767506,0,33892.48901,32065.82637,534.7125,0,1291.950138
Category,Weekly,2,Organic,San Diego,2026/01/11,1.75303037,53737.72466,10279.16347,2743.591028,0,40714.97016,39867.8176,554.00625,0,293.1463022
Category,Weekly,1,Organic,San Diego,2026/01/04,1.862396976,46196.47759,11341.11275,3160.842774,0,31694.52207,31038.9786,537.46875,0,118.0747158
Category,Weekly,12,Organic,San Francisco,2026/03/22,1.606307389,193620.3819,24026.07371,2156.815218,0,167437.493,163660.8973,0,0,3776.595663
Category,Weekly,11,Organic,San Francisco,2026/03/15,1.587966116,198571.2839,21006.39815,2218.771994,0,175346.1138,170857.0763,0,0,4489.037443
Category,Weekly,10,Organic,San Francisco,2026/03/08,1.574867996,201895.9371,19919.16241,2283.701299,0,179693.0734,173049.036,0,0,6644.037416
Category,Weekly,9,Organic,San Francisco,2026/03/01,1.587024734,194477.4387,21774.32504,2620.182885,0,170082.9308,161026.7781,0,0,9056.152646
Category,Weekly,8,Organic,San Francisco,2026/02/22,1.588077292,199677.3557,22063.31238,2176.467697,0,175437.5756,167664.6573,0,0,7772.918283
Category,Weekly,7,Organic,San Francisco,2026/02/15,1.591541632,182135.7096,20566.61748,1810.882769,0,159758.2093,153464.8219,0,0,6293.387378
Category,Weekly,6,Organic,San Francisco,2026/02/08,1.571802733,186943.2398,24035.11226,1947.548062,0,160960.5795,154070.6084,0,0,6889.971041
Category,Weekly,5,Organic,San Francisco,2026/02/01,1.580032229,197239.1213,18075.37935,1865.86831,0,177297.8737,169708.5397,0,0,7589.333908
Category,Weekly,4,Organic,San Francisco,2026/01/25,1.570736122,184412.7926,15327.90366,1796.638523,0,167288.2504,161011.7941,0,0,6276.456311
Category,Weekly,3,Organic,San Francisco,2026/01/18,1.577886051,169042.9579,17125.14089,1854.380715,0,150063.4363,144442.0469,8.26875,0,5613.120675
Category,Weekly,2,Organic,San Francisco,2026/01/11,1.607537769,196273.4608,25154.99361,2000.440089,0,169118.0271,162381.6961,383.11875,0,6353.212258
Category,Weekly,1,Organic,San Francisco,2026/01/04,1.615513024,195758.5926,24808.84106,1783.456731,0,169166.2949,162658.9628,0,0,6507.332009
Category,Weekly,12,Organic,Seattle,2026/03/22,2.008486004,111833.7761,225.8684202,30068.57962,71.8199986,81467.50809,81467.50809,0,0,0
Category,Weekly,11,Organic,Seattle,2026/03/15,2.015641088,114616.9935,253.9616444,30267.84891,759.7800064,83335.40297,83335.40297,0,0,0
Category,Weekly,10,Organic,Seattle,2026/03/08,2.025159827,110134.3496,286.5453039,31171.68179,0,78676.12255,78676.12255,0,0,0
Category,Weekly,9,Organic,Seattle,2026/03/01,2.022667968,119842.2851,242.1082378,32121.43682,15.75378394,87462.98624,87462.98624,0,0,0
Category,Weekly,8,Organic,Seattle,2026/02/22,1.991187048,139385.3327,249.3556113,30894.44049,2.31215406,108239.2244,108239.2244,0,0,0
Category,Weekly,7,Organic,Seattle,2026/02/15,2.019360762,117845.0771,216.2670999,28436.10029,1.156904915,89191.55283,89191.55283,0,0,0
Category,Weekly,6,Organic,Seattle,2026/02/08,2.059570286,131575.7955,252.9563931,31398.50079,0,99924.33834,99924.33834,0,0,0
Category,Weekly,5,Organic,Seattle,2026/02/01,1.927522637,137833.7586,254.9436008,39286.79331,2.313412842,98289.70832,98281.43957,8.26875,0,0
Category,Weekly,4,Organic,Seattle,2026/01/25,1.925800898,150460.2274,301.9168926,52824.56055,0,97333.75,97303.43125,30.31875,0,0
Category,Weekly,3,Organic,Seattle,2026/01/18,2.034086772,161719.407,300.1637012,49468.74236,0,111950.5009,111264.1947,686.30625,0,0
Category,Weekly,2,Organic,Seattle,2026/01/11,1.969842872,169053.8104,285.1812788,71616.02181,3.468027117,97149.1393,97127.0893,22.05,0,0
Category,Weekly,1,Organic,Seattle,2026/01/04,2.002963942,147157.2435,269.1101123,72329.78766,2.311660866,74556.0341,74091.98608,464.0480257,0,0
Category,Weekly,12,Organic,Spokane,2026/03/22,1.927436907,7859.813535,99.225002,2128.321202,11.3400002,5620.927331,5620.927331,0,0,0
Category,Weekly,11,Organic,Spokane,2026/03/15,1.929866427,7310.219812,90.72000135,2254.76734,18.9,4945.83247,4945.83247,0,0,0
Category,Weekly,10,Organic,Spokane,2026/03/08,1.890541042,9486.725322,106.7106368,1992.628973,15.1199996,7372.265712,7372.265712,0,0,0
Category,Weekly,9,Organic,Spokane,2026/03/01,1.950841292,10281.22868,89.7750005,2626.731928,10.3949996,7554.326748,7554.326748,0,0,0
Category,Weekly,8,Organic,Spokane,2026/02/22,1.915407326,7265.673846,76.55760525,2186.957113,12.2849998,4989.874129,4989.874129,0,0,0
Category,Weekly,7,Organic,Spokane,2026/02/15,1.993124543,4958.732594,89.0400022,2148.474505,2.83500005,2718.383087,2718.383087,0,0,0
Category,Weekly,6,Organic,Spokane,2026/02/08,1.908319161,6610.848397,77.48999982,2206.98465,2.83500005,4323.538747,4323.538747,0,0,0
Category,Weekly,5,Organic,Spokane,2026/02/01,1.904792289,6717.870852,73.87622243,2161.05373,14.175,4468.7659,4468.7659,0,0,0
Category,Weekly,4,Organic,Spokane,2026/01/25,1.958764176,7221.706219,71.8199996,1883.283061,6.6150002,5259.988158,5243.450658,16.5375,0,0
Category,Weekly,3,Organic,Spokane,2026/01/18,1.96337913,8445.615528,92.31441381,2199.628354,1.88999995,6151.78276,5873.40151,278.38125,0,0
Category,Weekly,2,Organic,Spokane,2026/01/11,1.900769299,7700.866265,84.7525854,2163.459621,2.83500005,5449.819059,5436.037809,13.78125,0,0
Category,Weekly,1,Organic,Spokane,2026/01/04,1.941998265,5425.425443,85.60390106,2291.990718,3.7799999,3044.050824,2760.157074,283.89375,0,0
Category,Weekly,12,Organic,St. Louis,2026/03/22,1.285344475,26824.27345,5610.409318,2477.604174,0,18736.25996,18736.25996,0,0,0
Category,Weekly,11,Organic,St. Louis,2026/03/15,1.428697544,21585.24664,1313.866097,2316.024616,1.100797412,17954.25513,17954.25513,0,0,0
Category,Weekly,10,Organic,St. Louis,2026/03/08,1.242053688,26015.169,4840.667023,2254.238372,2.199961809,18918.06364,18918.06364,0,0,0
Category,Weekly,9,Organic,St. Louis,2026/03/01,1.461348983,23348.97553,2221.833421,2458.836344,0,18668.30576,18668.30576,0,0,0
Category,Weekly,8,Organic,St. Louis,2026/02/22,1.474029152,22228.73502,1283.62235,2732.109353,0,18213.00332,18213.00332,0,0,0
Category,Weekly,7,Organic,St. Louis,2026/02/15,1.434566448,19847.38404,1269.506837,1933.515454,0,16644.36175,16644.36175,0,0,0
Category,Weekly,6,Organic,St. Louis,2026/02/08,1.253427081,24282.10032,4781.548271,1981.655956,0,17518.8961,17518.8961,0,0,0
Category,Weekly,5,Organic,St. Louis,2026/02/01,1.403065788,22151.55738,1408.784319,3166.549379,0,17576.22368,17576.22368,0,0,0
Category,Weekly,4,Organic,St. Louis,2026/01/25,1.352124824,28814.02254,1428.397006,2289.057277,0,25096.56826,25096.56826,0,0,0
Category,Weekly,3,Organic,St. Louis,2026/01/18,1.276118645,29535.32957,8496.185462,860.2925987,0,20178.85151,20178.85151,0,0,0
Category,Weekly,2,Organic,St. Louis,2026/01/11,1.450490244,24426.78157,1442.97949,2626.635799,0,20357.16628,20329.60378,27.5625,0,0
Category,Weekly,1,Organic,St. Louis,2026/01/04,1.276293764,22498.03002,2368.786027,1843.200324,0,18286.04367,17335.13742,950.90625,0,0
Category,Weekly,12,Organic,Syracuse,2026/03/22,1.348661242,11257.2087,283.1097865,105.5900328,0,10868.50888,10823.30644,0,0,45.20244074
Category,Weekly,11,Organic,Syracuse,2026/03/15,1.294742717,12408.46778,295.3400936,114.8887459,0,11998.23894,11967.50039,0,0,30.73855715
Category,Weekly,10,Organic,Syracuse,2026/03/08,1.256337412,13432.53409,253.3685964,72.95938251,3.331377379,13102.87473,13053.23605,0,0,49.63868332
Category,Weekly,9,Organic,Syracuse,2026/03/01,1.326767516,11416.55587,236.0299723,70.50061492,0,11110.02529,11050.15842,0,0,59.86687088
Category,Weekly,8,Organic,Syracuse,2026/02/22,1.322944284,11126.60654,271.6852879,118.0454551,0,10736.87579,10688.829,0,0,48.04679479
Category,Weekly,7,Organic,Syracuse,2026/02/15,1.35975516,10240.82204,181.6182666,162.3652441,0,9896.83853,9838.414136,0,0,58.42439367
Category,Weekly,6,Organic,Syracuse,2026/02/08,1.391257306,10675.98688,203.1688625,100.9165161,0,10371.9015,10331.1953,0,0,40.70620149
Category,Weekly,5,Organic,Syracuse,2026/02/01,1.386921224,9882.029769,254.513533,79.0579521,0,9548.458284,9499.246984,0,0,49.21130046
Category,Weekly,4,Organic,Syracuse,2026/01/25,1.341262545,14086.28841,267.5632211,162.8343259,0,13655.89087,13587.06415,0,0,68.82671514
Category,Weekly,3,Organic,Syracuse,2026/01/18,1.434316959,10578.9255,269.3259017,94.11238395,0,10215.48721,10166.38166,0,0,49.10554798
Category,Weekly,2,Organic,Syracuse,2026/01/11,1.416592241,9762.772733,164.0836997,79.59808856,0,9519.090944,9469.865028,0,0,49.22591678
Category,Weekly,1,Organic,Syracuse,2026/01/04,1.359315419,11224.72406,211.548473,115.2228531,0,10897.95273,10857.91208,0,0,40.04065053
Category,Weekly,12,Organic,Tampa,2026/03/22,1.354204197,35060.00644,102.7787041,151.2,0,34806.02774,34806.02774,0,0,0
Category,Weekly,11,Organic,Tampa,2026/03/15,1.353975198,40206.34068,89.22372691,133.35,0,39983.76695,39983.76695,0,0,0
Category,Weekly,10,Organic,Tampa,2026/03/08,1.295425292,48522.45134,78.5132188,131.25,0,48312.68812,48312.68812,0,0,0
Category,Weekly,9,Organic,Tampa,2026/03/01,1.352727219,40324.47477,128.3843569,134.4,0,40061.69042,40061.69042,0,0,0
Category,Weekly,8,Organic,Tampa,2026/02/22,1.426031313,38792.11199,102.2071278,77.2799999,0,38612.62487,38612.62487,0,0,0
Category,Weekly,7,Organic,Tampa,2026/02/15,1.466065425,34401.41746,86.02473779,89.25,0,34226.14273,34226.14273,0,0,0
Category,Weekly,6,Organic,Tampa,2026/02/08,1.426174125,36065.58192,75.75269905,69.3,0,35920.52922,35920.52922,0,0,0
Category,Weekly,5,Organic,Tampa,2026/02/01,1.400118329,42159.72504,101.1269821,122.85,0,41935.74805,41935.74805,0,0,0
Category,Weekly,4,Organic,Tampa,2026/01/25,1.349271118,48967.4054,107.1717464,87.15,0,48773.08366,48753.78991,19.29375,0,0
Category,Weekly,3,Organic,Tampa,2026/01/18,1.41480095,40280.30897,149.4640614,109.2,0,40021.64491,39751.53241,270.1125,0,0
Category,Weekly,2,Organic,Tampa,2026/01/11,1.393063613,49653.34461,80.87834319,118.6279169,0,49453.83835,42742.3696,6711.46875,0,0
Category,Weekly,1,Organic,Tampa,2026/01/04,1.34667432,46223.90065,149.6792575,128.1,0,45946.12139,35538.52139,10407.6,0,0
Category,Weekly,12,Organic,Toledo,2026/03/22,1.601659326,6547.675874,28.95645091,1268.578236,0,5250.141188,5056.941188,0,0,193.2
Category,Weekly,11,Organic,Toledo,2026/03/15,1.625112623,6797.245119,607.9436125,1042.310146,0,5146.991361,4983.191361,0,0,163.8
Category,Weekly,10,Organic,Toledo,2026/03/08,1.632539135,7589.852577,292.6898669,1249.917096,0,6047.245614,5828.845614,0,0,218.4
Category,Weekly,9,Organic,Toledo,2026/03/01,1.720411775,6916.76055,15.9399239,1455.405836,0,5445.414791,5271.114791,0,0,174.3
Category,Weekly,8,Organic,Toledo,2026/02/22,1.705688527,6697.957703,26.20801892,1376.447956,0,5295.301728,5097.901728,0,0,197.4
Category,Weekly,7,Organic,Toledo,2026/02/15,1.798167406,6624.164606,72.12972899,1700.590085,0,4851.444792,4687.644792,0,0,163.8
Category,Weekly,6,Organic,Toledo,2026/02/08,1.726297443,7028.813035,98.33841712,1495.01995,0,5435.454668,5263.309453,18.8452152,0,153.3
Category,Weekly,5,Organic,Toledo,2026/02/01,1.681067282,5145.354641,27.53878463,1000.189529,0,4117.626327,3713.910114,233.6162135,0,170.1
Category,Weekly,4,Organic,Toledo,2026/01/25,1.707587605,8058.73099,532.6029076,1320.717241,0,6205.410842,5317.665637,574.8452049,0,312.9
Category,Weekly,3,Organic,Toledo,2026/01/18,1.753990338,6641.969087,565.1989154,1138.500858,0,4938.269314,4138.353247,615.1160667,0,184.8
Category,Weekly,2,Organic,Toledo,2026/01/11,1.740342161,7028.526976,1004.487788,808.168942,0,5215.870246,4341.037299,771.9329468,0,102.9
Category,Weekly,1,Organic,Toledo,2026/01/04,1.670979227,5050.521192,85.75795862,913.8295657,0,4050.933668,3538.424412,512.5092555,0,0
Category,Weekly,12,Organic,West Tex/New Mexico,2026/03/22,1.52456024,63219.11185,33461.19791,1522.191648,0,28235.72229,28235.72229,0,0,0
Category,Weekly,11,Organic,West Tex/New Mexico,2026/03/15,1.621848394,70992.36667,40324.01408,1432.692963,0,29235.65963,29235.65963,0,0,0
Category,Weekly,10,Organic,West Tex/New Mexico,2026/03/08,1.51052926,62475.7064,36297.21213,1084.894466,0,25093.5998,25093.5998,0,0,0
Category,Weekly,9,Organic,West Tex/New Mexico,2026/03/01,1.612792757,65163.81188,39851.70851,1108.864211,0,24203.23916,24203.23916,0,0,0
Category,Weekly,8,Organic,West Tex/New Mexico,2026/02/22,1.296889904,64436.47027,36914.11978,1135.617717,0,26386.73277,26386.73277,0,0,0
Category,Weekly,7,Organic,West Tex/New Mexico,2026/02/15,1.717703053,45320.59073,21997.35158,965.3839387,0,22357.8552,22306.82909,0,0,51.02610987
Category,Weekly,6,Organic,West Tex/New Mexico,2026/02/08,1.223835347,63795.90527,43124.78928,874.7056368,0,19796.41036,19786.26435,0,0,10.14601017
Category,Weekly,5,Organic,West Tex/New Mexico,2026/02/01,1.787002372,47842.44452,26047.85092,671.9862096,0,21122.60738,21109.72648,2.75625,0,10.12465571
Category,Weekly,4,Organic,West Tex/New Mexico,2026/01/25,1.72156854,58614.6718,25151.5417,863.5783476,0,32599.55175,31937.434,631.18125,0,30.93650329
Category,Weekly,3,Organic,West Tex/New Mexico,2026/01/18,1.69784505,57722.85531,28725.33265,1001.756078,0,27995.76658,25796.27908,2199.4875,0,0
Category,Weekly,2,Organic,West Tex/New Mexico,2026/01/11,1.457282712,61615.437,32715.90392,961.6492698,0,27937.88382,27607.94386,319.725,0,10.21495668
Category,Weekly,1,Organic,West Tex/New Mexico,2026/01/04,1.697187748,60195.9364,37064.3329,991.9882341,0,22139.61527,15795.58002,6333.8625,0,10.17274568
Category,Weekly,12,Organic,Wichita,2026/03/22,1.087149182,21215.14281,932.5159948,27.30776939,0,20255.31905,20252.77805,0,0,2.541
Category,Weekly,11,Organic,Wichita,2026/03/15,1.052621363,20805.70234,698.3295023,14.16901984,0,20093.20382,19933.12082,0,0,160.083
Category,Weekly,10,Organic,Wichita,2026/03/08,1.343096478,6422.19336,1665.47656,15.11682093,0,4741.599979,4657.746979,0,0,83.853
Category,Weekly,9,Organic,Wichita,2026/03/01,1.46081117,5986.073883,2109.523309,28.18696462,0,3848.363609,3716.231609,0,0,132.132
Category,Weekly,8,Organic,Wichita,2026/02/22,1.397719968,4839.975798,1413.270532,15.82751452,0,3410.877752,3410.877752,0,0,0
Category,Weekly,7,Organic,Wichita,2026/02/15,1.415899709,4773.270918,1528.841489,6.145707287,0,3238.283722,3238.283722,0,0,0
Category,Weekly,6,Organic,Wichita,2026/02/08,1.474965644,4709.742225,1919.769633,19.8520838,0,2770.120509,2770.120509,0,0,0
Category,Weekly,5,Organic,Wichita,2026/02/01,1.461972718,3396.173224,1381.995897,0,0,2014.177327,2014.177327,0,0,0
Category,Weekly,4,Organic,Wichita,2026/01/25,1.454629619,6400.392629,2222.260793,23.17899531,0,4154.95284,4149.44034,5.5125,0,0
Category,Weekly,3,Organic,Wichita,2026/01/18,1.453573955,5536.53975,1836.268881,5.125561738,0,3695.145307,3656.557807,38.5875,0,0
Category,Weekly,2,Organic,Wichita,2026/01/11,1.425156026,6353.439822,1896.913133,16.40515508,0,4440.121533,3982.584033,457.5375,0,0
Category,Weekly,1,Organic,Wichita,2026/01/04,1.3750233,4053.669848,1111.521078,5.125609052,0,2937.023161,2325.135661,611.8875,0,0
Category,Weekly,12,Organic,California,2026/03/22,1.608958244,634117.7916,117609.7866,17161.01771,1.517954358,499345.4694,485536.9024,0,0,13808.56698
Category,Weekly,11,Organic,California,2026/03/15,1.575732453,675885.3403,100503.4403,17839.63781,1.489383248,557540.7727,543719.8022,0,0,13820.97057
Category,Weekly,10,Organic,California,2026/03/08,1.559922155,667256.248,88807.58189,17840.33115,0,560608.335,541459.5227,0,0,19148.81228
Category,Weekly,9,Organic,California,2026/03/01,1.642845187,660095.6267,110002.5242,21771.19313,2.975848338,528318.9336,505295.9459,0,0,23022.9877
Category,Weekly,8,Organic,California,2026/02/22,1.634817977,659058.522,111939.6635,19500.6527,0,527618.2058,508232.7471,0,0,19385.45873
Category,Weekly,7,Organic,California,2026/02/15,1.619694601,629570.3369,106822.7649,17226.34921,0,505521.2228,490346.9888,0,0,15174.23402
Category,Weekly,6,Organic,California,2026/02/08,1.608360457,644077.4287,102639.3755,21132.80862,0,520305.2445,501657.5127,0,0,18647.73183
Category,Weekly,5,Organic,California,2026/02/01,1.627825902,654029.4861,96494.46331,18952.47198,0,538582.5508,489546.0235,0,0,49036.5273
Category,Weekly,4,Organic,California,2026/01/25,1.620383118,639710.4474,85318.02191,23252.20666,0,531140.2189,466519.645,19.29375,0,64601.28014
Category,Weekly,3,Organic,California,2026/01/18,1.700016341,573842.3946,93102.15177,24270.64686,0,456469.596,427776.2468,2742.46875,0,25950.88043
Category,Weekly,2,Organic,California,2026/01/11,1.692820885,635317.2688,108038.9309,23892.55244,0,503385.7854,484686.126,6135.4125,0,12564.24694
Category,Weekly,1,Organic,California,2026/01/04,1.750299394,586642.2479,110827.7775,26350.04344,0,449464.4269,434660.0617,2411.71875,0,12392.64646
Category,Weekly,12,Organic,Great Lakes,2026/03/22,1.473392667,267699.3416,10875.38583,44049.59736,0,212774.3584,208186.3087,1.913002896,0,4586.136674
Category,Weekly,11,Organic,Great Lakes,2026/03/15,1.477882572,285889.8257,14447.70645,44858.60041,1.100797412,226582.418,222870.0034,1.864520332,0,3710.550053
Category,Weekly,10,Organic,Great Lakes,2026/03/08,1.466231676,307710.7405,14617.62903,49004.80929,0,244088.3022,239657.3984,0,0,4430.903751
Category,Weekly,9,Organic,Great Lakes,2026/03/01,1.536343097,273151.1025,12135.5325,50066.06114,0,210949.5089,207059.6354,0,0,3889.873446
Category,Weekly,8,Organic,Great Lakes,2026/02/22,1.535687199,273697.138,11745.21684,49914.63576,0,212037.2854,208169.7341,1.91242045,0,3865.638862
Category,Weekly,7,Organic,Great Lakes,2026/02/15,1.544033592,247775.8409,14685.15191,47086.57453,0,186004.1145,183023.499,43.80628285,0,2936.809226
Category,Weekly,6,Organic,Great Lakes,2026/02/08,1.44107149,288336.4527,17070.77106,48565.34398,0,222700.3377,217909.9527,541.604328,0,4248.780619
Category,Weekly,5,Organic,Great Lakes,2026/02/01,1.414956736,273457.9345,16822.40612,41445.88312,0,215189.6453,204545.0867,7566.400865,0,3078.157688
Category,Weekly,4,Organic,Great Lakes,2026/01/25,1.504350871,298321.8018,16819.59886,47991.50536,0,233510.6975,213454.0931,14901.47752,0,5155.126928
Category,Weekly,3,Organic,Great Lakes,2026/01/18,1.501243627,273931.4141,20099.69693,41438.33141,0,212393.3858,194170.7145,14987.39987,0,3235.271463
Category,Weekly,2,Organic,Great Lakes,2026/01/11,1.550479392,275823.8937,18313.91733,51516.18744,0,205993.7889,184587.5505,19094.50774,0,2311.7307
Category,Weekly,1,Organic,Great Lakes,2026/01/04,1.497961227,244774.7325,12250.8317,44554.20838,0,187969.6925,171535.3506,16371.27285,0,63.06901447
Category,Weekly,12,Organic,Midsouth,2026/03/22,1.432220532,472357.5359,4429.875405,40937.541,145.6995734,426844.4199,405578.6615,5885.911235,0,15379.84723
Category,Weekly,11,Organic,Midsouth,2026/03/15,1.414722086,499601.7505,9195.399287,39522.0967,74.99803839,450809.2565,429690.6187,5872.747383,0,15245.89034
Category,Weekly,10,Organic,Midsouth,2026/03/08,1.425882823,506809.6338,7838.289495,44063.81406,98.95221599,454808.578,436997.5223,2867.753737,0,14943.30197
Category,Weekly,9,Organic,Midsouth,2026/03/01,1.472219722,470674.4191,4657.560009,46683.69493,106.4422997,419226.7219,402275.3429,3797.075933,0,13154.30306
Category,Weekly,8,Organic,Midsouth,2026/02/22,1.453999575,458594.3699,4461.009303,44848.96023,147.5597825,409136.8406,396376.5413,3.001892669,0,12757.29737
Category,Weekly,7,Organic,Midsouth,2026/02/15,1.490669429,426628.8599,4379.172679,47495.42838,84.60834894,374669.6505,361172.6909,0,0,13496.95962
Category,Weekly,6,Organic,Midsouth,2026/02/08,1.376828825,451589.4897,6090.271311,47488.9018,103.6141647,397906.7024,387153.0735,70.32710213,0,10683.30179
Category,Weekly,5,Organic,Midsouth,2026/02/01,1.482924468,376452.9174,8853.509824,40062.03802,77.95672048,327459.4128,318113.0718,252.8520297,0,9093.48897
Category,Weekly,4,Organic,Midsouth,2026/01/25,1.426463248,557962.2201,10496.24662,53934.50161,61.94698611,493469.5249,482216.025,2308.660154,0,8944.839736
Category,Weekly,3,Organic,Midsouth,2026/01/18,1.423065499,452986.7829,9491.13869,43856.02819,114.1379909,399525.478,382681.6009,11276.32434,0,5567.552764
Category,Weekly,2,Organic,Midsouth,2026/01/11,1.456934392,484923.1479,14790.69144,43934.47678,92.67506269,426105.3047,403890.7455,17238.32203,0,4976.237171
Category,Weekly,1,Organic,Midsouth,2026/01/04,1.367713052,465934.0683,6425.407454,42428.69798,60.8081073,417019.1548,392799.2995,23707.87356,0,511.9816992
Category,Weekly,12,Organic,Northeast,2026/03/22,1.448981146,535593.7008,22811.11696,34906.16626,0,477876.4176,444667.7893,5255.272324,0,27953.35598
Category,Weekly,11,Organic,Northeast,2026/03/15,1.427201155,574500.8181,24354.783,34951.29881,0,515194.7363,480208.0785,7219.271057,0,27767.38674
Category,Weekly,10,Organic,Northeast,2026/03/08,1.367348264,633872.2792,20315.63112,36761.33483,5.466461103,576789.8468,539396.1459,9859.601084,0,27534.09981
Category,Weekly,9,Organic,Northeast,2026/03/01,1.404747448,534750.7505,30869.04895,38233.60864,2.128102181,465645.9648,432494.987,9907.790773,0,23243.18697
Category,Weekly,8,Organic,Northeast,2026/02/22,1.408816513,580557.2172,24834.80516,36737.12829,5.560800254,518979.723,483936.6237,3949.252596,0,31093.84665
Category,Weekly,7,Organic,Northeast,2026/02/15,1.423608858,497857.5522,28727.8773,37272.97298,0,431856.7019,403899.6693,5037.819414,0,22919.21326
Category,Weekly,6,Organic,Northeast,2026/02/08,1.415682632,531063.3512,26199.23152,38864.02222,1.937527705,465998.1599,437916.1426,1459.675519,0,26622.34185
Category,Weekly,5,Organic,Northeast,2026/02/01,1.441333625,469070.7138,16623.47133,37733.78844,1.112747844,414712.3413,386496.2931,6885.688258,0,21330.35999
Category,Weekly,4,Organic,Northeast,2026/01/25,1.412780517,677052.5798,41902.02919,42355.94861,1.114891175,592793.4871,547019.7633,13921.10481,0,31852.619
Category,Weekly,3,Organic,Northeast,2026/01/18,1.461949292,509553.5197,33442.56623,37364.51178,0,438746.4416,397638.6569,15534.78725,0,25572.99751
Category,Weekly,2,Organic,Northeast,2026/01/11,1.444138313,556097.3207,38015.94825,38933.25713,0,479148.1153,440055.678,11833.0643,0,27259.37299
Category,Weekly,1,Organic,Northeast,2026/01/04,1.424791296,504935.6711,15655.36999,34512.0644,0,454768.2367,429619.434,2657.716983,0,22491.08572
Category,Weekly,12,Organic,Plains,2026/03/22,1.218321782,271681.6633,9834.102694,13733.21964,0,248114.3409,247280.8929,0,0,833.448
Category,Weekly,11,Organic,Plains,2026/03/15,1.220053005,265520.0899,5639.093048,10433.09339,0,249447.9034,237522.9904,0,0,11924.913
Category,Weekly,10,Organic,Plains,2026/03/08,1.354834319,175332.6057,10985.88639,11711.74679,7.006554737,152627.966,139861.982,0,0,12765.984
Category,Weekly,9,Organic,Plains,2026/03/01,1.399069511,159852.9672,9215.607255,11585.66003,4.54253347,139047.1574,128600.4974,3.15,0,10443.51
Category,Weekly,8,Organic,Plains,2026/02/22,1.390227733,146182.2766,6752.62127,11610.29043,9.106544869,127810.2583,127810.2583,0,0,0
Category,Weekly,7,Organic,Plains,2026/02/15,1.398157093,130416.3881,6774.898935,10438.41193,6.851787024,113196.2254,113196.2254,0,0,0
Category,Weekly,6,Organic,Plains,2026/02/08,1.412256062,129727.5989,11342.53578,14681.29004,13.68935682,103690.0837,103690.0837,0,0,0
Category,Weekly,5,Organic,Plains,2026/02/01,1.439428353,127038.3035,6788.335221,15375.23674,27.28032179,104847.4513,104844.695,2.75625,0,0
Category,Weekly,4,Organic,Plains,2026/01/25,1.371369048,163857.5273,9132.335348,13003.34386,9.133938045,141712.7142,141445.3579,267.35625,0,0
Category,Weekly,3,Organic,Plains,2026/01/18,1.38445717,149750.7397,14520.68773,10221.63222,0,125008.4197,122103.3322,2905.0875,0,0
Category,Weekly,2,Organic,Plains,2026/01/11,1.414665939,144126.3043,7686.544383,14069.97342,0,122369.7865,116088.2927,6281.49375,0,0
Category,Weekly,1,Organic,Plains,2026/01/04,1.378600091,132857.9199,7010.276721,10710.98771,0,115136.6554,90856.84917,24279.80625,0,0
Category,Weekly,12,Organic,South Central,2026/03/22,1.32202388,320410.4587,58078.785,3833.273707,0,258498.4,246997.9257,3.15,0,11497.32425
Category,Weekly,11,Organic,South Central,2026/03/15,1.385603677,329579.1441,63199.9605,3839.251175,0,262539.9324,250019.7753,8.608396719,0,12511.5487
Category,Weekly,10,Organic,South Central,2026/03/08,1.369039877,286524.7098,64613.60528,4121.095843,0,217790.0087,205341.2125,0,0,12448.7962
Category,Weekly,9,Organic,South Central,2026/03/01,1.406583842,255661.1624,65628.5216,4668.72085,0,185363.9199,174718.3726,16.93125,0,10628.61605
Category,Weekly,8,Organic,South Central,2026/02/22,1.325896114,245594.5752,67661.54212,3781.399939,0,174151.6332,174146.7705,0,0,4.862683287
Category,Weekly,7,Organic,South Central,2026/02/15,1.411128928,216298.8811,49520.347,3705.981951,0,163072.5522,163007.6927,0,0,64.85942254
Category,Weekly,6,Organic,South Central,2026/02/08,1.325925323,235668.0414,68628.87898,3953.87233,0,163085.2901,163069.4927,0,0,15.79736636
Category,Weekly,5,Organic,South Central,2026/02/01,1.458609416,194459.1902,52873.31189,2643.616096,0,138942.2622,138923.1824,0,0,19.07984378
Category,Weekly,4,Organic,South Central,2026/01/25,1.422563383,303359.6415,66785.70076,3684.420638,0,232889.5201,231726.7081,1116.271002,0,46.54099683
Category,Weekly,3,Organic,South Central,2026/01/18,1.401333938,258860.2909,54716.70939,3243.555274,0,200900.0262,168430.9892,32462.10147,0,6.935603061
Category,Weekly,2,Organic,South Central,2026/01/11,1.38541694,252760.8678,64854.73442,3812.350765,0,184093.7826,176850.8063,7223.287105,0,19.6891488
Category,Weekly,1,Organic,South Central,2026/01/04,1.470095193,226320.2032,64615.82352,3609.903028,0,158094.4767,102612.7027,55462.39397,0,19.37997312
Category,Weekly,12,Organic,Southeast,2026/03/22,1.374442278,417292.3137,15697.90046,4274.239714,32.17664082,397287.9969,386669.2156,2.75625,0,10616.025
Category,Weekly,11,Organic,Southeast,2026/03/15,1.380666931,417392.8398,14899.36512,5284.645629,20.45069545,397188.3783,391400.0607,0,0,5788.317654
Category,Weekly,10,Organic,Southeast,2026/03/08,1.324763555,476909.913,18163.29454,4800.013399,19.80784548,453926.7972,447628.8972,4.2,0,6293.7
Category,Weekly,9,Organic,Southeast,2026/03/01,1.387080012,420623.425,14770.08833,6009.501581,21.57979848,399822.2553,394623.574,13.78125,0,5184.9
Category,Weekly,8,Organic,Southeast,2026/02/22,1.439290067,410142.3523,13137.43307,5148.44403,25.95231369,391830.5229,387143.3229,0,0,4687.2
Category,Weekly,7,Organic,Southeast,2026/02/15,1.469681757,380751.2448,13495.89927,5109.2262,53.79801638,362092.3214,356109.4214,44.1,0,5938.8
Category,Weekly,6,Organic,Southeast,2026/02/08,1.420767023,394244.9561,13679.557,4845.503472,28.33071982,375691.5649,371526.8712,680.79375,0,3483.9
Category,Weekly,5,Organic,Southeast,2026/02/01,1.428666477,416798.0043,13230.94548,4183.319652,13.44691779,399370.2922,391211.661,5283.73125,0,2874.9
Category,Weekly,4,Organic,Southeast,2026/01/25,1.36926666,505618.7577,18729.95545,4538.646309,4.323320181,482345.8326,472457.4576,5373.375,0,4515
Category,Weekly,3,Organic,Southeast,2026/01/18,1.425453343,433213.8752,16102.43982,4369.701435,11.1806056,412730.5533,389952.3783,21033.075,0,1745.1
Category,Weekly,2,Organic,Southeast,2026/01/11,1.414727064,475561.8916,17828.39947,5281.739352,8.991495336,452442.7613,398252.5238,51264.9375,0,2925.3
Category,Weekly,1,Organic,Southeast,2026/01/04,1.355523723,457269.103,16561.90136,4764.034583,29.15287144,435914.0142,349221.6829,86692.33125,0,0
Category,Weekly,12,Organic,West,2026/03/22,1.71610641,520360.8596,67114.29123,129044.3291,249.4808717,323952.7584,323778.6315,0,0,174.1268453
Category,Weekly,11,Organic,West,2026/03/15,1.733477522,549824.4723,78775.38015,127819.2284,1240.787473,341989.0763,339415.4214,0,0,2573.654875
Category,Weekly,10,Organic,West,2026/03/08,1.740860532,544110.5429,74769.22249,125613.6385,56.7002206,343670.9816,341041.5743,0,0,2629.407315
Category,Weekly,9,Organic,West,2026/03/01,1.844671845,543681.8428,63214.38767,118674.3511,81.97397959,361711.13,359575.4445,11.025,0,2124.660538
Category,Weekly,8,Organic,West,2026/02/22,1.805388085,528184.4634,69851.59132,106083.5344,57.16938286,352192.1683,352126.6549,0,0,65.51340516
Category,Weekly,7,Organic,West,2026/02/15,1.851469128,485135.3952,63688.42161,99022.18215,18.19050155,322406.6009,322332.5074,0,0,74.0934999
Category,Weekly,6,Organic,West,2026/02/08,1.839212484,547729.3326,74657.1553,108994.4968,5.670016998,364072.0105,363974.6212,5.5125,0,91.87679944
Category,Weekly,5,Organic,West,2026/02/01,1.82389631,522101.9648,61421.08851,115605.3476,22.39330523,345053.1354,344799.3652,170.8875,0,82.88263164
Category,Weekly,4,Organic,West,2026/01/25,1.825526645,580401.2682,56105.11313,165553.3464,28.35011613,358714.4585,353897.8544,4622.23125,0,194.3728812
Category,Weekly,3,Organic,West,2026/01/18,1.85279091,681279.0306,82204.83104,225899.9202,37.80018235,373136.4793,363048.3808,10010.7,0,77.39846556
Category,Weekly,2,Organic,West,2026/01/11,1.803995664,742081.182,59322.35379,331635.4169,42.16076208,351081.2506,347178.0446,3803.625,0,99.58103185
Category,Weekly,1,Organic,West,2026/01/04,1.896298743,533095.4475,65258.59626,166839.601,47.71829211,300949.5319,292634.4783,8245.821279,0,69.23235526
Category,Weekly,12,Organic,Total U.S.,2026/03/22,1.479396768,3439513.665,306451.2441,287939.3845,428.8750402,2844694.162,2748696.328,11149.00281,0,84848.83096
Category,Weekly,11,Organic,Total U.S.,2026/03/15,1.479702043,3598194.281,311015.1279,284547.8524,1338.826388,3001292.474,2894846.751,13102.49136,0,93343.23193
Category,Weekly,10,Organic,Total U.S.,2026/03/08,1.470113371,3598526.673,300111.1402,293916.7839,187.9332979,3004310.815,2891384.255,12731.55482,0,100195.0053
Category,Weekly,9,Organic,Total U.S.,2026/03/01,1.542213433,3318491.296,310493.2705,297692.7914,219.6425618,2710085.592,2604643.8,13749.75421,0,91692.03776
Category,Weekly,8,Organic,Total U.S.,2026/02/22,1.530945825,3302010.915,310383.8826,277625.0458,245.3488242,2713756.638,2637942.653,3954.166909,0,71859.81771
Category,Weekly,7,Organic,Total U.S.,2026/02/15,1.556632758,3014434.499,288094.5336,267357.1273,163.4486539,2458819.39,2393088.695,5125.725697,0,60604.96905
Category,Weekly,6,Organic,Total U.S.,2026/02/08,1.516929236,3222436.651,320307.7765,288526.2392,153.241786,2613449.394,2546897.75,2757.913199,0,63793.73026
Category,Weekly,5,Organic,Total U.S.,2026/02/01,1.549459501,3033408.515,273107.5317,276001.7017,142.1900131,2484157.091,2378479.379,20162.31615,0,85515.39642
Category,Weekly,4,Organic,Total U.S.,2026/01/25,1.515160397,3726284.244,305289.0013,354313.9195,104.8692516,3066576.454,2908736.904,42529.76974,0,115309.7797
Category,Weekly,3,Organic,Total U.S.,2026/01/18,1.567825394,3333418.048,323680.2216,390664.3273,163.1187789,2618910.38,2445802.3,110951.9442,0,62156.13624
Category,Weekly,2,Organic,Total U.S.,2026/01/11,1.563995918,3566691.877,328851.52,513075.9542,143.8273201,2724620.575,2551589.767,122874.6499,0,50156.15798
Category,Weekly,1,Organic,Total U.S.,2026/01/04,1.553628576,3151829.393,298605.9845,333769.5405,137.6792708,2519316.189,2263939.859,219828.9349,0,35547.39522
Category,Weekly,13,Conventional,5 Boroughs/New York City,2026/03/29,0.949799187,1060881.356,157745.3487,493089.6481,3410.706733,406635.6528,359953.0715,14723.1,5531.754294,26427.72704
Category,Weekly,14,Conventional,5 Boroughs/New York City,2026/04/05,1.103043449,785149.4716,134926.3693,241357.3249,2908.976107,405956.8013,360667.5422,18301.5,5932.271684,21055.48748
Category,Weekly,15,Conventional,5 Boroughs/New York City,2026/04/12,1.122867192,839777.284,148819.0965,255777.1721,3281.849936,431899.1655,373861.2095,17877.3,22814.634,17346.022
Category,Weekly,16,Conventional,5 Boroughs/New York City,2026/04/19,1.099675345,934983.0491,167601.0695,367096.4589,4866.044071,395419.4766,351897.5085,12327,10578.53652,20616.43157
Category,Weekly,13,Conventional,Albany,2026/03/29,0.845759137,193173.7873,71702.91183,79856.46834,114.0059092,41500.40122,37616.64365,2318.068564,446.6001206,1119.088891
Category,Weekly,14,Conventional,Albany,2026/04/05,0.857834206,168462.793,55639.72688,63151.3736,129.1968697,49542.49565,44978.83668,2815.17426,594.9385735,1153.546143
Category,Weekly,15,Conventional,Albany,2026/04/12,0.836833487,180833.0637,66404.80234,70602.28842,86.84844976,43739.12445,39914.27858,2528.333188,348.0075701,948.5051146
Category,Weekly,16,Conventional,Albany,2026/04/19,0.856991958,188674.8018,64653.57493,69116.95083,142.2590674,54762.01697,50744.36359,2008.488053,827.0166796,1182.148651
Category,Weekly,13,Conventional,Atlanta,2026/03/29,0.900441965,1354848.822,673719.0757,118276.0651,46.37540333,562807.3057,416913.435,119726.775,22535.88614,3631.209616
Category,Weekly,14,Conventional,Atlanta,2026/04/05,0.923713327,1251143.189,637267.7725,113445.4359,32.86488563,500397.1154,376097.2844,96674.2875,24585.57232,3039.971203
Category,Weekly,15,Conventional,Atlanta,2026/04/12,0.918505979,1363103.567,720551.4785,101137.6445,50.41605083,541364.0275,406398.09,113445.8063,16778.48238,4741.648872
Category,Weekly,16,Conventional,Atlanta,2026/04/19,0.913886408,1398181.738,733060.9172,117887.4756,102.2669505,547131.0782,426164.8009,102862.2,14041.44317,4062.634135
Category,Weekly,13,Conventional,Baltimore/Washington,2026/03/29,0.89377056,2211148.438,847281.4044,188007.4893,1656.983119,1174202.561,937463.1802,156000.8431,19375.22459,61363.31348
Category,Weekly,14,Conventional,Baltimore/Washington,2026/04/05,0.885731296,2070570.085,806425.6441,175220.2904,1414.605298,1087509.545,896360.6596,99871.03682,27553.28802,63724.56089
Category,Weekly,15,Conventional,Baltimore/Washington,2026/04/12,0.914773866,2308096.533,855130.4143,160803.5105,1710.205477,1290452.403,1038360.145,153235.4419,43323.59777,55533.21828
Category,Weekly,16,Conventional,Baltimore/Washington,2026/04/19,0.912485506,2297087.83,909849.7461,173161.9241,2640.559172,1211435.6,1009774.497,115204.1719,27459.22777,58997.70383
Category,Weekly,13,Conventional,Birmingham/Montgomery,2026/03/29,0.771344492,566737.9818,354664.8125,16391.39649,18.21214904,195663.5607,136037.2702,55800.4125,1235.18235,2590.695605
Category,Weekly,14,Conventional,Birmingham/Montgomery,2026/04/05,0.765422668,573328.8635,371404.8081,12277.38143,7.210098267,189639.4639,138225.4864,47274.4125,1532.301745,2607.2633
Category,Weekly,15,Conventional,Birmingham/Montgomery,2026/04/12,0.775898741,597222.5466,392266.2515,11666.70913,11.93137327,193277.6546,145346.2615,44480.1,891.9535674,2559.339489
Category,Weekly,16,Conventional,Birmingham/Montgomery,2026/04/19,0.790038849,595265.767,389518.8214,14622.18972,24.4119779,191100.3439,148544.1181,39031.9125,885.5016327,2638.811605
Category,Weekly,13,Conventional,Boise,2026/03/29,1.059593048,209482.8485,84533.17278,35690.21078,3484.492487,85774.97246,67517.33068,12084.1875,6001.5278,171.9264841
Category,Weekly,14,Conventional,Boise,2026/04/05,1.154965751,196458.119,63013.21056,58481.46683,248.7088844,74714.73276,57755.52412,10190.25,6567.04801,201.9106293
Category,Weekly,15,Conventional,Boise,2026/04/12,1.108384113,212554.334,62713.90262,47508.56458,120.7246237,102211.1422,84389.46367,12276.3375,5383.880355,161.4606354
Category,Weekly,16,Conventional,Boise,2026/04/19,1.204991055,195781.631,64524.06853,55139.2874,300.011053,75818.26406,56399.91872,15225.525,3920.63743,272.1829109
Category,Weekly,13,Conventional,Boston,2026/03/29,0.836756936,1193200.146,443180.8516,455350.1225,547.6130663,294121.5592,274911.0041,10356.42996,273.5196243,8580.605507
Category,Weekly,14,Conventional,Boston,2026/04/05,1.004959031,872188.1025,287160.4301,265290.3963,591.9418683,319145.3342,287125.034,19562.55116,308.5332544,12149.21584
Category,Weekly,15,Conventional,Boston,2026/04/12,0.93078092,999013.724,367514.4706,311063.4492,415.8792712,320019.9249,295341.4371,13262.81449,214.6800385,11200.99323
Category,Weekly,16,Conventional,Boston,2026/04/19,1.017896527,915623.4932,314299.1054,276591.0661,569.7558219,324163.5658,299871.7116,10620.3806,439.3823884,13232.09126
Category,Weekly,13,Conventional,Buffalo/Rochester,2026/03/29,0.837081203,320667.6651,115954.6075,29351.91378,1030.434198,174330.7096,165285.5582,4291.6125,11.025,4742.513992
Category,Weekly,14,Conventional,Buffalo/Rochester,2026/04/05,0.867324294,312600.7069,114999.9226,30482.7652,1032.450773,166085.5683,154995.9776,5832.88125,11.025,5245.684501
Category,Weekly,15,Conventional,Buffalo/Rochester,2026/04/12,0.82588632,333559.6211,112380.2995,30509.71235,895.2969177,189774.3123,178736.8925,6029.625,8.26875,4999.52599
Category,Weekly,16,Conventional,Buffalo/Rochester,2026/04/19,0.811722774,358823.6411,147391.5182,33366.39347,969.2916943,177096.4377,166331.9276,5763.7125,8.26875,4992.528845
Category,Weekly,13,Conventional,Charlotte,2026/03/29,0.842142853,674320.3183,282878.7615,100599.9035,677.1593264,290164.494,185587.4879,58496.55,1436.00625,44644.44983
Category,Weekly,14,Conventional,Charlotte,2026/04/05,0.955731751,593601.1379,242650.342,71910.93283,513.6821183,278526.1809,195245.1796,32309.2875,1730.925,49240.7888
Category,Weekly,15,Conventional,Charlotte,2026/04/12,0.917199022,660437.4072,271825.6515,75440.64465,623.9573646,312547.1537,214729.1227,43066.5375,3453.58125,51297.91219
Category,Weekly,16,Conventional,Charlotte,2026/04/19,0.935782702,676290.2383,290708.3988,79777.62284,1499.241596,304304.975,213070.1068,41656.9125,2318.00625,47259.94946
Category,Weekly,13,Conventional,Chicago,2026/03/29,0.849186747,2057818.584,1113436.312,231825.1586,29587.46024,682969.653,586716.751,24272.71875,21180.24819,50799.9351
Category,Weekly,14,Conventional,Chicago,2026/04/05,0.951421941,1826799.349,938748.6648,194388.7811,18791.01426,674870.8889,597618.5631,21734.08125,20051.60889,35466.63558
Category,Weekly,15,Conventional,Chicago,2026/04/12,0.923978071,2043630.345,1052192.245,205394.7702,36108.46842,749934.8612,655640.092,17298.35625,5851.817575,71144.5954
Category,Weekly,16,Conventional,Chicago,2026/04/19,0.835313308,2314719.792,1291474.136,265812.8548,31285.68804,726147.1128,646174.2022,16338.65625,7011.404883,56622.84947
Category,Weekly,13,Conventional,Cincinnati/Dayton,2026/03/29,1.011573784,447422.372,184832.2349,113689.6919,12154.07181,136746.3734,82115.13301,22031.23125,32211.38656,388.6226018
Category,Weekly,14,Conventional,Cincinnati/Dayton,2026/04/05,1.1695124,441606.1559,205572.7904,92793.0418,7477.632883,135762.6908,84197.95101,20610.58125,30538.05602,416.1024876
Category,Weekly,15,Conventional,Cincinnati/Dayton,2026/04/12,1.143181895,444962.3604,209161.1489,86917.29747,18506.6934,130377.2206,83503.39366,27764.75625,18652.39977,456.6709137
Category,Weekly,16,Conventional,Cincinnati/Dayton,2026/04/19,1.13027961,469894.9323,215084.1691,106283.6245,15574.54185,132952.5968,89485.31735,24102.75,18736.08746,628.4420202
Category,Weekly,13,Conventional,Columbus,2026/03/29,0.994613289,403738.5815,145307.018,100836.2388,13085.97221,144509.3526,114466.6569,29716.3125,91.875,234.5081495
Category,Weekly,14,Conventional,Columbus,2026/04/05,1.111401919,379294.484,146416.2421,81015.55604,7163.411714,144699.2741,114001.4648,30325.575,156.1875,216.0468579
Category,Weekly,15,Conventional,Columbus,2026/04/12,1.080203478,406488.3954,169531.1785,73863.89623,16979.89522,146113.4255,121104.7015,24678.54375,80.85,249.3302763
Category,Weekly,16,Conventional,Columbus,2026/04/19,1.055972092,421494.0513,176997.2151,83995.05231,14843.31412,145658.4698,109976.6095,35319.1125,42.2625,320.4852806
Category,Weekly,13,Conventional,Dallas/Ft. Worth,2026/03/29,0.772567566,2146082.579,861124.8993,199910.2488,177090.1257,907957.3049,778167.7181,104031.8492,13412.05395,12345.68368
Category,Weekly,14,Conventional,Dallas/Ft. Worth,2026/04/05,0.77451238,2169184.26,899592.5553,89214.45397,179952.8763,1000424.374,870121.605,103848.5757,12453.19779,14000.99592
Category,Weekly,15,Conventional,Dallas/Ft. Worth,2026/04/12,0.806880596,2060409.7,871220.7096,160973.9499,132004.0609,896210.9797,766939.7678,103627.9619,13185.81793,12457.43209
Category,Weekly,16,Conventional,Dallas/Ft. Worth,2026/04/19,0.811837466,2065759.693,855911.7977,126003.4467,155428.7001,928415.7489,802453.1713,99497.18123,12776.97472,13688.42166
Category,Weekly,13,Conventional,Denver,2026/03/29,1.035329674,1339083.748,454477.1011,312176.1911,11226.21306,561204.2425,364020.8684,116339.2125,75781.47701,5062.68458
Category,Weekly,14,Conventional,Denver,2026/04/05,1.160095142,1366018.071,479883.3253,291992.7861,26672.15381,567469.8055,397412.9002,81915.75,82488.59694,5652.558331
Category,Weekly,15,Conventional,Denver,2026/04/12,1.125231544,1340331.776,456245.1891,269078.1694,14580.18736,600428.2299,425450.2054,127688.6625,42269.87413,5019.487839
Category,Weekly,16,Conventional,Denver,2026/04/19,1.184374239,1313518.67,433400.3493,316678.7793,25288.54112,538151.0005,398305.1687,92289.4875,40683.75524,6872.58915
Category,Weekly,13,Conventional,Detroit,2026/03/29,0.999882133,699529.6952,207706.7743,133078.222,70664.26935,288080.4296,203641.0767,60615.45,23063.14306,760.7598524
Category,Weekly,14,Conventional,Detroit,2026/04/05,1.063199375,657114.1545,214816.825,102588.8366,34664.43426,305044.0587,226909.5121,51568.125,25751.38779,815.0338194
Category,Weekly,15,Conventional,Detroit,2026/04/12,1.034055163,717296.3861,202342.2504,112478.2203,83678.56479,318797.3507,231014.18,71929.4625,15073.80018,779.9080168
Category,Weekly,16,Conventional,Detroit,2026/04/19,1.018271564,749266.9151,240708.9836,132001.1008,76800.77554,299756.0551,205213.7257,78788.5875,14715.92805,1037.813885
Category,Weekly,13,Conventional,Grand Rapids,2026/03/29,0.946484216,314862.9423,82626.32273,49140.94442,61430.50548,121665.1697,101459.5277,19306.6125,2.75625,896.2732742
Category,Weekly,14,Conventional,Grand Rapids,2026/04/05,1.015700691,272412.6385,78093.91506,37597.66277,32312.70164,124408.359,106501.6709,16657.725,0,1248.963146
Category,Weekly,15,Conventional,Grand Rapids,2026/04/12,0.938919544,326146.2308,65412.30264,55802.38473,71408.48862,133523.0548,112492.8511,20506.5,8.26875,515.4350056
Category,Weekly,16,Conventional,Grand Rapids,2026/04/19,0.951210392,348385.869,95148.21071,52879.42277,68708.2185,131650.017,107729.855,23381.1375,2.75625,536.2682672
Category,Weekly,13,Conventional,Harrisburg/Scranton,2026/03/29,0.914320129,683858.2159,297170.6179,93077.93776,379.6793958,293229.9808,258134.4191,21309.26885,9123.237126,4663.05577
Category,Weekly,14,Conventional,Harrisburg/Scranton,2026/04/05,0.936984406,680577.1482,287012.8417,101463.6205,361.9875432,291738.6985,256187.315,19008.32691,12636.45598,3906.600615
Category,Weekly,15,Conventional,Harrisburg/Scranton,2026/04/12,0.936628085,682537.984,292664.8926,89370.0867,407.044305,300095.9604,260597.9988,17912.70351,18397.78847,3187.469567
Category,Weekly,16,Conventional,Harrisburg/Scranton,2026/04/19,0.931050038,724042.197,318333.0558,105322.4087,491.3380162,299895.3945,262651.7969,15895.29938,17862.37174,3485.926499
Category,Weekly,13,Conventional,Hartford/Springfield,2026/03/29,0.877178796,681689.666,126568.5346,302306.6095,276.9520242,252537.5699,232982.4513,14365.20595,1838.896402,3351.016272
Category,Weekly,14,Conventional,Hartford/Springfield,2026/04/05,0.973557742,573407.6119,106192.6911,206338.3819,227.1675943,260649.3713,248478.6811,6906.1125,1701.691803,3562.885866
Category,Weekly,15,Conventional,Hartford/Springfield,2026/04/12,0.905898557,650399.9371,111760.6701,256852.4152,447.5936571,281339.2583,257988.4276,9542.925,10622.47227,3185.433378
Category,Weekly,16,Conventional,Hartford/Springfield,2026/04/19,1.001479418,627645.7302,145861.4172,228557.2951,385.7096076,252841.3082,234330.8453,7597.8,7454.86059,3457.802295
Category,Weekly,13,Conventional,Houston,2026/03/29,0.79980653,1466388.027,640292.0528,280196.9442,1914.461369,543984.5683,472599.8603,35239.44375,23866.83095,12278.43331
Category,Weekly,14,Conventional,Houston,2026/04/05,0.828445204,1488001.238,646381.0465,278769.7807,2039.268674,560811.1422,491686.3699,30349.06875,23456.76025,15318.94324
Category,Weekly,15,Conventional,Houston,2026/04/12,0.863568184,1487940.909,718155.8685,211983.3544,561.801656,557239.8845,464879.7789,44677.5,31592.41252,16090.1931
Category,Weekly,16,Conventional,Houston,2026/04/19,0.842655011,1468498.464,692345.8752,202805.5845,736.7045256,572610.2995,501139.0683,29573.5125,28918.08138,12979.63729
Category,Weekly,13,Conventional,Indianapolis,2026/03/29,0.919133727,461513.5,169666.8295,90290.3644,21731.08194,179825.2242,139203.9211,29587.81875,554.00625,10479.47804
Category,Weekly,14,Conventional,Indianapolis,2026/04/05,1.010692845,433924.7295,172707.6196,72409.54018,13555.08686,175252.4828,144767.8081,17558.625,689.98125,12236.06839
Category,Weekly,15,Conventional,Indianapolis,2026/04/12,0.954140061,463425.2393,191900.5624,70167.56456,24544.19185,176812.9205,150448.0215,19924.275,619.2375,5821.386445
Category,Weekly,16,Conventional,Indianapolis,2026/04/19,0.968833358,476421.6119,195346.6167,78589.03499,22808.40746,179677.5527,154965.8872,15231.3,746.025,8734.340498
Category,Weekly,13,Conventional,Jacksonville,2026/03/29,0.833855249,386327.6857,197376.25,9626.708894,12.70499977,179312.0219,145161.9792,28287.525,138.99375,5723.523945
Category,Weekly,14,Conventional,Jacksonville,2026/04/05,0.820901615,393500.9392,211914.0048,5739.907534,23.25263486,175823.7743,137571.9608,31693.9875,176.79375,6381.032255
Category,Weekly,15,Conventional,Jacksonville,2026/04/12,0.819518745,438024.8456,243493.6571,9779.274926,25.36137139,184726.5522,137522.4463,41358.1875,126.7875,5719.130885
Category,Weekly,16,Conventional,Jacksonville,2026/04/19,0.785799634,454546.3387,262175.5195,6857.327446,22.37367726,185491.118,154418.8967,25920.3,88.2,5063.721333
Category,Weekly,13,Conventional,Kansas City,2026/03/29,0.83032823,397611.0577,191648.8301,59671.53547,13919.90403,132370.7881,100653.2581,19717.95,712.7020211,11286.87791
Category,Weekly,14,Conventional,Kansas City,2026/04/05,0.870058932,355501.156,172063.2798,52550.04278,13159.3322,117728.5012,92170.50964,12777.45,824.7108171,11955.83073
Category,Weekly,15,Conventional,Kansas City,2026/04/12,0.888060141,383378.1691,185417.4947,54447.25475,11731.31544,131782.1042,110367.3441,9663.675,720.4834897,11030.60162
Category,Weekly,16,Conventional,Kansas City,2026/04/19,0.901384002,385212.7658,182578.0763,61000.84216,13999.8167,127634.0306,104235.1146,9084.075,912.9809124,13401.86014
Category,Weekly,13,Conventional,Knoxville,2026/03/29,0.931833113,183195.8208,91223.61376,27582.76876,12.02906631,64377.4092,48823.05043,10723.65,160.1830335,4670.525732
Category,Weekly,14,Conventional,Knoxville,2026/04/05,0.980326784,182771.93,95054.89933,25548.94141,32.57953405,62135.50973,48107.50978,8866.725,130.3771615,5030.897786
Category,Weekly,15,Conventional,Knoxville,2026/04/12,0.965006212,184848.6828,96530.6042,23477.21601,14.67078032,64826.19178,49601.54215,10225.425,144.1383128,4855.086325
Category,Weekly,16,Conventional,Knoxville,2026/04/19,0.956450927,191442.8991,99838.2058,26240.56315,22.01184013,65342.11832,47172.88715,13392.225,220.6548737,4556.3513
Category,Weekly,13,Conventional,Las Vegas,2026/03/29,0.940149639,647938.8057,187885.3649,125815.97,6242.04934,327995.4215,266876.6085,35249.3055,9753.26392,16116.24355
Category,Weekly,14,Conventional,Las Vegas,2026/04/05,1.010562772,624443.44,220089.9049,76818.1661,6762.358046,320773.0109,269625.122,31392.60572,9759.709669,9995.573442
Category,Weekly,15,Conventional,Las Vegas,2026/04/12,1.017119174,637491.8205,231801.7066,71051.82318,5874.955934,328763.3348,270686.9365,29284.24258,7994.7,20797.45569
Category,Weekly,16,Conventional,Las Vegas,2026/04/19,0.915504251,668598.3319,187485.1552,117665.4775,7403.276505,356044.4227,303581.5207,28496.77388,9109.40625,14856.72185
Category,Weekly,13,Conventional,Los Angeles,2026/03/29,1.106222146,4629158.393,1940035.956,97928.52657,562097.4416,2029096.469,1445588.178,252618.2574,167915.722,162974.3108
Category,Weekly,14,Conventional,Los Angeles,2026/04/05,1.109589955,4853583.237,1993103.75,78355.35605,820261.7054,1961862.426,1395038.473,224874.3806,165720.5375,176229.0347
Category,Weekly,15,Conventional,Los Angeles,2026/04/12,1.074907666,4977440.379,2128920.424,84655.01581,611048.9029,2152816.036,1666880.886,230177.757,87157.10561,168600.2875
Category,Weekly,16,Conventional,Los Angeles,2026/04/19,1.106344527,4788921.854,2210151.647,73124.9417,426428.0264,2079217.239,1575204.96,186266.6734,145272.3447,172473.2615
Category,Weekly,13,Conventional,Louisville,2026/03/29,0.979466219,210967.3554,75421.7876,41349.80082,4840.814615,89354.9524,77332.47892,11759.2125,184.40625,78.85472678
Category,Weekly,14,Conventional,Louisville,2026/04/05,1.064587837,198983.8919,77356.92134,33951.08658,2582.458388,85093.42561,75190.59691,9465.4875,282.31875,155.022455
Category,Weekly,15,Conventional,Louisville,2026/04/12,1.062368475,197856.1051,77663.80153,33524.94307,6599.286103,80068.07442,70923.9853,8871.975,151.06875,121.0453632
Category,Weekly,16,Conventional,Louisville,2026/04/19,1.039752054,223435.0058,88060.83957,43208.1696,5085.068751,87080.92792,71721.46313,14899.2375,192.01875,268.2085442
Category,Weekly,13,Conventional,Miami/FT. Lauderdale,2026/03/29,0.844533783,1960621.263,1006945.147,17325.19303,9.769097902,936341.1536,766820.3204,134940.3563,1015.0875,33565.38944
Category,Weekly,14,Conventional,Miami/FT. Lauderdale,2026/04/05,0.834257144,1850809.311,1015246.308,9548.811404,22.57202041,825991.62,598627.087,195216.525,623.30625,31524.70181
Category,Weekly,15,Conventional,Miami/FT. Lauderdale,2026/04/12,0.828871822,2143656.382,1169369.809,17480.25966,12.9117477,956793.4021,743428.8819,174599.775,407.53125,38357.21392
Category,Weekly,16,Conventional,Miami/FT. Lauderdale,2026/04/19,0.826680988,2132430.631,1161035.838,37273.37433,33.36484423,934088.0544,710495.8334,194344.2375,563.0625,28684.921
Category,Weekly,13,Conventional,Milwaukee,2026/03/29,0.938555052,479932.913,201334.9702,89789.00432,9319.791314,179489.1472,112374.1532,19339.1625,22868.69165,24907.13983
Category,Weekly,14,Conventional,Milwaukee,2026/04/05,1.026094103,465273.7196,211577.913,74197.64281,5356.752582,174141.4112,102880.6405,23723.9625,21764.03411,25772.77409
Category,Weekly,15,Conventional,Milwaukee,2026/04/12,1.029852297,487804.6976,224780.3941,76316.01056,11535.62053,175172.6724,136245.4996,12218.5875,6033.902963,20674.68241
Category,Weekly,16,Conventional,Milwaukee,2026/04/19,1.004581331,515194.1827,239957.8979,87969.8715,10085.30703,177181.1063,138303.3115,6936.5625,5695.804156,26245.42807
Category,Weekly,13,Conventional,Minneapolis,2026/03/29,0.775344679,729080.8421,398754.9921,15085.32625,3056.706943,312183.8168,268328.3126,11331.8625,4107.6,28416.04175
Category,Weekly,14,Conventional,Minneapolis,2026/04/05,0.780073925,706614.9976,379675.101,15537.27061,3213.449762,308189.1762,258749.1656,11831.6625,4503.7125,33104.63562
Category,Weekly,15,Conventional,Minneapolis,2026/04/12,0.838236432,746487.4016,381268.7008,15238.21472,2389.1155,347591.3705,301972.7741,12787.1625,3803.625,29027.80893
Category,Weekly,16,Conventional,Minneapolis,2026/04/19,0.889020523,739082.5405,358071.9117,42503.67868,2674.270597,335832.6796,281189.9114,12191.8125,5270.34375,37180.6119
Category,Weekly,13,Conventional,Nashville,2026/03/29,0.856478569,511872.0209,254632.6249,49340.04387,11.91796525,207887.4341,145474.6218,59909.85,30.31875,2472.643569
Category,Weekly,14,Conventional,Nashville,2026/04/05,0.880337793,518324.1564,282447.93,39180.87502,15.80712041,196679.5443,151684.1767,41962.9875,46.85625,2985.523829
Category,Weekly,15,Conventional,Nashville,2026/04/12,0.874412765,543893.0988,296661.5477,40865.13604,20.82290141,206345.5922,162157.6316,41194.125,107.49375,2886.341852
Category,Weekly,16,Conventional,Nashville,2026/04/19,0.878215906,544801.5567,298330.298,47791.04187,21.87243725,198658.3444,164156.924,31626.525,248.0625,2626.832906
Category,Weekly,13,Conventional,Northern New England,2026/03/29,0.809519289,799465.4765,408523.9238,255084.1943,237.3696525,135619.9889,126283.9318,7406.206403,302.7801754,1627.070445
Category,Weekly,14,Conventional,Northern New England,2026/04/05,0.957615471,646048.4777,287740.2291,183889.5759,197.6153732,174221.0574,160371.7439,11767.04614,313.0253573,1769.241968
Category,Weekly,15,Conventional,Northern New England,2026/04/12,0.813944795,726089.4033,365462.6718,232040.4845,201.587984,128384.6591,115823.4903,10918.91846,156.5071784,1485.74311
Category,Weekly,16,Conventional,Northern New England,2026/04/19,0.985011555,639087.0162,291886.4506,176028.8003,183.9718688,170987.7935,160554.3432,8537.819476,298.0534621,1597.577406
Category,Weekly,13,Conventional,New Orleans/Mobile,2026/03/29,0.716802402,487364.7917,260805.8417,10274.81331,525.9778361,215758.1589,109879.5441,103966.1438,16.5375,1895.933489
Category,Weekly,14,Conventional,New Orleans/Mobile,2026/04/05,0.714170716,486809.9485,266572.1831,5442.478556,255.9360795,214539.3508,110057.3428,102872.175,36.225,1573.607992
Category,Weekly,15,Conventional,New Orleans/Mobile,2026/04/12,0.744570377,481225.5965,265576.0685,8589.605987,361.0009065,206698.9211,110277.2411,94945.33125,16.5375,1459.811196
Category,Weekly,16,Conventional,New Orleans/Mobile,2026/04/19,0.753796072,488665.955,262507.9517,9224.166337,249.5235392,216684.3134,121631.6118,93612.88125,22.05,1417.77032
Category,Weekly,13,Conventional,New York,2026/03/29,0.944909369,4042708.997,626574.2356,1148817.343,16302.22017,2251015.198,2034715.779,99314.92739,45909.94615,71074.54544
Category,Weekly,14,Conventional,New York,2026/04/05,1.011583402,3619630.291,568364.8827,804505.8188,17865.59244,2228893.997,2014839.04,113889.8596,49389.47811,50775.6191
Category,Weekly,15,Conventional,New York,2026/04/12,1.027581695,3736888.16,636741.7621,788885.9968,17766.95385,2293493.448,1886357.887,165171.8667,200128.4357,41835.25777
Category,Weekly,16,Conventional,New York,2026/04/19,1.019293108,4026911.545,711712.2872,1181736.627,21194.82319,2112267.808,1832061.907,108690.129,116714.6425,54801.12957
Category,Weekly,13,Conventional,Omaha,2026/03/29,0.870422374,232450.9919,120700.2303,24793.22167,12.11019414,86945.42975,68639.2875,9254.04375,3325.613589,5726.484908
Category,Weekly,14,Conventional,Omaha,2026/04/05,0.885813201,216926.534,121871.7939,26104.304,31.83320269,68918.60287,54382.65,5292,3276.159478,5967.79339
Category,Weekly,15,Conventional,Omaha,2026/04/12,0.896011608,231442.5124,118553.6126,25501.89219,37.67311952,87349.33453,71317.05,8334.9,1767.751146,5929.633382
Category,Weekly,16,Conventional,Omaha,2026/04/19,0.878392292,240896.8515,124410.7461,31210.58312,47.1423757,85228.37987,69851.64375,6479.025,1932.257995,6965.453123
Category,Weekly,13,Conventional,Orlando,2026/03/29,0.758377561,1177642.908,573179.3608,14735.81478,1.067933105,589726.6647,509773.8412,63928.2,270.1125,15754.511
Category,Weekly,14,Conventional,Orlando,2026/04/05,0.758877125,1147011.715,552054.2453,21089.55464,29.06790587,573838.8471,461220.3561,99440.775,482.34375,12695.37226
Category,Weekly,15,Conventional,Orlando,2026/04/12,0.760909623,1226025.091,611923.2319,9691.444144,31.29704075,604379.1178,511181.2188,81979.5375,427.21875,10791.14271
Category,Weekly,16,Conventional,Orlando,2026/04/19,0.765257264,1213681.863,631166.2113,17994.51581,30.5769118,564490.5591,459240.9341,84253.3125,385.875,20610.4375
Category,Weekly,13,Conventional,Peoria/Springfield,2026/03/29,0.815101284,240827.3437,125582.9422,24782.21918,7145.042526,83317.13981,73470.95642,9468.6375,2.75625,374.7896419
Category,Weekly,14,Conventional,Peoria/Springfield,2026/04/05,0.869305359,221021.0754,112881.4679,20698.51561,4109.5937,83331.49813,71889.0913,8465.1,13.78125,2963.52557
Category,Weekly,15,Conventional,Peoria/Springfield,2026/04/12,0.861565594,243437.486,129570.1896,21432.48298,8449.02911,83985.78428,71428.31956,7860.3,16.5375,4680.627214
Category,Weekly,16,Conventional,Peoria/Springfield,2026/04/19,0.816411241,255678.4591,140343.4499,23661.56989,7557.391941,84116.04744,74337.45467,7309.05,90.95625,2378.586523
Category,Weekly,13,Conventional,Philadelphia,2026/03/29,0.911776383,1133531.249,373804.3815,151314.4514,2837.707009,605574.7088,534603.1014,38722.0363,16703.88076,15545.69037
Category,Weekly,14,Conventional,Philadelphia,2026/04/05,0.93584299,1078742.521,366178.0041,158493.0349,2853.59568,551217.8864,484808.5133,33829.55356,18162.75633,14417.06321
Category,Weekly,15,Conventional,Philadelphia,2026/04/12,0.930306421,1160858.455,399068.3732,146312.0684,3215.005053,612263.0086,520210.1948,35235.90182,43997.69207,12819.21995
Category,Weekly,16,Conventional,Philadelphia,2026/04/19,0.916757226,1193088.652,433552.212,200481.7297,4339.258013,554715.4522,477044.0816,31737.77033,30718.62373,15214.97656
Category,Weekly,13,Conventional,Phoenix/Tucson,2026/03/29,0.943287512,1816990.774,769083.3499,359075.6409,16549.80567,672281.9773,551223.3658,57368.0625,12869.71875,50820.83026
Category,Weekly,14,Conventional,Phoenix/Tucson,2026/04/05,1.021098675,1756364.62,825281.8426,251858.0083,18242.92153,660981.8476,537626.7737,50432.025,23418.675,49504.37389
Category,Weekly,15,Conventional,Phoenix/Tucson,2026/04/12,1.018630321,1735845.119,808086.1906,226008.3997,15876.97788,685873.5505,540856.8036,86154.8625,10046.53125,48815.35312
Category,Weekly,16,Conventional,Phoenix/Tucson,2026/04/19,0.917015058,1891292.157,745033.5904,380898.6348,17591.85298,747768.0791,660510.3749,35585.2875,10637.15625,41035.26047
Category,Weekly,13,Conventional,Pittsburgh,2026/03/29,0.797311967,297535.8525,147638.0555,40524.24364,10.70236858,109362.851,90267.11645,14636.2125,52.87993489,4406.642111
Category,Weekly,14,Conventional,Pittsburgh,2026/04/05,0.826162315,290450.9316,140193.6575,46292.46982,3.818991617,103960.9853,89988.62664,8528.23125,49.87290469,5394.254502
Category,Weekly,15,Conventional,Pittsburgh,2026/04/12,0.792345619,304265.4271,146444.6147,38518.315,0.944999975,119301.5524,100630.9523,13877.98125,101.0390376,4691.579773
Category,Weekly,16,Conventional,Pittsburgh,2026/04/19,0.834693019,326085.1912,162879.291,36298.07112,17.95654911,126889.8726,112027.719,10325.83125,51.69278301,4484.629582
Category,Weekly,13,Conventional,Portland,2026/03/29,1.099945675,821531.1379,478534.7467,92006.5766,35899.30905,215090.5055,166089.1801,23354.49375,17719.88386,7926.947865
Category,Weekly,14,Conventional,Portland,2026/04/05,1.257397305,793040.3482,373458.5587,168265.6604,35709.61761,215606.5116,164804.3113,13580.04375,28155.59235,9066.564219
Category,Weekly,15,Conventional,Portland,2026/04/12,1.235392311,808213.8173,403241.0058,157555.561,33098.10564,214319.1448,151583.3022,44027.41875,10721.22156,7987.202296
Category,Weekly,16,Conventional,Portland,2026/04/19,1.193680323,870501.0421,471917.169,168292.8577,31859.77345,198431.242,165197.9524,20880.43125,4320.644905,8032.213457
Category,Weekly,13,Conventional,Providence,2026/03/29,0.749824031,192722.3703,80142.56405,79759.47591,3.251584257,32817.07879,31293.09639,967.44375,8.26875,548.2698997
Category,Weekly,14,Conventional,Providence,2026/04/05,0.954425929,134686.3228,55641.58519,42473.20013,1.88999995,36569.64746,34819.38884,1135.575,0,614.6836248
Category,Weekly,15,Conventional,Providence,2026/04/12,0.902012604,145520.7772,66914.78871,43330.98915,8.693222359,35266.30615,33856.21943,895.78125,0,514.3054698
Category,Weekly,16,Conventional,Providence,2026/04/19,0.94422479,148201.1337,65425.30635,45779.99972,0,36995.8276,35404.01132,1096.9875,0,494.8287773
Category,Weekly,13,Conventional,Raleigh/Greensboro,2026/03/29,0.847667712,835151.5906,334405.9186,109446.9586,346.8417731,390951.8716,267698.124,58940.43969,1370.851297,62942.45661
Category,Weekly,14,Conventional,Raleigh/Greensboro,2026/04/05,0.911141398,788815.3254,312639.2138,85277.47116,347.4187195,390551.2217,262348.4186,56271.76424,1646.616086,70284.42278
Category,Weekly,15,Conventional,Raleigh/Greensboro,2026/04/12,0.889959568,844360.4388,329845.1934,83860.2964,393.5428735,430261.4061,273188.1375,81385.50581,4060.896862,71626.86595
Category,Weekly,16,Conventional,Raleigh/Greensboro,2026/04/19,0.89066134,867798.651,364986.1104,85044.65822,1106.07576,416661.8066,292915.3774,52641.21994,2650.837604,68454.37164
Category,Weekly,13,Conventional,Richmond/Norfolk,2026/03/29,0.913011011,518855.5166,241126.272,74798.00133,174.6937374,202756.5495,135392.194,25036.94781,12278.3338,30049.0739
Category,Weekly,14,Conventional,Richmond/Norfolk,2026/04/05,0.95448765,506260.9572,241702.4945,59055.13533,130.0075324,205373.3199,132425.3984,26122.51711,14941.35558,31884.04879
Category,Weekly,15,Conventional,Richmond/Norfolk,2026/04/12,0.913224876,539479.7707,256767.4934,56702.43232,156.7550619,225853.0898,149734.5307,30133.62585,15632.25004,30352.68329
Category,Weekly,16,Conventional,Richmond/Norfolk,2026/04/19,0.892804475,567015.284,292842.8775,49802.99557,390.1714042,223979.2395,156757.9774,24445.51859,14649.38066,28126.36286
Category,Weekly,13,Conventional,Roanoke,2026/03/29,0.905402217,287407.848,154995.4737,38921.99163,115.5547857,93374.82785,68859.23062,8742.825,376.2776964,15396.49453
Category,Weekly,14,Conventional,Roanoke,2026/04/05,0.93406416,288220.1827,161452.507,30895.58625,72.90385172,95799.18557,68703.75946,9190.51875,463.3575383,17441.54983
Category,Weekly,15,Conventional,Roanoke,2026/04/12,0.896720743,286010.2209,160599.1503,32193.72512,49.0884619,93168.25699,66565.76147,8427.0375,454.6720767,17720.78594
Category,Weekly,16,Conventional,Roanoke,2026/04/19,0.877820307,301204.6053,184043.3411,24475.2161,53.22995506,92632.8182,67359.07446,8601.874806,582.4936986,16089.37524
Category,Weekly,13,Conventional,Sacramento,2026/03/29,1.019214108,823648.8152,343824.9832,58309.42536,4803.405285,416711.0014,329795.2494,42707.4375,3597.67434,40610.64009
Category,Weekly,14,Conventional,Sacramento,2026/04/05,1.004071256,842709.9829,390688.2452,50050.30024,5425.785534,396545.652,325747.2508,40775.175,3923.41114,26099.81503
Category,Weekly,15,Conventional,Sacramento,2026/04/12,1.004992257,884449.6169,371641.9597,49104.75332,4592.070115,459110.8338,371485.4131,55044.9375,4486.740695,28093.74243
Category,Weekly,16,Conventional,Sacramento,2026/04/19,1.019370506,838270.4161,344557.3432,61389.60853,3396.811008,428926.6534,368814.7704,31799.90625,3173.811163,25138.16557
Category,Weekly,13,Conventional,San Diego,2026/03/29,1.076910346,929292.3671,397967.8409,14953.16066,67407.78395,448963.5816,313116.5102,74692.7376,21742.34851,39411.98526
Category,Weekly,14,Conventional,San Diego,2026/04/05,1.094359248,950957.0825,428719.5141,17273.06343,88138.29502,416826.21,298686.9239,55082.24205,18926.85253,44130.19151
Category,Weekly,15,Conventional,San Diego,2026/04/12,0.994271222,1064769.091,458160.7925,16743.42071,69187.11617,520677.7617,402486.2544,64748.71302,11189.64316,42253.15115
Category,Weekly,16,Conventional,San Diego,2026/04/19,1.061035293,988520.2922,438114.8766,15418.2558,54157.94129,480829.2185,357759.2277,61355.6407,17144.46833,44569.88181
Category,Weekly,13,Conventional,San Francisco,2026/03/29,1.252069986,1279441.501,539783.633,83627.11166,9557.34779,646473.4088,465231.6899,89662.9125,10564.88497,81013.92146
Category,Weekly,14,Conventional,San Francisco,2026/04/05,1.23766725,1295672.096,640763.9804,80877.03914,8815.04672,565216.0294,415030.8872,65588.775,11634.53142,72961.83579
Category,Weekly,15,Conventional,San Francisco,2026/04/12,1.21790812,1377383.378,619765.7954,72122.55433,9197.889053,676297.1394,524361.261,69871.59375,9342.824443,72721.46023
Category,Weekly,16,Conventional,San Francisco,2026/04/19,1.304913496,1293115.509,556836.256,90153.14442,7588.354319,638537.7543,507755.1064,61218.01875,10817.87712,58746.75201
Category,Weekly,13,Conventional,Seattle,2026/03/29,1.247524486,826436.0539,341387.6173,96343.8566,39436.12398,349268.4559,259483.7377,48886.6875,24491.51465,16406.51609
Category,Weekly,14,Conventional,Seattle,2026/04/05,1.332737467,790670.1256,287079.4246,152044.0709,45278.93272,306267.6974,236592.9827,20904.31875,32154.07804,16616.31789
Category,Weekly,15,Conventional,Seattle,2026/04/12,1.384474785,790714.7837,275440.3223,147305.2619,37866.84848,330102.351,282209.8588,20536.81875,10877.63206,16478.04141
Category,Weekly,16,Conventional,Seattle,2026/04/19,1.336391183,829596.6227,268773.5769,186279.2696,44514.60151,330029.1747,239409.0647,65633.6625,7712.316043,17274.13148
Category,Weekly,13,Conventional,Spokane,2026/03/29,1.059467609,131433.8565,54582.68363,8759.570353,7525.217521,60566.38497,52735.22548,5727.4875,1608.143734,495.5282577
Category,Weekly,14,Conventional,Spokane,2026/04/05,1.129188454,125159.4414,50103.21223,13735.03591,7083.013376,54238.17989,46399.77335,5060.475,2270.674778,507.2567668
Category,Weekly,15,Conventional,Spokane,2026/04/12,1.143885192,130895.5153,46647.62713,12563.3428,7540.186967,64144.35843,46484.38032,16304.1375,849.8899071,505.9507038
Category,Weekly,16,Conventional,Spokane,2026/04/19,1.137570513,135894.9787,51106.46294,16397.10644,6998.698639,61392.71068,49406.33173,10829.30625,752.2863622,404.7863394
Category,Weekly,13,Conventional,St. Louis,2026/03/29,0.757100641,427075.6888,241076.476,11268.77515,26.44698894,174703.9906,151081.9598,16610.86875,50.00625,6961.155827
Category,Weekly,14,Conventional,St. Louis,2026/04/05,0.766320356,370385.6621,197688.2673,8876.397974,10.34442708,163810.6523,143009.4701,15204.39375,119.7,5477.088441
Category,Weekly,15,Conventional,St. Louis,2026/04/12,0.762520598,424438.5245,232065.3488,18558.52782,41.71871264,173772.9291,159393.0358,9073.18125,13.78125,5292.930885
Category,Weekly,16,Conventional,St. Louis,2026/04/19,0.780879183,417377.483,225700.5452,14956.1224,18.40431953,176702.411,160187.1025,8430.1875,0,8085.121057
Category,Weekly,13,Conventional,Syracuse,2026/03/29,0.837228476,148550.9983,56406.75288,29325.96243,363.2836092,62454.99937,59575.6101,2193.975,37.15339073,648.260878
Category,Weekly,14,Conventional,Syracuse,2026/04/05,0.862345629,140310.0397,52339.25256,26000.49264,354.0197242,61616.2748,58156.87174,2852.71875,62.80696671,543.8773353
Category,Weekly,15,Conventional,Syracuse,2026/04/12,0.836908871,152301.1067,56215.62395,29305.28354,298.0754199,66482.12378,63685.72276,2299.10625,16.93729836,480.3574719
Category,Weekly,16,Conventional,Syracuse,2026/04/19,0.817538598,160457.387,62895.66115,30371.27324,316.829356,66873.62327,62951.60774,3192.525,85.82533372,643.6651999
Category,Weekly,13,Conventional,Tampa,2026/03/29,0.796421486,1098162.407,562363.2924,28371.08393,22.39628599,507405.634,428600.3185,63902.7375,264.99375,14637.5842
Category,Weekly,14,Conventional,Tampa,2026/04/05,0.780929866,1062333.003,567357.8846,18829.74592,30.98889684,476114.3832,364953.7655,99494.98125,305.94375,11359.69265
Category,Weekly,15,Conventional,Tampa,2026/04/12,0.777797953,1157931.468,623248.018,9726.617447,1.983011601,524954.8495,431977.1394,82087.425,316.96875,10573.31636
Category,Weekly,16,Conventional,Tampa,2026/04/19,0.789085864,1126502.519,629806.4112,15480.07262,32.87435743,481183.1605,374860.0046,87142.9125,245.30625,18934.9371
Category,Weekly,13,Conventional,Toledo,2026/03/29,0.952576146,205553.2237,86197.87182,41924.94479,13692.59621,63737.81092,51115.80429,11675.08125,439.7561873,507.169197
Category,Weekly,14,Conventional,Toledo,2026/04/05,1.054103337,198471.0801,87387.20608,34613.67093,7903.47548,68566.72757,57677.95063,9822.225,532.3908813,534.1610655
Category,Weekly,15,Conventional,Toledo,2026/04/12,1.000322019,203521.7494,92930.81872,31880.17419,15072.96632,63637.79022,46236.51905,16581.8625,338.8021221,480.6065433
Category,Weekly,16,Conventional,Toledo,2026/04/19,1.00574128,219749.4703,100334.8768,37600.91006,15304.39688,66509.28656,51053.79234,14546.9625,272.9735626,635.558153
Category,Weekly,13,Conventional,West Tex/New Mexico,2026/03/29,0.829889661,1171654.286,524073.8918,115157.7802,14309.37267,518113.2414,445705.1188,69546.4875,2201.85,659.7850496
Category,Weekly,14,Conventional,West Tex/New Mexico,2026/04/05,0.841331476,1262314.575,565947.2578,100543.5847,15115.62331,580708.1093,501113.5217,75748.8375,3235.44375,610.3063713
Category,Weekly,15,Conventional,West Tex/New Mexico,2026/04/12,0.842260469,1249186.508,559839.8018,95940.53914,13607.50114,579798.6663,507890.6319,69161.1375,2090.025,656.8718445
Category,Weekly,16,Conventional,West Tex/New Mexico,2026/04/19,0.795430066,1252867.05,524863.6506,151260.324,15506.96876,561236.1066,471750.816,84428.1375,4448.5875,608.5656527
Category,Weekly,13,Conventional,Wichita,2026/03/29,0.953600536,146901.5612,84511.72351,23421.87019,3.094443075,38964.87305,22218.24811,7776.825,8170.351595,799.4483398
Category,Weekly,14,Conventional,Wichita,2026/04/05,0.962868244,154885.1765,92062.27076,24193.14299,2.043628596,38627.71913,21633.0935,5603.85,10456.67295,934.1026767
Category,Weekly,15,Conventional,Wichita,2026/04/12,0.894445616,145920.5538,88322.3953,20981.60827,1.020689798,36615.52953,24846.05789,5364.45,5657.158413,747.8632301
Category,Weekly,16,Conventional,Wichita,2026/04/19,0.885762426,148240.8686,82885.62024,30845.88648,4.799888286,34504.56202,23335.86337,5114.025,4954.92681,1099.746838
Category,Weekly,13,Conventional,California,2026/03/29,1.11521659,9608375.832,4177423.456,378501.43,723883.687,4328567.26,3107729.817,579182.4792,243389.0502,398265.913
Category,Weekly,14,Conventional,California,2026/04/05,1.11042675,10045290.4,4578835.417,320650.6734,1025728.299,4120076.01,2998485.103,479168.3913,243383.5633,399038.9527
Category,Weekly,15,Conventional,California,2026/04/12,1.07556357,10438226.03,4663134.251,333999.469,778861.6157,4662230.693,3645302.166,496514.3423,142952.0431,377462.1412
Category,Weekly,16,Conventional,California,2026/04/19,1.125857751,9877935.763,4550060.324,372098.3611,548693.3095,4407083.768,3399221.39,428022.0816,212397.6103,367442.6864
Category,Weekly,13,Conventional,Great Lakes,2026/03/29,0.90006845,7360448.293,3277678.595,1152894.007,362612.6548,2567263.036,2028115.826,318972.8063,110344.935,109829.4685
Category,Weekly,14,Conventional,Great Lakes,2026/04/05,0.983898513,6813362.116,3101410.39,933978.4026,198991.6555,2578981.668,2078355.412,290989.3875,109629.0181,100007.8503
Category,Weekly,15,Conventional,Great Lakes,2026/04/12,0.952474536,7415466.403,3304792.589,980046.6249,438593.9481,2692033.241,2187438.043,325167.2813,51048.23396,128379.6821
Category,Weekly,16,Conventional,Great Lakes,2026/04/19,0.921456191,7954052.77,3781970.93,1132158.004,398122.3446,2641801.491,2152382.172,316596,51033.7197,121789.5999
Category,Weekly,13,Conventional,Midsouth,2026/03/29,0.87971988,7410055.407,3306990.844,869523.724,13361.53879,3220179.3,2339154.867,498189.5352,49417.25703,333417.6408
Category,Weekly,14,Conventional,Midsouth,2026/04/05,0.915403986,7053729.676,3229169.1,725676.9045,8462.12233,3090421.549,2295689.032,366698.5976,61685.86332,366348.0567
Category,Weekly,15,Conventional,Midsouth,2026/04/12,0.91081023,7502117.414,3370907.072,698576.7736,16747.74758,3415885.821,2518607.122,455537.5222,83462.59546,358278.5813
Category,Weekly,16,Conventional,Midsouth,2026/04/19,0.906875734,7747721.076,3653904.579,759774.6552,18269.24664,3315772.595,2506640.712,399637.9963,63530.21602,345963.6707
Category,Weekly,13,Conventional,Northeast,2026/03/29,0.892707221,10367554.77,2957674.398,2895916.077,24002.69777,4489961.594,4079036.917,218386.0571,77110.68303,115427.9365
Category,Weekly,14,Conventional,Northeast,2026/04/05,0.968760563,9132060.206,2509269.591,2110387.6,25634.24058,4486768.774,4063667.612,238867.6263,86827.32986,97406.20628
Category,Weekly,15,Conventional,Northeast,2026/04/12,0.946081436,9698361.584,2826934.852,2234938.778,25575.05099,4610912.904,3937023.828,289656.3757,300568.8362,83663.86433
Category,Weekly,16,Conventional,Northeast,2026/04/19,0.970970908,9979064.846,2933966.934,2616810.33,31436.90378,4396850.678,3894000.345,211641.9056,188581.5321,102626.8953
Category,Weekly,13,Conventional,Plains,2026/03/29,0.802347264,3703726.482,2049752.141,296251.4488,22421.56987,1335301.322,1043008.614,178028.8125,26992.73878,87271.15704
Category,Weekly,14,Conventional,Plains,2026/04/05,0.819432699,3428108.881,1863441.21,287334.5676,22692.50925,1254640.594,982738.4849,148802.4563,30913.61266,92186.03979
Category,Weekly,15,Conventional,Plains,2026/04/12,0.842790661,3587159.964,1914386.133,292194.6372,18311.61454,1362267.579,1116004.946,140201.9063,18574.76717,87485.96028
Category,Weekly,16,Conventional,Plains,2026/04/19,0.853115724,3650174.332,1910346.754,364518.4785,22704.04226,1352605.057,1093720.812,131537.5688,19722.02845,107624.6474
Category,Weekly,13,Conventional,South Central,2026/03/29,0.758765114,8190877.72,3883591.767,915050.9038,235636.995,3156598.054,2643753.15,415969.0158,64456.75238,32419.13611
Category,Weekly,14,Conventional,South Central,2026/04/05,0.770846692,8238148.818,3997359.733,642132.153,224440.2564,3374216.676,2857293.979,410864.2632,68847.06381,37211.3702
Category,Weekly,15,Conventional,South Central,2026/04/12,0.785970628,8115365.396,3910981.16,769427.5594,175549.0989,3259407.577,2734977.474,419328.5308,68643.78125,36457.79027
Category,Weekly,16,Conventional,South Central,2026/04/19,0.786914661,8021426.461,3833993.064,742432.8319,199506.2785,3245494.287,2764280.733,372405.4039,75310.93632,33497.21375
Category,Weekly,13,Conventional,Southeast,2026/03/29,0.827597371,9805123.199,5137700.99,391019.6243,469.345095,4275933.24,3355598.473,717576.1953,39406.64461,163351.9268
Category,Weekly,14,Conventional,Southeast,2026/04/05,0.830698651,9461464.97,5131435.151,341769.8802,742.1341225,3987517.805,2960191.058,827919.7983,44527.50702,154879.4419
Category,Weekly,15,Conventional,Southeast,2026/04/12,0.826556092,10320983.55,5708167.967,313556.4864,676.3885171,4298582.711,3277167.226,825716.0726,29483.73721,166215.6758
Category,Weekly,16,Conventional,Southeast,2026/04/19,0.826410817,10388447.61,5826078.583,378990.5921,1310.574103,4182067.856,3217854.311,790799.7073,25349.38937,148064.4491
Category,Weekly,13,Conventional,West,2026/03/29,1.008029136,9714274.408,4035395.552,1714876.159,183112.1687,3780890.529,2969988.167,455178.5026,232424.159,123299.7
Category,Weekly,14,Conventional,West,2026/04/05,1.096062079,9609369.389,3991062.386,1699091.712,208372.3889,3710842.902,2928363.785,384605.7367,279951.365,117922.0151
Category,Weekly,15,Conventional,West,2026/04/12,1.098657127,9572794.346,3932264.56,1570666.766,172220.6422,3897642.378,3081709.666,535957.7585,149160.5296,130814.4239
Category,Weekly,16,Conventional,West,2026/04/19,1.058453087,9951514.134,3833959.136,2062612.56,208128.2556,3846814.182,3111087.955,485718.8178,137215.7245,112791.685
Category,Weekly,13,Conventional,Total U.S.,2026/03/29,0.910028529,66160436.11,28826207.74,8614033.374,1565500.657,27154694.33,21566385.83,3381483.404,843542.2201,1363282.879
Category,Weekly,14,Conventional,Total U.S.,2026/04/05,0.951898609,63781534.46,28401982.98,7061021.893,1715063.606,26603465.98,21164784.47,3147916.257,925765.3231,1364999.933
Category,Weekly,15,Conventional,Total U.S.,2026/04/12,0.94145193,66650474.69,29631568.59,7193407.094,1626536.106,28198962.9,22498230.47,3488079.79,843894.5239,1368758.119
Category,Weekly,16,Conventional,Total U.S.,2026/04/19,0.942878221,67570336.99,30324280.3,8429395.814,1428170.955,27388489.92,22139188.43,3136359.481,773141.1567,1339800.848
Category,Weekly,13,Organic,5 Boroughs/New York City,2026/03/29,1.359175453,63178.88256,3459.650954,2235.110746,0,57484.12086,55102.33426,0,0,2381.786597
Category,Weekly,14,Organic,5 Boroughs/New York City,2026/04/05,1.375392746,68510.68272,4263.540903,2096.681361,0,62150.46045,59442.6166,0,0,2707.843852
Category,Weekly,15,Organic,5 Boroughs/New York City,2026/04/12,1.401362711,70277.12079,3745.248539,2420.948537,0,64110.92372,61606.31495,0,0,2504.608768
Category,Weekly,16,Organic,5 Boroughs/New York City,2026/04/19,1.407611549,68307.40153,4608.076218,2732.105671,0,60967.21964,58418.17353,0,0,2549.046107
Category,Weekly,13,Organic,Albany,2026/03/29,1.425656041,7773.271079,322.1890457,265.3411848,0,7185.740849,7004.580085,0,0,181.1607635
Category,Weekly,14,Organic,Albany,2026/04/05,1.460527843,8110.691466,339.2147787,296.8980307,0,7474.578657,7261.711634,0,0,212.8670226
Category,Weekly,15,Organic,Albany,2026/04/12,1.406393311,8233.089071,197.5539807,283.7722601,0,7751.76283,7547.13328,0,0,204.6295499
Category,Weekly,16,Organic,Albany,2026/04/19,1.474149106,8201.671902,312.2787232,239.445687,0,7649.947492,7448.001559,0,0,201.9459334
Category,Weekly,13,Organic,Atlanta,2026/03/29,1.41495264,47078.28139,10621.56236,611.9251426,0,35844.79389,35844.79389,0,0,0
Category,Weekly,14,Organic,Atlanta,2026/04/05,1.393204437,47580.00697,12979.96845,626.3808036,0,33973.65771,33973.65771,0,0,0
Category,Weekly,15,Organic,Atlanta,2026/04/12,1.401781066,44464.9069,10962.33181,589.0881041,0,32913.48699,32913.48699,0,0,0
Category,Weekly,16,Organic,Atlanta,2026/04/19,1.431613249,42998.62335,8297.99624,732.3066664,0,33968.32045,33968.32045,0,0,0
Category,Weekly,13,Organic,Baltimore/Washington,2026/03/29,1.477132932,131407.2311,695.9797109,14312.30285,18.86451928,116380.084,110883.9442,5418.076884,0,78.06289666
Category,Weekly,14,Organic,Baltimore/Washington,2026/04/05,1.536318975,129995.2546,1167.363651,14015.4628,25.55062286,114786.8776,109070.9121,5630.136116,0,85.82931089
Category,Weekly,15,Organic,Baltimore/Washington,2026/04/12,1.412655808,145527.1912,786.0914566,10428.94854,37.79487239,134274.3563,129091.0896,5077.636735,0,105.6299874
Category,Weekly,16,Organic,Baltimore/Washington,2026/04/19,1.411276271,137604.8806,723.8214379,8966.223041,184.2706473,127730.5654,121578.2533,6071.622751,0,80.68937917
Category,Weekly,13,Organic,Birmingham/Montgomery,2026/03/29,1.346759778,20546.76331,624.0206439,307.4612305,0,19615.28144,18212.64944,0,0,1402.632
Category,Weekly,14,Organic,Birmingham/Montgomery,2026/04/05,1.422258467,18848.42333,695.2895754,286.9412329,0,17866.19252,14933.87852,0,0,2932.314
Category,Weekly,15,Organic,Birmingham/Montgomery,2026/04/12,1.394759642,21363.47741,684.4943147,312.8424502,0,20366.14065,16936.20657,0,0,3429.934074
Category,Weekly,16,Organic,Birmingham/Montgomery,2026/04/19,1.459170563,19192.18795,472.8860784,253.0381012,0,18466.26377,15685.95537,0,0,2780.308402
Category,Weekly,13,Organic,Boise,2026/03/29,1.995979656,7359.747219,423.3980786,3661.326162,0,3275.022977,3275.022977,0,0,0
Category,Weekly,14,Organic,Boise,2026/04/05,2.004540577,7660.547095,1078.574682,3159.633333,0,3422.33908,3422.33908,0,0,0
Category,Weekly,15,Organic,Boise,2026/04/12,1.90718842,7267.890497,664.5545852,3075.594549,0,3527.741363,3527.741363,0,0,0
Category,Weekly,16,Organic,Boise,2026/04/19,1.939210052,7176.048822,890.8662245,2786.544192,0,3498.638405,3498.638405,0,0,0
Category,Weekly,13,Organic,Boston,2026/03/29,1.518042735,46777.86192,294.5403229,1968.115788,0,44515.20581,44103.737,3.056499461,0,408.4123103
Category,Weekly,14,Organic,Boston,2026/04/05,1.43582072,51229.16782,368.8913645,1743.776718,0,49116.49974,48873.08617,0,0,243.4135727
Category,Weekly,15,Organic,Boston,2026/04/12,1.486504694,51199.41441,195.924144,1864.079292,0,49139.41098,48887.30191,0,0,252.1090679
Category,Weekly,16,Organic,Boston,2026/04/19,1.507140285,51755.82461,348.6678862,2027.15556,0,49380.00116,49061.5159,0,0,318.4852636
Category,Weekly,13,Organic,Buffalo/Rochester,2026/03/29,1.31146624,24734.08194,408.5919146,9.10917885,0,24316.38084,23606.58084,0,0,709.8
Category,Weekly,14,Organic,Buffalo/Rochester,2026/04/05,1.347433401,25538.12988,296.8999404,40.61906438,0,25200.61087,24335.41087,0,0,865.2
Category,Weekly,15,Organic,Buffalo/Rochester,2026/04/12,1.312260806,25868.22379,361.6368611,7.47276701,0,25499.11416,24646.51416,0,0,852.6
Category,Weekly,16,Organic,Buffalo/Rochester,2026/04/19,1.328117516,27917.10267,276.4327199,37.14457454,0,27603.52538,26832.82538,0,0,770.7
Category,Weekly,13,Organic,Charlotte,2026/03/29,1.499638548,45375.85251,198.8474918,1388.901274,26.09173241,43762.01201,40244.51201,0,0,3517.5
Category,Weekly,14,Organic,Charlotte,2026/04/05,1.592372519,42498.24473,1192.118585,1211.336211,25.0226834,40069.76725,36923.96725,0,0,3145.8
Category,Weekly,15,Organic,Charlotte,2026/04/12,1.595357907,46240.2435,236.1911866,2641.489731,57.3409487,43305.22163,40340.02163,0,0,2965.2
Category,Weekly,16,Organic,Charlotte,2026/04/19,1.611866211,43898.31412,108.1946733,2368.509564,162.5836179,41259.02627,38087.37002,2.75625,0,3168.9
Category,Weekly,13,Organic,Chicago,2026/03/29,1.480052659,75338.50929,132.1454419,20307.96532,0,54898.39853,54898.39853,0,0,0
Category,Weekly,14,Organic,Chicago,2026/04/05,1.439397523,82451.33345,199.5618747,21755.58095,0,60496.19063,60496.19063,0,0,0
Category,Weekly,15,Organic,Chicago,2026/04/12,1.4308382,79792.35031,504.5001533,19888.88956,0,59398.9606,59398.9606,0,0,0
Category,Weekly,16,Organic,Chicago,2026/04/19,1.527737528,65152.12114,210.6897936,18916.41633,0,46025.01502,46025.01502,0,0,0
Category,Weekly,13,Organic,Cincinnati/Dayton,2026/03/29,1.821068276,21900.14692,466.0349918,7860.220963,0,13573.89097,13573.89097,0,0,0
Category,Weekly,14,Organic,Cincinnati/Dayton,2026/04/05,1.774644065,25029.16423,652.3513698,8456.9541,0,15919.85876,15919.85876,0,0,0
Category,Weekly,15,Organic,Cincinnati/Dayton,2026/04/12,1.760539576,21327.09059,606.1864432,7043.022656,0,13677.88149,13677.88149,0,0,0
Category,Weekly,16,Organic,Cincinnati/Dayton,2026/04/19,1.787259231,24410.90975,759.7041265,8179.080008,0,15472.12561,15472.12561,0,0,0
Category,Weekly,13,Organic,Columbus,2026/03/29,1.799215175,12891.70089,710.2922052,3470.484595,0,8710.924091,8710.924091,0,0,0
Category,Weekly,14,Organic,Columbus,2026/04/05,1.727155073,13923.91038,572.0599693,3211.09546,0,10140.75495,10140.75495,0,0,0
Category,Weekly,15,Organic,Columbus,2026/04/12,1.718402371,13255.28679,525.6816678,3047.25174,0,9682.353386,9682.353386,0,0,0
Category,Weekly,16,Organic,Columbus,2026/04/19,1.761346908,13713.533,2319.668155,1744.426561,0,9649.43828,9649.43828,0,0,0
Category,Weekly,13,Organic,Dallas/Ft. Worth,2026/03/29,1.471005712,72921.06969,19598.06233,1825.32547,0,51497.6819,50496.5279,0,0,1001.154
Category,Weekly,14,Organic,Dallas/Ft. Worth,2026/04/05,1.481318013,73270.91346,23180.64139,973.0368454,0,49117.23522,47994.11322,0,0,1123.122
Category,Weekly,15,Organic,Dallas/Ft. Worth,2026/04/12,1.461703733,64917.13896,17792.56209,528.0099133,0,46596.56696,45571.41823,17.07811102,0,1008.070618
Category,Weekly,16,Organic,Dallas/Ft. Worth,2026/04/19,1.479386471,68460.91987,18725.22055,577.2127164,0,49158.48661,48144.62761,0,0,1013.859
Category,Weekly,13,Organic,Denver,2026/03/29,1.589569374,64902.10665,4587.008429,31632.8009,0,28682.29732,28682.29732,0,0,0
Category,Weekly,14,Organic,Denver,2026/04/05,1.842019967,55071.19628,3287.887104,21067.2942,0,30716.01498,30716.01498,0,0,0
Category,Weekly,15,Organic,Denver,2026/04/12,1.824493024,50466.53627,3831.386284,16829.9896,0,29805.16039,29805.16039,0,0,0
Category,Weekly,16,Organic,Denver,2026/04/19,1.796343221,54185.30221,5659.018252,16059.62432,0,32466.65965,32466.65965,0,0,0
Category,Weekly,13,Organic,Detroit,2026/03/29,1.33889851,29054.38439,6647.304418,270.957043,0,22136.12293,22136.12293,0,0,0
Category,Weekly,14,Organic,Detroit,2026/04/05,1.326324336,31600.51345,8103.131671,290.8392579,0,23206.54252,23206.54252,0,0,0
Category,Weekly,15,Organic,Detroit,2026/04/12,1.33061795,32877.15481,8589.119122,294.2888911,0,23993.74679,23993.74679,0,0,0
Category,Weekly,16,Organic,Detroit,2026/04/19,1.34527353,29234.1914,8631.319382,306.9130455,0,20295.95898,20295.95898,0,0,0
Category,Weekly,13,Organic,Grand Rapids,2026/03/29,1.43091082,8597.94887,11.50378715,324.4878517,0,8261.957231,8202.409517,0,0,59.54771335
Category,Weekly,14,Organic,Grand Rapids,2026/04/05,1.475380655,7904.09649,10.36324926,339.7868148,0,7553.946426,7470.177601,0,0,83.76882436
Category,Weekly,15,Organic,Grand Rapids,2026/04/12,1.427265784,8588.407286,0,119.872403,0,8468.534883,8322.014773,0,0,146.5201103
Category,Weekly,16,Organic,Grand Rapids,2026/04/19,1.515573442,7578.924027,8.06162098,232.6892388,0,7338.173167,7194.869136,0,0,143.3040312
Category,Weekly,13,Organic,Harrisburg/Scranton,2026/03/29,1.442477683,33605.75513,509.5795057,685.2099966,0,32410.96563,31732.81234,0,0,678.153288
Category,Weekly,14,Organic,Harrisburg/Scranton,2026/04/05,1.477313382,31566.36749,604.1145697,739.6372386,0,30222.61568,29401.72124,0,0,820.8944369
Category,Weekly,15,Organic,Harrisburg/Scranton,2026/04/12,1.416793824,34715.26258,501.3313726,676.7067749,0,33537.22443,32808.62322,0,0,728.601211
Category,Weekly,16,Organic,Harrisburg/Scranton,2026/04/19,1.479878099,34056.09698,418.0205371,625.5147613,0,33012.56168,32180.39774,0,0,832.1639415
Category,Weekly,13,Organic,Hartford/Springfield,2026/03/29,1.370408816,36092.30146,824.8408855,4652.2672,0,30615.19337,29860.75715,0,0,754.4362233
Category,Weekly,14,Organic,Hartford/Springfield,2026/04/05,1.357704043,38052.82361,880.3938194,4199.67914,0,32972.75065,32008.97873,0,0,963.7719198
Category,Weekly,15,Organic,Hartford/Springfield,2026/04/12,1.33472996,41351.53981,681.2878253,4419.787195,0,36250.46479,35381.06602,0,0,869.3987708
Category,Weekly,16,Organic,Hartford/Springfield,2026/04/19,1.368609076,40324.30616,643.5932202,5247.313376,0,34433.39956,33517.87674,0,0,915.5228287
Category,Weekly,13,Organic,Houston,2026/03/29,1.328159782,48184.79654,11766.63411,913.1699374,0,35504.99249,35504.99249,0,0,0
Category,Weekly,14,Organic,Houston,2026/04/05,1.244247716,41952.75295,11238.10612,679.0387362,0,30035.60809,29123.60727,912.0008198,0,0
Category,Weekly,15,Organic,Houston,2026/04/12,1.1528409,49358.64065,9145.84926,742.2066144,0,39470.58477,26971.62627,12498.95851,0,0
Category,Weekly,16,Organic,Houston,2026/04/19,1.256122267,36891.2021,10194.4344,731.0136023,0,25965.7541,25965.7541,0,0,0
Category,Weekly,13,Organic,Indianapolis,2026/03/29,1.533920239,16853.35135,210.2728796,2690.806198,0,13952.27228,13952.27228,0,0,0
Category,Weekly,14,Organic,Indianapolis,2026/04/05,1.520507058,16405.75069,226.8011548,2419.706492,0,13759.24305,13759.24305,0,0,0
Category,Weekly,15,Organic,Indianapolis,2026/04/12,1.459790201,18936.85415,193.8644013,2534.191519,0,16208.79823,16208.79823,0,0,0
Category,Weekly,16,Organic,Indianapolis,2026/04/19,1.555486298,16569.7751,428.4390202,2449.001744,0,13692.33433,13692.33433,0,0,0
Category,Weekly,13,Organic,Jacksonville,2026/03/29,1.42244152,14844.77347,23.43402334,62.60736459,0,14758.73208,14758.73208,0,0,0
Category,Weekly,14,Organic,Jacksonville,2026/04/05,1.461618271,16319.91232,85.65867961,66.71715756,0,16167.53648,16167.53648,0,0,0
Category,Weekly,15,Organic,Jacksonville,2026/04/12,1.403569238,17147.51401,64.287422,121.4560328,4.067771415,16957.70279,16957.70279,0,0,0
Category,Weekly,16,Organic,Jacksonville,2026/04/19,1.452710891,12368.44398,77.07493085,154.4263823,3.050956106,12133.89171,12131.13546,2.75625,0,0
Category,Weekly,13,Organic,Kansas City,2026/03/29,1.104836858,57024.94357,49.53343884,2228.920315,1.929835549,54744.55998,54744.55998,0,0,0
Category,Weekly,14,Organic,Kansas City,2026/04/05,1.100287523,57584.07669,77.63683293,2614.973341,5.819673482,54885.64684,54885.64684,0,0,0
Category,Weekly,15,Organic,Kansas City,2026/04/12,1.091827766,50411.47143,83.49689434,812.2937261,0,49515.6808,49515.6808,0,0,0
Category,Weekly,16,Organic,Kansas City,2026/04/19,1.104046055,56274.77605,46.35617943,1082.363599,1.939808924,55144.11646,55144.11646,0,0,0
Category,Weekly,13,Organic,Knoxville,2026/03/29,1.638079667,9004.896165,966.0244676,1156.92779,0,6881.943907,4830.243907,0,0,2051.7
Category,Weekly,14,Organic,Knoxville,2026/04/05,1.64881533,8531.65663,1057.54507,1051.233001,0,6422.87856,4362.77856,0,0,2060.1
Category,Weekly,15,Organic,Knoxville,2026/04/12,1.661879485,8297.605396,941.4205688,1088.83771,0,6267.347118,4270.247118,0,0,1997.1
Category,Weekly,16,Organic,Knoxville,2026/04/19,1.651552384,8121.273215,679.1294585,969.6595933,0,6472.484164,4399.784164,0,0,2072.7
Category,Weekly,13,Organic,Las Vegas,2026/03/29,1.530990689,24174.69236,6578.242207,2995.502835,0,14600.94732,14600.94732,0,0,0
Category,Weekly,14,Organic,Las Vegas,2026/04/05,1.529617187,24087.65704,5965.597542,3154.049106,0,14968.01039,14968.01039,0,0,0
Category,Weekly,15,Organic,Las Vegas,2026/04/12,1.376057731,29676.76504,9515.976098,3154.944297,0,17005.84464,17005.84464,0,0,0
Category,Weekly,16,Organic,Las Vegas,2026/04/19,1.44347381,25741.3363,7424.523262,3062.552827,0,15254.26021,15254.26021,0,0,0
Category,Weekly,13,Organic,Los Angeles,2026/03/29,1.52657545,248594.7094,50272.97312,9865.293463,2.867870878,188453.575,188060.5604,0,0,393.0145546
Category,Weekly,14,Organic,Los Angeles,2026/04/05,1.499292196,252821.3037,46848.93982,10521.49631,0,195450.8675,195061.8597,0,0,389.0078487
Category,Weekly,15,Organic,Los Angeles,2026/04/12,1.54082759,280739.0833,54140.58583,10671.67903,0,215926.8184,215888.8087,38.00976379,0,0
Category,Weekly,16,Organic,Los Angeles,2026/04/19,1.597051871,256878.651,58123.34735,10934.12378,0,187821.1799,187815.3996,0,0,5.780296183
Category,Weekly,13,Organic,Louisville,2026/03/29,1.640668906,11440.0759,11.41213468,2516.953287,0,8911.710475,8911.710475,0,0,0
Category,Weekly,14,Organic,Louisville,2026/04/05,1.679267834,10193.09165,9.737578529,2276.772468,0,7906.581603,7906.581603,0,0,0
Category,Weekly,15,Organic,Louisville,2026/04/12,1.657221373,11254.56482,122.4312083,2242.495639,0,8889.637969,8889.637969,0,0,0
Category,Weekly,16,Organic,Louisville,2026/04/19,1.770984624,11433.23737,142.0082781,2756.466326,0,8534.76277,8534.76277,0,0,0
Category,Weekly,13,Organic,Miami/FT. Lauderdale,2026/03/29,1.215869805,80651.32387,85.51183261,677.25,0,79888.56204,79888.56204,0,0,0
Category,Weekly,14,Organic,Miami/FT. Lauderdale,2026/04/05,1.217874945,71372.98208,84.97939051,794.85,0,70493.15269,70493.15269,0,0,0
Category,Weekly,15,Organic,Miami/FT. Lauderdale,2026/04/12,1.276553023,75565.50552,47.10261883,870.45,0,74647.9529,74647.9529,0,0,0
Category,Weekly,16,Organic,Miami/FT. Lauderdale,2026/04/19,1.283168918,75164.7098,109.1753843,824.25,0,74231.28441,74228.52816,2.75625,0,0
Category,Weekly,13,Organic,Milwaukee,2026/03/29,1.590483266,13234.31648,415.3920293,2930.683087,0,9888.241363,9888.241363,0,0,0
Category,Weekly,14,Organic,Milwaukee,2026/04/05,1.596303882,14220.38169,309.6409804,3348.323635,0,10562.41707,10562.41707,0,0,0
Category,Weekly,15,Organic,Milwaukee,2026/04/12,1.446119568,17522.41702,294.7657435,2477.331733,0,14750.31955,14750.31955,0,0,0
Category,Weekly,16,Organic,Milwaukee,2026/04/19,1.517748896,15121.84847,234.5826662,2373.350213,0,12513.91559,12513.91559,0,0,0
Category,Weekly,13,Organic,Minneapolis,2026/03/29,1.2957653,39943.73086,454.9194388,790.2976661,0,38698.51376,38698.51376,0,0,0
Category,Weekly,14,Organic,Minneapolis,2026/04/05,1.308158091,42403.5183,405.3516802,463.7619341,0,41534.40468,41534.40468,0,0,0
Category,Weekly,15,Organic,Minneapolis,2026/04/12,1.322380344,43103.52814,367.3822562,850.0247022,0,41886.12119,41886.12119,0,0,0
Category,Weekly,16,Organic,Minneapolis,2026/04/19,1.429873954,40890.35967,371.2335213,821.7580209,0,39697.36813,39697.36813,0,0,0
Category,Weekly,13,Organic,Nashville,2026/03/29,1.473756271,27936.17399,384.9022787,3498.19254,0,24053.07918,24053.07918,0,0,0
Category,Weekly,14,Organic,Nashville,2026/04/05,1.52571826,23615.3223,433.7238734,3053.28926,0,20128.30917,20128.30917,0,0,0
Category,Weekly,15,Organic,Nashville,2026/04/12,1.475162661,25514.76597,564.518548,2898.213776,0,22052.03365,22052.03365,0,0,0
Category,Weekly,16,Organic,Nashville,2026/04/19,1.537296137,21523.81249,590.9541976,2958.441228,0,17974.41707,17974.41707,0,0,0
Category,Weekly,13,Organic,Northern New England,2026/03/29,1.617841797,17854.07229,1977.48753,141.7241425,0,15734.86062,15675.48707,31.10042768,0,28.27311607
Category,Weekly,14,Organic,Northern New England,2026/04/05,1.542585625,20294.42382,2174.851281,142.5960998,0,17976.97644,17956.77752,0,0,20.19892249
Category,Weekly,15,Organic,Northern New England,2026/04/12,1.595419979,18703.41727,1552.447603,252.0081664,0,16898.9615,16873.37438,0,0,25.58712117
Category,Weekly,16,Organic,Northern New England,2026/04/19,1.637054852,20214.54453,2229.634763,143.2922151,0,17841.61755,17824.10838,0,0,17.50917844
Category,Weekly,13,Organic,New Orleans/Mobile,2026/03/29,1.38430918,14245.58455,176.8287462,24.99453873,0,14043.76126,13235.72326,0,0,808.038
Category,Weekly,14,Organic,New Orleans/Mobile,2026/04/05,1.426040784,14738.86685,321.817185,22.24797049,0,14394.80169,12270.52569,0,0,2124.276
Category,Weekly,15,Organic,New Orleans/Mobile,2026/04/12,1.448979486,16046.35238,121.6623687,5.66999985,0,15919.02001,13103.59201,0,0,2815.428
Category,Weekly,16,Organic,New Orleans/Mobile,2026/04/19,1.489270614,15567.27985,114.432087,1.88999995,0,15450.95776,13562.99476,0,0,1887.963
Category,Weekly,13,Organic,New York,2026/03/29,1.432702819,231439.9206,12530.14152,14956.06975,0,203953.7094,185960.3425,2618.832724,0,15374.53421
Category,Weekly,14,Organic,New York,2026/04/05,1.43709934,247984.0711,13576.81929,13880.95918,0,220526.2926,199593.4552,2514.777529,0,18418.05983
Category,Weekly,15,Organic,New York,2026/04/12,1.456100216,240285.8195,10949.33649,12797.07571,0,216539.4073,199807.6635,1960.568663,0,14771.1751
Category,Weekly,16,Organic,New York,2026/04/19,1.438039357,248247.0125,12282.43358,15130.84937,0,220833.7295,201322.3626,2721.425513,0,16789.94142
Category,Weekly,13,Organic,Omaha,2026/03/29,1.148558649,39209.92482,677.7898708,1772.015268,0,36760.11968,36760.11968,0,0,0
Category,Weekly,14,Organic,Omaha,2026/04/05,1.139324843,38385.59725,760.716301,759.4407818,0,36865.44016,36865.44016,0,0,0
Category,Weekly,15,Organic,Omaha,2026/04/12,1.129064494,34834.8305,694.1948821,880.3259223,0,33260.3097,33260.3097,0,0,0
Category,Weekly,16,Organic,Omaha,2026/04/19,1.141576967,37416.2255,514.7561744,828.1671683,0,36073.30216,36073.30216,0,0,0
Category,Weekly,13,Organic,Orlando,2026/03/29,1.27683467,37735.28296,122.9812446,113.4,0,37498.90172,37498.90172,0,0,0
Category,Weekly,14,Organic,Orlando,2026/04/05,1.254027948,37310.14912,115.2160472,123.9,0,37071.03307,37071.03307,0,0,0
Category,Weekly,15,Organic,Orlando,2026/04/12,1.309669003,40712.01685,141.7261465,179.1299999,0,40391.1607,40391.1607,0,0,0
Category,Weekly,16,Organic,Orlando,2026/04/19,1.336123145,31067.12524,103.2788589,126,0,30837.84638,30837.84638,0,0,0
Category,Weekly,13,Organic,Peoria/Springfield,2026/03/29,1.401343038,11307.49699,27.62304165,1134.309757,0,10145.56419,10145.56419,0,0,0
Category,Weekly,14,Organic,Peoria/Springfield,2026/04/05,1.421643058,10929.59863,27.74431021,1092.851273,0,9809.003044,9809.003044,0,0,0
Category,Weekly,15,Organic,Peoria/Springfield,2026/04/12,1.437172255,11231.9549,26.12756175,1078.685753,0,10127.14158,10127.14158,0,0,0
Category,Weekly,16,Organic,Peoria/Springfield,2026/04/19,1.467637027,9505.641059,77.22614389,983.2008196,0,8445.214096,8442.064096,3.15,0,0
Category,Weekly,13,Organic,Philadelphia,2026/03/29,1.632892404,63321.80143,2745.485823,7812.302621,0,52764.01299,47432.10057,2983.179278,0,2348.733148
Category,Weekly,14,Organic,Philadelphia,2026/04/05,1.687267267,63733.41449,3034.153769,8177.279041,0,52521.98168,46490.05969,3067.71953,0,2964.202467
Category,Weekly,15,Organic,Philadelphia,2026/04/12,1.626306365,62814.07923,2208.655918,6005.011941,0,54600.41137,49196.70333,3379.107133,0,2024.6009
Category,Weekly,16,Organic,Philadelphia,2026/04/19,1.608922473,61545.68326,2064.358526,4381.699624,0,55099.62511,48576.5646,3817.59256,0,2705.467947
Category,Weekly,13,Organic,Phoenix/Tucson,2026/03/29,1.441648663,63811.70191,18071.46474,7054.292169,0,38685.945,38685.945,0,0,0
Category,Weekly,14,Organic,Phoenix/Tucson,2026/04/05,1.465197422,66503.59475,19831.44315,7975.640814,0,38696.51079,38681.33534,15.17544407,0,0
Category,Weekly,15,Organic,Phoenix/Tucson,2026/04/12,1.324339314,71427.80134,24390.26728,7223.528833,0,39814.00523,39798.82803,15.17719371,0,0
Category,Weekly,16,Organic,Phoenix/Tucson,2026/04/19,1.362111079,64930.06996,21373.16904,6863.440563,0,36693.46036,36693.46036,0,0,0
Category,Weekly,13,Organic,Pittsburgh,2026/03/29,1.474856955,12775.72823,1093.182312,1.264975089,0,11681.28094,8892.48094,0,0,2788.8
Category,Weekly,14,Organic,Pittsburgh,2026/04/05,1.520740242,11553.5532,1055.802553,10.80098089,0,10486.94967,7406.24967,0,0,3080.7
Category,Weekly,15,Organic,Pittsburgh,2026/04/12,1.51866553,12009.44381,920.4405283,0,0,11089.00328,7951.603277,0,0,3137.4
Category,Weekly,16,Organic,Pittsburgh,2026/04/19,1.531182626,12699.17907,1141.859307,5.090609051,0,11552.22916,8759.229159,0,0,2793
Category,Weekly,13,Organic,Portland,2026/03/29,1.815186493,72432.90893,2315.987996,20740.74581,0,49376.17512,49376.17512,0,0,0
Category,Weekly,14,Organic,Portland,2026/04/05,2.025012327,69343.33191,1995.481529,20091.66581,0,47256.18457,47256.18457,0,0,0
Category,Weekly,15,Organic,Portland,2026/04/12,2.065085554,75495.96717,2796.948345,16877.97226,0,55821.04657,55821.04657,0,0,0
Category,Weekly,16,Organic,Portland,2026/04/19,2.047164372,59632.78578,2297.012916,14329.25279,2.755015102,43003.76505,43003.76505,0,0,0
Category,Weekly,13,Organic,Providence,2026/03/29,1.324517698,9630.882061,15.04399394,13.61584307,0,9602.222224,9602.222224,0,0,0
Category,Weekly,14,Organic,Providence,2026/04/05,1.269703048,11224.06992,18.93091844,13.65097924,0,11191.48802,11191.48802,0,0,0
Category,Weekly,15,Organic,Providence,2026/04/12,1.282590496,12086.99206,9.377183895,8.1830627,0,12069.43181,12069.43181,0,0,0
Category,Weekly,16,Organic,Providence,2026/04/19,1.341518153,11172.30957,24.16074476,5.966148789,0,11142.18267,11118.1663,0,0,24.01637528
Category,Weekly,13,Organic,Raleigh/Greensboro,2026/03/29,1.482011306,47363.17413,426.4790366,1079.789477,18.63062815,45838.27499,44303.17499,0,0,1535.1
Category,Weekly,14,Organic,Raleigh/Greensboro,2026/04/05,1.540838688,50653.70067,1013.769303,980.799311,22.75043564,48636.38162,46750.58162,0,0,1885.8
Category,Weekly,15,Organic,Raleigh/Greensboro,2026/04/12,1.533852891,50505.40952,562.2978795,1652.38612,27.91718677,48262.80833,46633.20833,0,0,1629.6
Category,Weekly,16,Organic,Raleigh/Greensboro,2026/04/19,1.559853291,49132.90941,381.297195,1719.506006,193.2921008,46838.81411,45356.21411,0,0,1482.6
Category,Weekly,13,Organic,Richmond/Norfolk,2026/03/29,1.396636825,37435.06398,12.59142153,2607.809434,12.25926541,34802.40386,30897.71636,8.4,0,3896.2875
Category,Weekly,14,Organic,Richmond/Norfolk,2026/04/05,1.474946507,36276.27374,136.8125049,2294.064576,6.126803385,33839.26985,29469.69485,4.2,0,4365.375
Category,Weekly,15,Organic,Richmond/Norfolk,2026/04/12,1.383951864,42784.62554,123.3706103,2631.966636,13.26103132,40016.02726,35608.38976,0,0,4407.6375
Category,Weekly,16,Organic,Richmond/Norfolk,2026/04/19,1.405338842,40662.73868,305.7449202,2358.638406,70.35228575,37928.00306,34224.91556,4.2,0,3698.8875
Category,Weekly,13,Organic,Roanoke,2026/03/29,1.598269601,18620.98426,4.480460439,3343.043619,0,15273.46018,14721.16018,0,0,552.3
Category,Weekly,14,Organic,Roanoke,2026/04/05,1.558360231,18906.90155,32.94909988,3042.25513,0,15831.69732,15216.39732,0,0,615.3
Category,Weekly,15,Organic,Roanoke,2026/04/12,1.58934405,18960.49909,4.724999875,3486.831718,0,15468.94238,14878.84238,0,0,590.1
Category,Weekly,16,Organic,Roanoke,2026/04/19,1.602044299,19023.10522,674.4367642,2727.573228,0,15621.09523,15030.99523,0,0,590.1
Category,Weekly,13,Organic,Sacramento,2026/03/29,1.617695684,34227.35604,5424.454038,184.9838726,0,28617.91813,27442.00357,0,0,1175.914569
Category,Weekly,14,Organic,Sacramento,2026/04/05,1.620650078,34492.56323,6415.589813,179.7704479,0,27897.20297,27171.12229,0,0,726.0806847
Category,Weekly,15,Organic,Sacramento,2026/04/12,1.648121653,33474.74919,4109.622003,142.2886373,0,29222.83855,27568.6444,0,0,1654.194146
Category,Weekly,16,Organic,Sacramento,2026/04/19,1.64974518,32480.13697,3212.209461,171.425164,0,29096.50234,27938.61371,0,0,1157.88863
Category,Weekly,13,Organic,San Diego,2026/03/29,1.678859959,46469.74266,11098.69351,2023.813269,0,33347.23589,31960.15105,0,0,1387.084831
Category,Weekly,14,Organic,San Diego,2026/04/05,1.677110616,43925.0414,9664.535468,2504.998486,0,31755.50745,30765.5944,0,0,989.9130466
Category,Weekly,15,Organic,San Diego,2026/04/12,1.70270163,52928.91089,12607.43346,2561.51752,0,37759.95991,35756.37197,7.145137104,0,1996.442805
Category,Weekly,16,Organic,San Diego,2026/04/19,1.771435221,50175.94132,14261.14682,2454.560034,0,33460.23447,31196.98981,0,0,2263.244659
Category,Weekly,13,Organic,San Francisco,2026/03/29,1.609520061,198427.8432,22613.90945,1868.319762,0,173945.614,169677.3819,0,0,4268.232106
Category,Weekly,14,Organic,San Francisco,2026/04/05,1.609926524,180410.9372,22792.10339,1944.403079,0,155674.4307,151206.5461,0,0,4467.884613
Category,Weekly,15,Organic,San Francisco,2026/04/12,1.65032053,210886.3381,18176.28097,1903.019887,0,190807.0372,183742.3888,0,0,7064.64845
Category,Weekly,16,Organic,San Francisco,2026/04/19,1.668386481,188568.3519,10829.98969,1678.088495,0,176060.2737,171140.2684,0,0,4920.00533
Category,Weekly,13,Organic,Seattle,2026/03/29,2.023424359,119698.8536,234.8307749,31927.28849,0,87536.73433,87536.73433,0,0,0
Category,Weekly,14,Organic,Seattle,2026/04/05,2.065347661,115338.1648,248.5381039,30628.38312,33.42508393,84427.81844,84427.81844,0,0,0
Category,Weekly,15,Organic,Seattle,2026/04/12,2.101051312,127419.901,7065.218522,23350.24399,0,97004.4385,97004.4385,0,0,0
Category,Weekly,16,Organic,Seattle,2026/04/19,2.083998808,111317.5078,962.6700672,34423.39642,2.30526692,75929.13601,75929.13601,0,0,0
Category,Weekly,13,Organic,Spokane,2026/03/29,1.967225521,5468.196141,68.98500118,2449.515381,17.0100008,2932.685758,2932.685758,0,0,0
Category,Weekly,14,Organic,Spokane,2026/04/05,1.913378088,5357.195529,65.53947689,2194.204143,0.944999975,3096.506909,3096.506909,0,0,0
Category,Weekly,15,Organic,Spokane,2026/04/12,1.997012601,5906.221226,114.9415248,2110.568424,26.4600008,3654.251276,3654.251276,0,0,0
Category,Weekly,16,Organic,Spokane,2026/04/19,1.954871667,5686.582586,111.5465808,2106.635474,3.7799999,3464.620531,3464.620531,0,0,0
Category,Weekly,13,Organic,St. Louis,2026/03/29,1.477032048,22278.59295,1284.091948,2703.757948,0,18290.74305,18290.74305,0,0,0
Category,Weekly,14,Organic,St. Louis,2026/04/05,1.426919136,21217.22429,954.3070294,2064.508898,0,18198.40837,18198.40837,0,0,0
Category,Weekly,15,Organic,St. Louis,2026/04/12,1.331504493,25270.34335,2618.050615,2630.878872,0,20021.41386,20021.41386,0,0,0
Category,Weekly,16,Organic,St. Louis,2026/04/19,1.47222519,24498.05369,1111.251008,2938.2925,0,20448.51019,20448.51019,0,0,0
Category,Weekly,13,Organic,Syracuse,2026/03/29,1.34679154,10333.37372,337.3474507,79.05774809,0,9916.968518,9883.597841,0,0,33.37067631
Category,Weekly,14,Organic,Syracuse,2026/04/05,1.369302657,11280.50878,248.4491884,122.1621476,0,10909.89745,10858.86316,0,0,51.03428421
Category,Weekly,15,Organic,Syracuse,2026/04/12,1.350971423,12308.66057,297.5317938,121.5740418,0,11889.55474,11831.96836,0,0,57.58637253
Category,Weekly,16,Organic,Syracuse,2026/04/19,1.357290942,12449.04556,258.4460579,89.21423478,0,12101.38527,12060.73596,0,0,40.64930767
Category,Weekly,13,Organic,Tampa,2026/03/29,1.29522571,34456.072,104.7957479,117.6,0,34233.67625,34233.67625,0,0,0
Category,Weekly,14,Organic,Tampa,2026/04/05,1.298826998,32056.27286,100.3963111,136.2899999,0,31819.58655,31819.58655,0,0,0
Category,Weekly,15,Organic,Tampa,2026/04/12,1.323651545,35962.18391,62.66762984,127.05,0,35772.46628,35772.46628,0,0,0
Category,Weekly,16,Organic,Tampa,2026/04/19,1.380191764,26994.3608,86.73052704,91.35,0,26816.28027,26816.28027,0,0,0
Category,Weekly,13,Organic,Toledo,2026/03/29,1.715161075,6581.253952,21.41633906,1512.146893,0,5047.69072,4827.19072,0,0,220.5
Category,Weekly,14,Organic,Toledo,2026/04/05,1.641884928,7650.02728,20.92949612,1341.773604,0,6287.32418,6098.32418,0,0,189
Category,Weekly,15,Organic,Toledo,2026/04/12,1.725306679,6421.827827,41.25020193,1294.452242,0,5086.125383,4905.525383,0,0,180.6
Category,Weekly,16,Organic,Toledo,2026/04/19,1.78792729,6811.248691,774.1701889,960.5711328,0,5076.507369,4893.807369,0,0,182.7
Category,Weekly,13,Organic,West Tex/New Mexico,2026/03/29,1.523915053,57730.32896,31256.75721,1088.330329,0,25385.24142,25376.52481,8.716602248,0,0
Category,Weekly,14,Organic,West Tex/New Mexico,2026/04/05,1.561280363,54147.69923,24086.54423,1383.616476,0,28677.53852,28677.53852,0,0,0
Category,Weekly,15,Organic,West Tex/New Mexico,2026/04/12,1.469905846,42479.39136,13061.55351,1273.743641,0,28144.09421,28144.09421,0,0,0
Category,Weekly,16,Organic,West Tex/New Mexico,2026/04/19,1.567669885,46373.5501,17707.21774,1396.345959,0,27269.9864,27269.9864,0,0,0
Category,Weekly,13,Organic,Wichita,2026/03/29,1.103527015,23836.22552,2022.791577,12.26665872,0,21801.16728,21801.16728,0,0,0
Category,Weekly,14,Organic,Wichita,2026/04/05,1.113726622,23588.0511,2439.670778,10.21814325,0,21138.16218,21138.16218,0,0,0
Category,Weekly,15,Organic,Wichita,2026/04/12,1.110305662,21322.55536,1977.196357,5.103449124,0,19340.25556,19340.25556,0,0,0
Category,Weekly,16,Organic,Wichita,2026/04/19,1.098572024,21938.01964,1164.686123,14.27843767,0,20759.05508,20759.05508,0,0,0
Category,Weekly,13,Organic,California,2026/03/29,1.581848671,637421.4192,111837.6752,15437.08946,3.035175571,510143.6193,497746.1817,0,0,12397.43764
Category,Weekly,14,Organic,California,2026/04/05,1.566932707,619784.863,107815.3666,16821.7338,0,495147.7627,484788.9093,0,0,10358.85341
Category,Weekly,15,Organic,California,2026/04/12,1.606640134,698778.0088,109118.4076,16840.81091,0,572818.7903,556028.0309,56.01588174,0,16734.74355
Category,Weekly,16,Organic,California,2026/04/19,1.645747341,635136.6166,106020.6675,16862.49734,0,512253.4517,499199.6052,0,0,13053.84653
Category,Weekly,13,Organic,Great Lakes,2026/03/29,1.512306592,269099.3535,11874.2186,46262.55252,0,210962.5824,206683.4225,0,0,4279.159906
Category,Weekly,14,Organic,Great Lakes,2026/04/05,1.497717351,284279.782,13209.62247,48324.86622,0,222745.2933,217717.9982,0,0,5027.295039
Category,Weekly,15,Organic,Great Lakes,2026/04/12,1.473478584,291129.6229,15364.98108,44171.76615,0,231592.8757,226652.0966,0,0,4940.779075
Category,Weekly,16,Organic,Great Lakes,2026/04/19,1.547668248,259749.2429,16934.9014,41839.4309,0,200974.9106,195006.3793,5.010900579,0,5963.520371
Category,Weekly,13,Organic,Midsouth,2026/03/29,1.492999924,454974.3303,4118.756437,41252.51064,118.835808,409484.2275,387196.4953,6084.916066,0,16202.81604
Category,Weekly,14,Organic,Midsouth,2026/04/05,1.543832979,447626.5734,7005.028616,38207.01433,110.5667308,402303.9638,379030.9435,6431.718567,0,16841.30166
Category,Weekly,15,Organic,Midsouth,2026/04/12,1.491044744,479385.0443,4831.750774,38004.50281,202.4456461,436346.3451,413837.6453,5840.007002,0,16668.69284
Category,Weekly,16,Organic,Midsouth,2026/04/19,1.510124843,457264.5414,5023.533419,35247.39104,750.113365,416243.5036,393819.2483,6989.50421,0,15434.75108
Category,Weekly,13,Organic,Northeast,2026/03/29,1.456645078,534687.5719,23055.98941,31428.92651,0,480202.656,448176.3699,5491.189168,0,26535.09697
Category,Weekly,14,Organic,Northeast,2026/04/05,1.458677938,562614.9207,24728.55251,30221.12631,0,507665.2419,470255.6461,5521.679512,0,31887.91626
Category,Weekly,15,Organic,Northeast,2026/04/12,1.456919992,561801.2835,19520.07431,27186.10434,0,515095.1049,483681.1087,5241.833418,0,26172.16278
Category,Weekly,16,Organic,Northeast,2026/04/19,1.460858129,573689.8986,21373.85244,29156.40546,0,523159.6407,487409.3816,6486.640856,0,29263.61817
Category,Weekly,13,Organic,Plains,2026/03/29,1.247461127,286225.7016,8302.128086,18996.25673,2.268994078,258925.0478,258925.0478,0,0,0
Category,Weekly,14,Organic,Plains,2026/04/05,1.235249183,289680.4472,8876.760123,14679.8172,6.843194694,266117.0267,266117.0267,0,0,0
Category,Weekly,15,Organic,Plains,2026/04/12,1.240385568,275565.0621,9860.030997,13025.84125,0,252679.1899,252679.1899,0,0,0
Category,Weekly,16,Organic,Plains,2026/04/19,1.27819924,273600.5881,6039.020744,12113.42314,2.27768907,255445.8665,255445.8665,0,0,0
Category,Weekly,13,Organic,South Central,2026/03/29,1.353494332,307569.8878,52225.77355,5869.850218,0,249474.264,238864.1573,20.14979208,0,10589.95696
Category,Weekly,14,Organic,South Central,2026/04/05,1.353618642,300806.0308,56815.39993,4825.621249,0,239165.0096,226700.0552,1005.977112,0,11458.97728
Category,Weekly,15,Organic,South Central,2026/04/12,1.311333832,278227.4697,41465.08344,4343.900861,0,232418.4854,206662.9668,14293.24795,0,11462.27064
Category,Weekly,16,Organic,South Central,2026/04/19,1.374876621,281469.6273,47455.07023,4479.179161,0,229535.3779,217792.9721,21.43938542,0,11720.96644
Category,Weekly,13,Organic,Southeast,2026/03/29,1.333411175,386736.6395,17905.63302,4564.435709,30.19713615,364236.3736,353113.6344,2.75625,0,11119.983
Category,Weekly,14,Organic,Southeast,2026/04/05,1.365524668,377546.439,22071.32582,4653.449347,14.70472564,350806.9591,334514.3998,0,0,16292.55927
Category,Weekly,15,Organic,Southeast,2026/04/12,1.376099832,389993.8806,17787.38273,5967.522426,38.84866251,366200.1268,347812.592,0,0,18387.53472
Category,Weekly,16,Organic,Southeast,2026/04/19,1.406918749,352732.6337,13595.87963,5614.749032,112.2028212,333409.8022,317565.3189,13.78125,0,15830.70211
Category,Weekly,13,Organic,West,2026/03/29,1.725814649,550658.2429,76137.45631,146294.0459,75.60030957,328151.1403,328085.6894,0,0,65.45097399
Category,Weekly,14,Organic,West,2026/04/05,1.820637832,535822.123,75377.20768,127152.8291,61.50083309,333230.5854,333145.3846,15.22935594,0,69.97143059
Category,Weekly,15,Organic,West,2026/04/12,1.795099512,562213.0966,91377.38413,107011.1396,46.30512499,363778.2677,363629.1794,32.83354135,0,116.2547456
Category,Weekly,16,Organic,West,2026/04/19,1.7937719,509153.8599,77988.23071,115485.3512,28.76003385,315651.5179,315573.8926,0,0,77.62539632
Category,Weekly,13,Organic,Total U.S.,2026/03/29,1.491741327,3427373.147,305457.6306,310105.6677,229.9374233,2811579.911,2718790.998,11599.01128,0,81189.90149
Category,Weekly,14,Organic,Total U.S.,2026/04/05,1.510975491,3418161.179,315899.2637,284886.4576,193.6154842,2817181.842,2712270.363,12974.60455,0,91936.87435
Category,Weekly,15,Organic,Total U.S.,2026/04/12,1.509006524,3537093.469,309325.0951,256551.5884,287.5994336,2970929.186,2850982.81,25463.9378,0,94482.43836
Category,Weekly,16,Organic,Total U.S.,2026/04/19,1.53229773,3342797.008,294431.1561,260798.4273,893.3539092,2786674.071,2681812.665,13516.3766,0,91345.03011
Category,Weekly,17,Conventional,5 Boroughs/New York City,2026/04/26,0.987831659,1009389.786,161186.5491,455913.2342,3726.912014,388563.0904,306625.7193,39423.825,21952.06972,20561.47636
Category,Weekly,18,Conventional,5 Boroughs/New York City,2026/05/03,1.007013771,1112778.196,192743.4711,477662.389,6136.711097,436235.6249,381641.7083,15859.2,14918.08606,23816.63057
Category,Weekly,19,Conventional,5 Boroughs/New York City,2026/05/10,0.827691959,1375191.982,183280.703,775033.7295,5880.803584,410996.7462,364789.5477,15550.68322,6128.445597,24528.06972
Category,Weekly,20,Conventional,5 Boroughs/New York City,2026/05/17,1.086895753,853208.3794,153128.6068,306036.9877,4710.871169,389331.9137,320592.2924,44143.71914,3651.07938,20944.82279
Category,Weekly,17,Conventional,Albany,2026/04/26,0.900345377,189853.6284,63770.35219,78235.44521,104.8540658,47742.97695,43293.13325,2553.63369,725.7997147,1170.410291
Category,Weekly,18,Conventional,Albany,2026/05/03,0.832908104,200337.1269,78704.99983,73064.9458,124.0374631,48443.14382,44115.91165,2321.28826,565.9872538,1439.956662
Category,Weekly,19,Conventional,Albany,2026/05/10,0.869264074,212638.775,73700.88197,90757.7834,108.1542179,48071.9554,43628.93585,2468.767701,638.7516157,1335.500231
Category,Weekly,20,Conventional,Albany,2026/05/17,0.871002021,189698.3362,67440.17345,76496.33975,129.2972032,45632.52578,41492.68027,1940.4,888.7930448,1310.652468
Category,Weekly,17,Conventional,Atlanta,2026/04/26,0.927539976,1336696.042,704945.5059,108615.8809,60.07074832,523074.5845,372521.893,135206.1375,11109.28322,4237.270789
Category,Weekly,18,Conventional,Atlanta,2026/05/03,0.943890039,1438459.213,777291.2564,118251.5366,45.30861461,542871.1118,417124.8013,110011.3875,11016.26978,4718.653215
Category,Weekly,19,Conventional,Atlanta,2026/05/10,0.947066854,1292430.038,671929.8718,111824.6784,31.92660848,508643.5613,423049.5066,71250.50625,10102.81511,4240.733326
Category,Weekly,20,Conventional,Atlanta,2026/05/17,0.931192725,1286671.278,660609.219,102264.9399,37.37420691,523759.7449,416129.1652,93226.35,10152.61017,4251.619557
Category,Weekly,17,Conventional,Baltimore/Washington,2026/04/26,0.889143219,2289217.406,867148.6939,183613.9791,2688.29461,1235766.438,1039992.389,114215.6224,19923.35891,61635.06796
Category,Weekly,18,Conventional,Baltimore/Washington,2026/05/03,0.8828575,2415703.637,998799.664,215602.3144,3530.143472,1197771.515,961632.6228,122846.2201,24585.08006,88707.59176
Category,Weekly,19,Conventional,Baltimore/Washington,2026/05/10,0.901094722,2181047.735,863719.535,171776.7089,3460.856809,1142090.634,908094.8316,108137.2992,22933.39414,102925.1093
Category,Weekly,20,Conventional,Baltimore/Washington,2026/05/17,0.932358533,2152229.039,818710.2572,149862.3367,2894.916943,1180761.528,937733.2401,151152.6654,15972.72515,75902.89775
Category,Weekly,17,Conventional,Birmingham/Montgomery,2026/04/26,0.80508718,573836.3947,378993.8918,13278.24957,14.9409872,181549.3123,123990.4635,53931.80625,861.6298904,2765.41266
Category,Weekly,18,Conventional,Birmingham/Montgomery,2026/05/03,0.804775643,606618.1087,403470.0841,17467.1341,51.48232982,185629.4082,147299.2022,35143.7625,535.2145134,2651.228982
Category,Weekly,19,Conventional,Birmingham/Montgomery,2026/05/10,0.800979345,558653.0591,363095.3347,13643.8067,24.62744358,181889.2902,141740.0103,36861.0375,510.9335575,2777.308859
Category,Weekly,20,Conventional,Birmingham/Montgomery,2026/05/17,0.802014984,553368.3903,362518.2032,12316.95017,21.5456771,178511.6913,140871.2702,34591.4625,587.7414768,2461.217183
Category,Weekly,17,Conventional,Boise,2026/04/26,1.111232549,187535.8819,82212.53084,48355.14742,124.3974833,56843.80616,50449.10734,2331.7875,3856.464358,206.4469644
Category,Weekly,18,Conventional,Boise,2026/05/03,1.063146654,169462.3616,88078.88697,51868.1432,292.618943,29222.71249,25089.43835,0,3901.768564,231.5055727
Category,Weekly,19,Conventional,Boise,2026/05/10,1.189235006,149045.844,63435.37489,56672.8749,174.2550234,28763.33914,23743.66157,3.15,4765.174791,251.3527822
Category,Weekly,20,Conventional,Boise,2026/05/17,1.068055147,155023.9399,79689.46413,50061.92769,123.9601813,25148.58793,20572.11114,0,4390.774095,185.7026932
Category,Weekly,17,Conventional,Boston,2026/04/26,0.922896039,1032533.299,307526.5231,402804.0716,345.0632833,321857.6414,289477.5139,19238.53431,396.5281317,12745.06507
Category,Weekly,18,Conventional,Boston,2026/05/03,0.969080578,1060511.414,334141.9342,391337.2483,579.5982811,334452.6328,297916.8142,17422.51875,293.8539079,18819.44597
Category,Weekly,19,Conventional,Boston,2026/05/10,0.847473824,1336311.023,387734.3581,617871.3287,429.7560161,330275.5802,296879.618,14467.59263,487.6618335,18440.70771
Category,Weekly,20,Conventional,Boston,2026/05/17,1.012966241,927690.3445,310918.472,304001.8951,404.0196556,312365.9578,288195.5748,10177.47668,526.4166482,13466.48965
Category,Weekly,17,Conventional,Buffalo/Rochester,2026/04/26,0.864974846,340091.9728,120311.8424,33417.39304,923.1998138,185439.5376,175270.7873,5161.93125,13.78125,4993.03776
Category,Weekly,18,Conventional,Buffalo/Rochester,2026/05/03,0.823598674,374722.6266,163268.3679,33781.41077,929.896138,176742.9519,166030.2565,5719.875,13.78125,4979.039169
Category,Weekly,19,Conventional,Buffalo/Rochester,2026/05/10,0.864747818,352136.7804,127777.5012,33975.05673,1073.013959,189311.2085,176352.9528,6632.0625,2.75625,6323.436891
Category,Weekly,20,Conventional,Buffalo/Rochester,2026/05/17,0.841768925,339145.3216,138569.5488,30600.82129,1083.663423,168891.2881,158922.2198,4405.8,2.75625,5560.512051
Category,Weekly,17,Conventional,Charlotte,2026/04/26,0.95731664,659164.9905,264962.3092,76423.02485,1390.212345,316389.4441,210111.3348,53149.95,1507.66875,51620.49056
Category,Weekly,18,Conventional,Charlotte,2026/05/03,0.887109958,736701.3071,324799.7663,113361.7164,1888.236345,296651.588,186911.8476,58677.4125,1108.40625,49953.92169
Category,Weekly,19,Conventional,Charlotte,2026/05/10,0.964019868,622460.0033,264471.1862,66540.05829,1485.602122,289963.1566,188457.3599,49029.75,1480.10625,50995.94044
Category,Weekly,20,Conventional,Charlotte,2026/05/17,0.981746218,646599.7856,265307.3441,74524.4828,1400.706401,305367.2522,212196.3629,35120.1375,1389.15,56661.60184
Category,Weekly,17,Conventional,Chicago,2026/04/26,0.880242426,2175103.955,1048530.222,196595.3263,43946.71125,886031.6958,725613.8457,45854.025,6306.368108,108257.457
Category,Weekly,18,Conventional,Chicago,2026/05/03,0.857393505,2359791.837,1325346.246,258611.4523,61874.40682,713959.7319,599860.5681,56771.6625,5688.66715,51638.83413
Category,Weekly,19,Conventional,Chicago,2026/05/10,0.886500399,2120153.285,1007229.319,180096.824,38037.08206,894790.0606,791640.5186,57587.775,6410.543087,39151.22391
Category,Weekly,20,Conventional,Chicago,2026/05/17,0.911170354,1971361.478,1067840.716,175984.4348,15474.63266,712061.6949,580441.1368,59473.96875,5783.680623,66362.9087
Category,Weekly,17,Conventional,Cincinnati/Dayton,2026/04/26,1.118788307,474723.8827,191587.6332,112121.3847,19740.0612,151274.8036,98839.03929,33636.75,18293.22619,505.7880768
Category,Weekly,18,Conventional,Cincinnati/Dayton,2026/05/03,1.171690331,481522.3154,208199.1341,117863.5563,27890.11735,127569.5077,88946.78496,21052.63125,17101.48549,468.606005
Category,Weekly,19,Conventional,Cincinnati/Dayton,2026/05/10,1.17328606,446242.0661,197119.9564,107790.7873,16908.48466,124422.8377,89877.09606,16661.53125,17539.27706,344.9333799
Category,Weekly,20,Conventional,Cincinnati/Dayton,2026/05/17,1.181374285,431682.5977,201007.3918,101083.1587,6401.903471,123190.1437,79231.81395,28805.175,14837.56732,315.5874379
Category,Weekly,17,Conventional,Columbus,2026/04/26,1.04848927,429176.576,163555.978,76749.74495,19024.41659,169846.4365,122251.6131,47252.49375,85.44375,256.8858742
Category,Weekly,18,Conventional,Columbus,2026/05/03,1.039896986,450825.1698,219338.6855,60240.68046,25171.45972,146074.3441,128143.2459,17619,45.9375,266.1607589
Category,Weekly,19,Conventional,Columbus,2026/05/10,1.037121831,422365.1994,206431.54,60456.69244,15682.06144,139794.9056,123275.9951,16185.35625,101.0625,232.4917037
Category,Weekly,20,Conventional,Columbus,2026/05/17,1.091850742,391817.6421,176978.1243,67476.94582,6125.353133,141237.2188,116092.0996,24853.7625,67.06875,224.28792
Category,Weekly,17,Conventional,Dallas/Ft. Worth,2026/04/26,0.811822132,2051195.105,835429.4471,105215.2007,154216.1302,956334.3269,832547.1892,97274.88662,12375.00844,14137.2427
Category,Weekly,18,Conventional,Dallas/Ft. Worth,2026/05/03,0.818550274,2141849.98,884710.445,150899.0113,166572.37,939668.1537,813669.1601,99373.97836,13684.29012,12940.72509
Category,Weekly,19,Conventional,Dallas/Ft. Worth,2026/05/10,0.846273381,1998723.377,839881.4458,153193.7577,144391.096,861257.0779,733508.1269,101093.5364,14249.79657,12405.61807
Category,Weekly,20,Conventional,Dallas/Ft. Worth,2026/05/17,0.856583762,1932233.416,801880.9454,179174.1659,113145.2551,838033.0496,714043.5929,97426.26729,14255.70712,12307.48237
Category,Weekly,17,Conventional,Denver,2026/04/26,1.142735013,1318692.984,496437.003,287509.5906,9316.289992,525430.1005,410048.1516,68695.725,40466.5628,6219.66114
Category,Weekly,18,Conventional,Denver,2026/05/03,1.117591573,1431947.712,481144.7736,366012.4553,12611.04875,572179.4343,362099.642,164824.275,39860.40877,5395.10853
Category,Weekly,19,Conventional,Denver,2026/05/10,1.179394436,1332502.222,426153.11,357482.8313,22181.57216,526684.7087,381930.7294,97268.85,41864.46376,5620.665493
Category,Weekly,20,Conventional,Denver,2026/05/17,1.137010007,1355891.933,484749.1735,346946.655,12501.68616,511694.4183,355780.9223,111362.7375,38581.86987,5968.888653
Category,Weekly,17,Conventional,Detroit,2026/04/26,0.986773285,850993.0816,223048.4279,120822.958,91436.56479,415685.1309,253635.7167,145922.175,15448.94792,678.2912822
Category,Weekly,18,Conventional,Detroit,2026/05/03,1.057910134,821446.284,225075.0655,137777.9683,144451.0954,314142.1548,262992.5595,35086.0125,15350.01769,713.5651568
Category,Weekly,19,Conventional,Detroit,2026/05/10,1.06018861,746570.4309,216725.4548,124339.4059,82320.35606,323185.2141,260221.6817,46817.925,15419.21703,726.3903652
Category,Weekly,20,Conventional,Detroit,2026/05/17,1.051075505,670586.0341,215712.2666,106579.8115,33321.65232,314972.3037,239680.8337,60865.0875,13779.37797,647.0046234
Category,Weekly,17,Conventional,Grand Rapids,2026/04/26,1.023018214,381802.763,84287.98732,68416.90375,86021.73785,143076.1341,104659.9457,38021.025,11.025,384.1383403
Category,Weekly,18,Conventional,Grand Rapids,2026/05/03,1.046531641,393003.7495,81888.09707,78948.86516,120829.5942,111337.1931,96751.9868,14441.4375,0,143.7688089
Category,Weekly,19,Conventional,Grand Rapids,2026/05/10,1.000514518,346524.3194,75262.15499,64562.65505,74356.83862,132342.6708,114679.3126,17285.1,22.05,356.2081815
Category,Weekly,20,Conventional,Grand Rapids,2026/05/17,1.019149326,285987.2022,84218.35214,33120.3522,32174.19626,136474.3016,114807.5413,21445.4625,0,221.2978621
Category,Weekly,17,Conventional,Harrisburg/Scranton,2026/04/26,0.924809597,712130.0475,314156.6781,105160.3807,521.0265192,292291.9621,254250.9015,17579.01762,16641.7254,3820.317581
Category,Weekly,18,Conventional,Harrisburg/Scranton,2026/05/03,0.938109469,708374.8328,318577.7073,105415.8939,514.0565404,283867.1751,244933.4188,15610.97459,15317.55311,8005.228585
Category,Weekly,19,Conventional,Harrisburg/Scranton,2026/05/10,0.948641934,764987.5473,324419.1314,120853.0827,628.6821642,319086.651,281166,14576.76631,14861.43373,8482.450985
Category,Weekly,20,Conventional,Harrisburg/Scranton,2026/05/17,0.943339141,680314.8621,291480.4719,104545.748,448.9716045,283839.6706,247404.0907,14114.76586,14806.7407,7514.07331
Category,Weekly,17,Conventional,Hartford/Springfield,2026/04/26,0.940107382,667580.8453,119469.2808,296734.5297,340.224018,251036.8108,219521.5167,14225.26875,13504.72164,3785.303729
Category,Weekly,18,Conventional,Hartford/Springfield,2026/05/03,0.89743396,734143.8272,138467.5282,323092.8218,306.3343662,272277.1429,247758.0812,7428.225,8078.682944,9012.15377
Category,Weekly,19,Conventional,Hartford/Springfield,2026/05/10,0.844376122,819292.2685,132896.7427,383720.1759,578.2799074,302097.07,279327.547,13145.86875,2477.395104,7146.259136
Category,Weekly,20,Conventional,Hartford/Springfield,2026/05/17,0.988143997,629958.7932,141804.7333,252376.7501,1868.932416,233908.3775,206362.8341,21843.54375,793.8460735,4908.153505
Category,Weekly,17,Conventional,Houston,2026/04/26,0.854327137,1410699.874,635567.4723,191710.9591,950.0472793,582471.3949,522647.0561,15223.6875,31928.76678,12671.88449
Category,Weekly,18,Conventional,Houston,2026/05/03,0.855450033,1483859.732,660720.8816,218317.907,873.3042607,603947.6389,497960.3648,65373.92703,28747.58104,11865.76602
Category,Weekly,19,Conventional,Houston,2026/05/10,0.850623929,1442670.645,651902.5907,221097.9544,1138.796334,568531.3037,486471.4984,38545.69875,31648.16465,11865.94194
Category,Weekly,20,Conventional,Houston,2026/05/17,0.868984477,1398252.029,667799.4493,177938.37,1213.079028,551301.1302,471865.7073,35577.54375,31943.77454,11914.10455
Category,Weekly,17,Conventional,Indianapolis,2026/04/26,0.943366812,519364.3503,183417.7123,73255.55532,29150.86451,233540.2182,197825.548,27648.3375,613.725,7452.607702
Category,Weekly,18,Conventional,Indianapolis,2026/05/03,1.04344899,491753.7956,192650.9928,87599.97702,42083.79967,169419.0261,148489.6199,13016.0625,587.08125,7326.262477
Category,Weekly,19,Conventional,Indianapolis,2026/05/10,1.053479197,458852.4792,181051.3327,80426.1646,26843.65038,170531.3315,147538.5493,13750.5375,584.325,8657.919696
Category,Weekly,20,Conventional,Indianapolis,2026/05/17,1.046623429,437947.6463,187804.3988,68487.69147,11987.43283,169668.1232,151103.2597,15608.64375,676.2,2280.019737
Category,Weekly,17,Conventional,Jacksonville,2026/04/26,0.825990997,432141.609,241968.6864,7401.489119,18.01754448,182753.4159,148688.0309,29715.525,85.44375,4264.416267
Category,Weekly,18,Conventional,Jacksonville,2026/05/03,0.811831818,485510.7382,287480.2388,10767.57818,24.64975955,187238.2715,139243.7824,43246.875,74.41875,4673.195397
Category,Weekly,19,Conventional,Jacksonville,2026/05/10,0.83466012,419095.347,237463.0945,5929.675616,27.53111175,175675.0457,136363.0606,36535.0125,58.275,2718.69765
Category,Weekly,20,Conventional,Jacksonville,2026/05/17,0.807800424,426520.6111,244644.3171,6577.269137,31.74167077,175267.2832,130121.0773,39008.025,115.7625,6022.418366
Category,Weekly,17,Conventional,Kansas City,2026/04/26,0.873317145,416950.5413,178064.067,61280.01886,11644.0931,165962.3623,144093.5594,7293.3,862.0194769,13713.48341
Category,Weekly,18,Conventional,Kansas City,2026/05/03,0.843127705,450098.8474,217370.2491,59361.58155,13790.26919,159576.7475,121486.2028,9230.2875,609.061705,28251.19558
Category,Weekly,19,Conventional,Kansas City,2026/05/10,0.908907984,399962.7476,182712.9669,59161.39188,12852.2974,145236.0915,112913.7455,10151.6625,602.5917158,21568.09174
Category,Weekly,20,Conventional,Kansas City,2026/05/17,0.942489276,382527.2247,175152.537,58888.24831,10372.63464,138113.8048,113811.9907,9321.9,645.9737733,14333.94027
Category,Weekly,17,Conventional,Knoxville,2026/04/26,0.970378201,185788.2215,99562.41576,23228.69168,8.673618593,62988.44046,44494.21438,13819.3125,223.0950452,4451.818539
Category,Weekly,18,Conventional,Knoxville,2026/05/03,0.94399438,200096.9213,111199.9943,27091.92847,28.21940566,61776.77914,45223.20118,11626.125,215.4407066,4712.012257
Category,Weekly,19,Conventional,Knoxville,2026/05/10,1.026177831,181403.2577,94497.43813,26643.54321,4.498561449,60257.77778,42704.04661,12179.7375,209.9884984,5164.005174
Category,Weekly,20,Conventional,Knoxville,2026/05/17,1.025949802,172204.9196,89993.69433,25574.73377,13.16728082,56623.32423,43671.60378,7794.675,194.9042838,4962.141164
Category,Weekly,17,Conventional,Las Vegas,2026/04/26,0.826867406,766603.0988,318257.4641,129244.4724,4405.027958,314696.1343,294284.0311,6690.026973,8522.45625,5199.620033
Category,Weekly,18,Conventional,Las Vegas,2026/05/03,0.907030356,680473.5242,192926.5965,104806.8884,531.7316217,382208.3077,365633.5023,4202.144681,8582.7,3789.960774
Category,Weekly,19,Conventional,Las Vegas,2026/05/10,0.944444805,624478.4486,200667.4984,103862.0726,377.3729575,319571.5046,293052.3798,14195.15103,8936.8125,3387.161293
Category,Weekly,20,Conventional,Las Vegas,2026/05/17,0.920689512,620460.1964,203672.2842,106083.85,434.7695639,310269.2926,296894.9114,1381.072935,8834.9625,3158.345747
Category,Weekly,17,Conventional,Los Angeles,2026/04/26,1.090406473,4771047.52,1972812.616,125894.8698,552653.9393,2119686.095,1677844.556,172150.4159,128252.9523,141438.1702
Category,Weekly,18,Conventional,Los Angeles,2026/05/03,0.981381284,5413365.943,2295115.717,99176.87391,605227.1455,2413846.206,1949202.88,258022.3528,75259.09794,131361.8756
Category,Weekly,19,Conventional,Los Angeles,2026/05/10,1.077792388,5132299.832,2062089.798,90829.31453,592263.9333,2387116.786,1990957.013,199360.1592,77620.64891,119178.9655
Category,Weekly,20,Conventional,Los Angeles,2026/05/17,1.03394893,4694141.275,1922983.536,87118.62107,638904.4614,2045134.656,1655601.182,200971.9991,72121.56231,116439.9124
Category,Weekly,17,Conventional,Louisville,2026/04/26,1.002325603,221725.3125,81167.77117,39159.24228,7319.702288,94078.59681,68241.72578,25567.5,152.775,116.5960238
Category,Weekly,18,Conventional,Louisville,2026/05/03,1.046931249,224289.7518,78149.23859,53847.19139,10784.01393,81509.30785,67665.60946,13592.5125,97.25625,153.9296377
Category,Weekly,19,Conventional,Louisville,2026/05/10,1.066500922,203193.2332,74311.60062,45174.16944,5615.452772,78092.01039,73652.66395,4163.25,116.8125,159.283934
Category,Weekly,20,Conventional,Louisville,2026/05/17,1.121522204,197059.3467,79336.90781,36399.65293,2112.660266,79210.12565,69569.25811,9332.925,162.88125,145.0612847
Category,Weekly,17,Conventional,Miami/FT. Lauderdale,2026/04/26,0.853026838,2068183.137,1115145.771,46024.96589,62.15810665,906950.2428,697860.9049,170981.2125,552.43125,37555.69414
Category,Weekly,18,Conventional,Miami/FT. Lauderdale,2026/05/03,0.833443235,2287744.36,1293980.407,33642.7339,129.0437402,959992.1757,685507.3648,246637.125,521.325,27326.36092
Category,Weekly,19,Conventional,Miami/FT. Lauderdale,2026/05/10,0.847827938,2048759.334,1075637.896,37922.58743,19.94953458,935178.9005,689720.9119,223217.6625,375.24375,21865.08238
Category,Weekly,20,Conventional,Miami/FT. Lauderdale,2026/05/17,0.827711162,2085962.501,1138992.622,20273.20943,17.22134543,926679.4483,717117.9765,191661.225,436.275,17463.97184
Category,Weekly,17,Conventional,Milwaukee,2026/04/26,0.990965721,516137.6024,212973.75,74776.13765,12891.72753,215495.9873,173768.3971,17183.25,5569.003765,18975.33639
Category,Weekly,18,Conventional,Milwaukee,2026/05/03,1.043388737,515672.8776,229062.5026,91112.72862,20517.07266,174980.5737,138659.1031,8375.5875,6191.850775,21754.0323
Category,Weekly,19,Conventional,Milwaukee,2026/05/10,1.080420907,461317.5352,199187.402,84859.08756,13003.732,164267.3137,126090.4592,11373.3375,6478.265318,20325.25168
Category,Weekly,20,Conventional,Milwaukee,2026/05/17,1.024213731,457259.7039,211334.4842,82215.80912,4589.975164,159119.4355,114997.2326,17146.2375,5598.51662,21377.44872
Category,Weekly,17,Conventional,Minneapolis,2026/04/26,0.844513977,838931.2165,324785.2602,45383.06858,2486.870537,466276.0173,412341.189,12960.675,4747.44375,36226.70955
Category,Weekly,18,Conventional,Minneapolis,2026/05/03,0.831063376,812808.7281,399771.9728,52754.85255,3655.963721,356625.939,303544.6926,11782.05,4054.44375,37244.75262
Category,Weekly,19,Conventional,Minneapolis,2026/05/10,0.872463531,764036.8297,342637.7645,56007.12754,3217.187697,362174.75,309088.8667,12687.9375,4360.3875,36037.55834
Category,Weekly,20,Conventional,Minneapolis,2026/05/17,0.917711032,727580.6079,319272.5105,45671.4551,2206.300344,360430.342,310016.2639,11656.05,4343.85,34414.17812
Category,Weekly,17,Conventional,Nashville,2026/04/26,0.905898453,516111.5137,283640.5675,45859.16465,24.33540903,186587.4462,135092.775,48622.875,199.63125,2672.164974
Category,Weekly,18,Conventional,Nashville,2026/05/03,0.9271921,552114.1323,303694.8301,56655.22739,35.85177006,191728.223,146187.326,42476.4375,72.84375,2991.615697
Category,Weekly,19,Conventional,Nashville,2026/05/10,0.925678508,518205.321,281419.3417,48606.90742,30.6247336,188148.4472,157452.584,27608.9625,101.98125,2984.919387
Category,Weekly,20,Conventional,Nashville,2026/05/17,0.934700604,503939.7345,278143.4974,44238.40911,48.31715826,181509.5108,157547.4988,20097,223.65,3641.361986
Category,Weekly,17,Conventional,Northern New England,2026/04/26,1.038098994,624785.1141,287127.5878,187630.474,209.9288444,149817.1234,133791.2369,13732.37385,468.862196,1824.650477
Category,Weekly,18,Conventional,Northern New England,2026/05/03,0.910520489,803302.9421,396965.5557,258317.262,283.796258,147736.3282,130999.7867,13314.02153,242.0368857,3180.483062
Category,Weekly,19,Conventional,Northern New England,2026/05/10,0.958138724,785266.9029,380578.3945,250692.9415,220.7833208,153774.7836,136880.1209,13105.17264,462.2527287,3327.237275
Category,Weekly,20,Conventional,Northern New England,2026/05/17,0.987858745,644637.55,300892.5685,195543.8567,225.6641032,147975.4606,131701.5185,14046.27801,611.4345816,1616.229555
Category,Weekly,17,Conventional,New Orleans/Mobile,2026/04/26,0.764713947,493113.8552,257796.5087,8130.575318,21.1886181,227165.5825,126277.5893,99099.39375,41.34375,1747.25579
Category,Weekly,18,Conventional,New Orleans/Mobile,2026/05/03,0.760387875,510276.9011,282071.0616,12495.73695,276.310828,215433.7917,120587.9112,93303,11.025,1531.855509
Category,Weekly,19,Conventional,New Orleans/Mobile,2026/05/10,0.752378373,491778.1722,265921.3849,11325.56602,272.6703428,214258.5509,116118.9355,96578.2125,44.49375,1516.909162
Category,Weekly,20,Conventional,New Orleans/Mobile,2026/05/17,0.755844312,479490.7882,266320.2049,12555.15149,371.2173854,200244.2143,109789.018,89200.78125,46.85625,1207.558861
Category,Weekly,17,Conventional,New York,2026/04/26,0.982419079,3970920.88,645861.0778,1157262.844,17619.94926,2150177.009,1664843.988,225888.4914,205270.451,54174.07881
Category,Weekly,18,Conventional,New York,2026/05/03,0.990984449,4331421.961,791344.7208,1373762.116,23129.34209,2143185.782,1786426.861,114367.0712,149755.683,92636.16731
Category,Weekly,19,Conventional,New York,2026/05/10,0.879593108,5030632.84,693590.2039,1807407.917,25961.48903,2503673.23,2264239.743,92934.08696,51953.45772,94545.94237
Category,Weekly,20,Conventional,New York,2026/05/17,1.020807184,3631105.767,640119.9996,1038079.214,20864.94521,1932041.608,1615856.367,215626.4367,30262.42585,70296.37914
Category,Weekly,17,Conventional,Omaha,2026/04/26,0.846029767,267388.0946,120061.9268,29379.02796,24.13534367,117923.0045,101670.0563,8312.325,2083.978278,5856.644943
Category,Weekly,18,Conventional,Omaha,2026/05/03,0.830810087,257155.4297,143496.4989,24054.43035,15.26821986,89589.2322,72805.425,9477.825,1633.907564,5672.074634
Category,Weekly,19,Conventional,Omaha,2026/05/10,0.883500124,240373.2971,129876.8693,24421.29481,73.5023889,86001.63065,68663.9625,11017.65,1917.79655,4402.221597
Category,Weekly,20,Conventional,Omaha,2026/05/17,0.900667396,230354.5801,120120.3636,26058.5002,70.5731728,84105.14313,67472.475,10274.775,1696.311919,4661.581213
Category,Weekly,17,Conventional,Orlando,2026/04/26,0.785163077,1174786.536,586636.3213,20298.7481,12.30719487,567839.1593,448966.3249,107222.0625,570.54375,11080.22816
Category,Weekly,18,Conventional,Orlando,2026/05/03,0.778536326,1287786.516,686903.0697,29414.30379,26.25486915,571442.8878,445979.601,113164.0125,529.2,11770.07433
Category,Weekly,19,Conventional,Orlando,2026/05/10,0.783788294,1154350.906,578214.1281,12814.04178,23.84969082,563298.8864,453275.1587,97662.3375,410.68125,11950.70889
Category,Weekly,20,Conventional,Orlando,2026/05/17,0.773037154,1146367.692,592231.5004,13090.20379,5.984999925,541040.0031,439847.1034,92418.6375,509.90625,8264.355914
Category,Weekly,17,Conventional,Peoria/Springfield,2026/04/26,0.830209979,246560.5962,127986.8441,20920.01309,9032.328336,88621.41066,77459.11124,9900.7125,63.39375,1198.193171
Category,Weekly,18,Conventional,Peoria/Springfield,2026/05/03,0.806758157,265891.7442,148690.5393,28477.13932,13247.58457,75476.48095,62154.69178,10159.8,16.5375,3145.451672
Category,Weekly,19,Conventional,Peoria/Springfield,2026/05/10,0.839874884,243363.3209,132076.8546,24649.44683,8348.488806,78288.53064,68858.16986,7453.425,35.83125,1941.104535
Category,Weekly,20,Conventional,Peoria/Springfield,2026/05/17,0.851709684,230406.1984,129469.3198,22431.30126,3250.650085,75254.92732,67877.13855,6011.5125,19.6875,1346.588767
Category,Weekly,17,Conventional,Philadelphia,2026/04/26,0.906584827,1206247.93,426700.2645,163627.311,2841.844274,613078.5107,524003.5265,29233.92504,44218.78622,15622.27285
Category,Weekly,18,Conventional,Philadelphia,2026/05/03,0.916259751,1221100.934,452321.6803,197625.1283,3853.782658,567300.3424,471881.2068,34965.74996,29816.45545,30636.93015
Category,Weekly,19,Conventional,Philadelphia,2026/05/10,0.915424641,1309767.274,420167.697,206055.9951,4245.84808,679297.7334,594959.0208,33162.13428,16318.51777,34858.06053
Category,Weekly,20,Conventional,Philadelphia,2026/05/17,0.918497989,1110177.155,384809.6541,181937.3908,3371.817473,540058.2929,461552.6123,40655.16208,12814.91148,25035.60706
Category,Weekly,17,Conventional,Phoenix/Tucson,2026/04/26,0.837977153,2047972.577,1000831.553,409579.6259,13345.1554,624216.2429,583803.8175,10023.0375,12541.725,17847.66289
Category,Weekly,18,Conventional,Phoenix/Tucson,2026/05/03,0.996008293,1823008.765,713869.8536,362761.4137,4749.353893,741628.144,658727.1502,46217.85,16567.03125,20116.11254
Category,Weekly,19,Conventional,Phoenix/Tucson,2026/05/10,1.005363843,1709070.18,770702.2453,306916.6616,4625.482526,626825.7905,528336.8656,63169.96875,14559.3,20759.65615
Category,Weekly,20,Conventional,Phoenix/Tucson,2026/05/17,1.013779248,1717089.52,763118.7065,332671.299,4336.462966,616963.0516,559004.6024,21886.9875,18362.1375,17709.32419
Category,Weekly,17,Conventional,Pittsburgh,2026/04/26,0.94272643,286237.5483,132323.232,29145.85313,39.95303177,124728.5102,112498.6166,7554.88125,61.02672704,4613.985673
Category,Weekly,18,Conventional,Pittsburgh,2026/05/03,0.864741315,326524.9742,171867.5188,30978.17016,2.22442312,123677.0608,111042.0785,6994.8375,14.175,5625.969843
Category,Weekly,19,Conventional,Pittsburgh,2026/05/10,0.870018087,311318.8076,151433.3134,35901.79955,3.7799999,123979.9147,110494.5164,7715.53125,31.62879714,5738.238226
Category,Weekly,20,Conventional,Pittsburgh,2026/05/17,0.883185629,291579.304,148548.5131,24492.20855,51.06940832,118487.513,105586.4795,6395.8125,14.43452229,6490.78644
Category,Weekly,17,Conventional,Portland,2026/04/26,1.237784498,707446.6547,356926.5222,168159.0245,33336.12537,149024.9827,121878.6552,11054.4,7501.836598,8590.090916
Category,Weekly,18,Conventional,Portland,2026/05/03,1.174857938,943892.3349,551841.4551,160664.7242,31502.0085,199884.1471,146129.5632,29502.9,15245.10618,9006.577786
Category,Weekly,19,Conventional,Portland,2026/05/10,1.299863966,737607.5587,340192.3656,179939.5089,34157.06216,183318.6221,131087.8375,30599.8875,12692.20929,8938.687783
Category,Weekly,20,Conventional,Portland,2026/05/17,1.245737314,760100.8292,390654.6503,173146.7128,28933.56748,167365.8987,110165.4691,42305.68125,6741.156499,8153.591762
Category,Weekly,17,Conventional,Providence,2026/04/26,0.828795593,164281.5644,60034.83325,68731.47902,0,35515.25209,33850.68559,986.7375,0,677.8290005
Category,Weekly,18,Conventional,Providence,2026/05/03,0.895933869,170149.9281,69016.08214,64077.07156,27.18882728,37029.58561,35291.69625,1113.525,0,624.364367
Category,Weekly,19,Conventional,Providence,2026/05/10,0.738940728,228030.3951,73020.17165,118488.9095,4.094315451,36517.21962,34663.31389,1221.01875,0,632.8869853
Category,Weekly,20,Conventional,Providence,2026/05/17,0.955948106,146280.0861,68054.26781,44082.63324,4.903806496,34138.28126,32621.84564,1003.275,0,513.1606215
Category,Weekly,17,Conventional,Raleigh/Greensboro,2026/04/26,0.926171544,810730.8655,310486.5827,76219.82626,1089.591137,422934.8654,251499.8254,95798.78993,1401.151567,74235.09856
Category,Weekly,18,Conventional,Raleigh/Greensboro,2026/05/03,0.874268992,927539.348,382863.494,119119.6538,1274.944037,424281.2562,282753.1099,69129.59724,1357.061256,71041.48777
Category,Weekly,19,Conventional,Raleigh/Greensboro,2026/05/10,0.928257438,783335.4131,309968.2761,72574.8812,943.0645944,399849.1912,279943.1861,48438.48518,1472.936443,69994.58354
Category,Weekly,20,Conventional,Raleigh/Greensboro,2026/05/17,0.941850614,808163.3847,302769.5162,88819.68587,1115.962162,415458.2204,283579.2028,49507.08215,1409.470852,80962.46457
Category,Weekly,17,Conventional,Richmond/Norfolk,2026/04/26,0.961736384,524698.6057,248081.3723,52815.04807,456.2115477,223345.9738,153036.4873,24788.24218,15293.45782,30227.7865
Category,Weekly,18,Conventional,Richmond/Norfolk,2026/05/03,0.913606618,596227.404,301769.4298,67521.67537,525.3714421,226410.9274,157161.1825,20997.06586,15792.91118,32459.76791
Category,Weekly,19,Conventional,Richmond/Norfolk,2026/05/10,0.971656083,518940.7334,259770.5036,48488.82949,459.6337022,210221.7666,142458.5776,19186.42645,16050.95246,32525.81008
Category,Weekly,20,Conventional,Richmond/Norfolk,2026/05/17,0.95057158,521340.4843,252890.8403,44971.18999,358.3771887,223120.0768,146012.9845,24213.36552,16403.25541,36490.47139
Category,Weekly,17,Conventional,Roanoke,2026/04/26,0.952764629,287454.6652,163136.6408,29197.5721,46.49735155,95073.95494,70297.31718,7033.55625,397.4307163,17345.65079
Category,Weekly,18,Conventional,Roanoke,2026/05/03,0.887389161,320096.6767,195117.5944,30165.33183,49.23975441,94764.51072,67662.27204,9458.925,473.8014381,17169.51224
Category,Weekly,19,Conventional,Roanoke,2026/05/10,0.931853292,286145.6185,169382.8975,23488.94686,50.89767776,93222.87645,66594.44331,8819.08125,513.5143552,17295.83754
Category,Weekly,20,Conventional,Roanoke,2026/05/17,0.916115111,278817.9778,169265.8279,19848.74428,33.03356819,89670.37201,60863.71926,8447.25,362.0641318,19997.33861
Category,Weekly,17,Conventional,Sacramento,2026/04/26,1.001501394,878091.7766,359409.9962,56054.52419,2321.958892,460305.2973,384373.3607,46360.3875,3385.046767,26186.50236
Category,Weekly,18,Conventional,Sacramento,2026/05/03,0.953564671,1023721.833,417655.771,67841.64684,5186.078554,533038.3367,467335.5432,36377.25,3555.417274,25770.12619
Category,Weekly,19,Conventional,Sacramento,2026/05/10,1.024784296,866101.2127,317558.7442,53773.6262,5066.971338,489701.871,437915.8721,30845.0625,2647.323886,18293.61244
Category,Weekly,20,Conventional,Sacramento,2026/05/17,0.986410697,887996.796,352506.8512,63996.58221,4271.227177,467222.1353,393444.1259,45958.2375,3003.733868,24816.03807
Category,Weekly,17,Conventional,San Diego,2026/04/26,1.025016824,977907.8877,418071.3789,29944.96046,53881.39737,476010.151,368346.2189,63301.31346,14861.51012,29501.10852
Category,Weekly,18,Conventional,San Diego,2026/05/03,0.963144005,1055974.94,444450.2935,20199.50255,78339.00044,512986.1437,412338.132,55900.45626,9354.965054,35392.59044
Category,Weekly,19,Conventional,San Diego,2026/05/10,1.040699739,1007013.444,413630.9416,19499.2342,72997.44925,500885.8194,410142.1294,47578.80958,11015.48542,32149.39504
Category,Weekly,20,Conventional,San Diego,2026/05/17,0.995726473,979761.2354,416635.8521,16121.76641,74511.97568,472491.6412,362160.6954,74516.7603,8879.45151,26934.73399
Category,Weekly,17,Conventional,San Francisco,2026/04/26,1.196582682,1365243.92,604916.2411,85895.27886,5837.642982,668594.7575,561291.8083,36757.6125,9709.284675,60836.05199
Category,Weekly,18,Conventional,San Francisco,2026/05/03,1.092684429,1669997.782,720166.2361,101177.7912,9757.009198,838896.7455,719727.8666,69676.425,9238.186299,40254.26765
Category,Weekly,19,Conventional,San Francisco,2026/05/10,1.256759193,1281547.679,510303.0886,79837.54824,9955.92548,681451.1166,578833.5076,60295.85625,8543.50648,33778.24624
Category,Weekly,20,Conventional,San Francisco,2026/05/17,1.212227783,1389355.923,585810.3508,101409.8182,8476.832425,693658.9219,582729.9857,62270.11875,8306.941304,40351.87609
Category,Weekly,17,Conventional,Seattle,2026/04/26,1.323234789,703873.6715,280324.6934,167071.5912,43996.77217,212480.6148,158240.0267,23570.53125,12566.86051,18103.19636
Category,Weekly,18,Conventional,Seattle,2026/05/03,1.232003352,831982.6246,396059.7606,167570.3166,39454.67428,228897.8731,159579.0688,30976.575,19798.27166,18543.95771
Category,Weekly,19,Conventional,Seattle,2026/05/10,1.319420407,732807.8293,290712.3343,188262.2841,40543.14466,213290.0662,152303.1798,31797.9375,11938.48936,17250.45955
Category,Weekly,20,Conventional,Seattle,2026/05/17,1.318145456,698739.3916,302860.1899,147819.7214,41857.60924,206201.8711,139135.8956,42898.275,8513.220577,15654.47994
Category,Weekly,17,Conventional,Spokane,2026/04/26,1.085949601,117304.8385,46201.06889,18108.32962,6825.800165,46169.63985,40499.58812,4613.04375,604.8216638,452.1863148
Category,Weekly,18,Conventional,Spokane,2026/05/03,1.056631233,134158.9377,59323.69237,16793.61027,7348.29553,50693.33952,44232.35046,3793.51875,2280.744677,386.7256336
Category,Weekly,19,Conventional,Spokane,2026/05/10,1.133870404,120673.8853,50072.94852,15072.25884,7148.475441,48380.2025,41559.30558,5725.65,704.0715532,391.1753643
Category,Weekly,20,Conventional,Spokane,2026/05/17,1.148790348,117808.4501,50195.79998,12790.05427,8023.317413,46799.27846,34397.89437,11159.1375,781.2647689,460.9818223
Category,Weekly,17,Conventional,St. Louis,2026/04/26,0.744189211,458762.3236,222604.637,11819.14109,24.14162528,224314.4039,204799.2295,11976.825,50.00625,7488.343141
Category,Weekly,18,Conventional,St. Louis,2026/05/03,0.680084731,490474.094,271105.5039,53075.33623,3.309891001,166289.944,146494.5269,9559.85625,0,10235.56081
Category,Weekly,19,Conventional,St. Louis,2026/05/10,0.757730476,422878.1283,214197.9005,47526.3491,4.084060013,161149.7946,138177.8795,17043.3375,5.5125,5923.065105
Category,Weekly,20,Conventional,St. Louis,2026/05/17,0.779445156,411574.693,207605.0996,38993.58731,12.46441554,164963.5417,139258.7433,16148.2125,2.75625,9553.829604
Category,Weekly,17,Conventional,Syracuse,2026/04/26,0.853166448,155182.8686,55867.09075,33549.42948,294.2935671,65472.05477,61936.80936,2666.269285,74.94479658,794.0313265
Category,Weekly,18,Conventional,Syracuse,2026/05/03,0.803476888,168917.4319,72503.46509,29420.92982,296.8861355,66696.15083,61427.15041,4116.905837,91.25632236,1060.838268
Category,Weekly,19,Conventional,Syracuse,2026/05/10,0.847291778,162859.9919,60574.12998,34688.64771,397.9358021,67199.27837,61511.48061,3399.375,74.96478287,2213.457972
Category,Weekly,20,Conventional,Syracuse,2026/05/17,0.835836147,155598.3406,63725.74405,30522.41832,289.8611683,61060.31709,57353.43612,2381.4,64.82494397,1260.656029
Category,Weekly,17,Conventional,Tampa,2026/04/26,0.807949211,1091873.361,572191.9601,29788.46732,56.52330137,489836.41,388203.7705,91268.1,344.925,10019.61447
Category,Weekly,18,Conventional,Tampa,2026/05/03,0.786969122,1211651.921,674763.0107,25943.56117,18.36883591,510926.9805,396646.8268,106110.9,220.89375,7948.359952
Category,Weekly,19,Conventional,Tampa,2026/05/10,0.808288116,1061626.135,571734.3997,12327.78317,15.01234275,477548.9397,365679.1882,97683.075,283.89375,13902.78271
Category,Weekly,20,Conventional,Tampa,2026/05/17,0.798662277,1067710.849,581230.0604,16553.32599,5.869442217,469921.5934,357599.1431,100276.8375,391.3875,11654.2253
Category,Weekly,17,Conventional,Toledo,2026/04/26,1.006363241,223758.1973,94875.38587,34761.01632,17999.52802,76122.26709,48507.13466,26554.63125,436.0929549,624.40823
Category,Weekly,18,Conventional,Toledo,2026/05/03,0.992118509,240378.4647,120034.0158,30727.69582,27710.01598,61906.7371,52427.4354,8581.65,271.8692181,625.7824811
Category,Weekly,19,Conventional,Toledo,2026/05/10,0.982020963,221703.1108,116102.2117,26231.21709,16294.81097,63074.87098,49709.71455,12489.61875,277.6674297,597.8702509
Category,Weekly,20,Conventional,Toledo,2026/05/17,1.01339705,204642.4017,101473.7186,31428.5968,6604.893982,65135.19232,47933.27729,16469.5125,238.4574858,493.9450343
Category,Weekly,17,Conventional,West Tex/New Mexico,2026/04/26,0.821686761,1224276.653,550776.0657,111575.7265,19026.656,542898.2049,459585.5448,79675.3125,3031.875,605.4726122
Category,Weekly,18,Conventional,West Tex/New Mexico,2026/05/03,0.799232332,1188505.058,462516.3219,140692.2277,23808.29018,561488.2184,474126.622,84099.75,2641.66875,620.1775697
Category,Weekly,19,Conventional,West Tex/New Mexico,2026/05/10,0.859724943,1130953.838,469588.5245,103747.9868,17867.25026,539750.0766,454799.1384,80143.21875,4083.58125,724.1381619
Category,Weekly,20,Conventional,West Tex/New Mexico,2026/05/17,0.843800388,1087354.838,450192.4038,112572.6783,19793.02202,504796.7339,419213.6949,80540.25,4302.9,739.8889615
Category,Weekly,17,Conventional,Wichita,2026/04/26,0.915325411,151161.0732,88265.75632,25208.46706,11.55,37675.29981,27344.98658,4553.85,4973.168322,803.294913
Category,Weekly,18,Conventional,Wichita,2026/05/03,0.890959622,155174.7623,106707.7104,13797.33056,4.2,34665.52128,24596.22823,4440.45,4624.425317,1004.417736
Category,Weekly,19,Conventional,Wichita,2026/05/10,0.902307744,156219.3901,107073.7124,13601.75901,10.40617249,35533.51257,25405.37182,4761.75,4533.575535,832.8152203
Category,Weekly,20,Conventional,Wichita,2026/05/17,0.965651536,140279.8762,87579.66275,20859.94278,2.036136735,31838.23453,22233.49933,4281.375,4450.307327,873.0528806
Category,Weekly,17,Conventional,California,2026/04/26,1.086298167,10008181.03,4364589.322,429004.0453,673488.4477,4541099.217,3665496.269,368000.4559,190745.8437,316856.6475
Category,Weekly,18,Conventional,California,2026/05/03,1.000982767,11511522.75,5003403.562,427385.4007,791955.0254,5288778.758,4365236.45,499766.0564,126616.5462,297159.7055
Category,Weekly,19,Conventional,California,2026/05/10,1.093544676,10390046.35,4266959.155,359980.7077,770662.3379,4992444.149,4199637.128,400442.8406,131138.2981,261225.8825
Category,Weekly,20,Conventional,California,2026/05/17,1.057989849,10006131.93,4280652.999,417179.0689,810990.0581,4497309.807,3641641.442,462962.6245,122016.8172,270688.9227
Category,Weekly,17,Conventional,Great Lakes,2026/04/26,0.944423846,8026771.599,3331278.412,1017171.076,503533.5573,3174788.554,2422605.029,539462.8313,50349.80751,162370.8864
Category,Weekly,18,Conventional,Great Lakes,2026/05/03,0.951860691,8402915.733,3896770.234,1198662.083,733899.6123,2573583.803,2161217.613,254418.1012,48019.65475,109928.4347
Category,Weekly,19,Conventional,Great Lakes,2026/05/10,0.963583308,7587378.651,3344317.487,1015600.961,442256.9853,2785203.217,2368220.923,274831.3313,50308.43784,91842.52547
Category,Weekly,20,Conventional,Great Lakes,2026/05/17,0.971954068,7021647.241,3378993.674,886630.9913,182364.6198,2573657.955,2074861.86,338506.35,44009.49267,116280.2522
Category,Weekly,17,Conventional,Midsouth,2026/04/26,0.923380687,7449464.088,3323555.849,735967.9568,20942.84517,3368997.437,2459939.785,487636.221,54019.59499,367401.8365
Category,Weekly,18,Conventional,Midsouth,2026/05/03,0.896515309,8112161.882,3837920.868,947322.9176,30152.09961,3296765.996,2410053.886,436623.9104,58069.18406,392019.0164
Category,Weekly,19,Conventional,Midsouth,2026/05/10,0.93593944,7226718.707,3310346.211,710067.7832,20081.82603,3186222.886,2359255.298,351481.197,56713.62168,418772.7697
Category,Weekly,20,Conventional,Midsouth,2026/05/17,0.950947523,7179686.747,3235075.154,685441.2817,11441.92178,3247728.389,2365696.544,391902.0458,49298.54458,440831.2547
Category,Weekly,17,Conventional,Northeast,2026/04/26,0.950535458,10004637.28,2722655.471,2793315.428,25536.80639,4463129.577,3697784.369,349519.9204,312264.8482,103560.4394
Category,Weekly,18,Conventional,Northeast,2026/05/03,0.943224839,10805362.81,3219943.664,3139719.725,33007.76874,4412691.654,3786803.891,230556.2877,219895.9742,175435.5014
Category,Weekly,19,Conventional,Northeast,2026/05/10,0.883113231,12122684.84,3045071.387,4011950.73,36231.12785,5029431.597,4546109.687,209877.0271,92528.13634,180916.7462
Category,Weekly,20,Conventional,Northeast,2026/05/17,0.975277844,9378367.971,2766024.68,2512654.534,30750.92754,4068937.829,3531863.33,341945.9845,65290.34699,129838.1675
Category,Weekly,17,Conventional,Plains,2026/04/26,0.834672595,3860792.605,1838707.896,346697.5908,17504.74663,1657882.371,1398650.009,135925.5188,18981.96486,104324.8782
Category,Weekly,18,Conventional,Plains,2026/05/03,0.798523538,4000565.828,2231286.065,354777.1914,21785.0776,1392717.494,1115077.564,135004.0125,16436.53739,126199.3799
Category,Weekly,19,Conventional,Plains,2026/05/10,0.855819624,3647474.262,1911085.78,349805.8569,21804.375,1364778.251,1097707.842,148803.1125,17314.34493,100952.9512
Category,Weekly,20,Conventional,Plains,2026/05/17,0.877464201,3500387.134,1816692.614,337643.2256,16073.83284,1329977.462,1083900.457,136950.8438,16752.55274,92373.60839
Category,Weekly,17,Conventional,South Central,2026/04/26,0.795314245,7794328.197,3735261.824,620773.2937,200103.5381,3238189.541,2779489.782,348162.9263,76176.97618,34359.85661
Category,Weekly,18,Conventional,South Central,2026/05/03,0.783911142,8256118.585,3834708.243,906375.8466,225871.4222,3289163.073,2754008.69,428769.151,73478.79988,32906.43291
Category,Weekly,19,Conventional,South Central,2026/05/10,0.806808924,7834212.664,3807601.55,720604.1881,199472.3867,3106534.538,2575600.33,413129.0047,86265.47301,31539.73087
Category,Weekly,20,Conventional,South Central,2026/05/17,0.817316369,7660096.485,3537555.27,967463.4439,176126.3197,2978951.451,2490148.485,370719.3921,87471.11317,30612.46079
Category,Weekly,17,Conventional,Southeast,2026/04/26,0.848810024,9984850.318,5491755.965,394818.269,1019.020231,4097257.064,3053836.314,891545.9168,20394.57141,131480.2619
Category,Weekly,18,Conventional,Southeast,2026/05/03,0.836612396,10931693.6,6277452.385,435514.3527,1334.054197,4217392.81,3150116.377,924759.6026,18757.94024,123758.8903
Category,Weekly,19,Conventional,Southeast,2026/05/10,0.850588124,9758425.538,5355218.067,344834.3725,1051.359104,4057321.739,3112078.478,810410.2019,17425.55224,117407.5064
Category,Weekly,20,Conventional,Southeast,2026/05/17,0.839267509,9767354.093,5430438.356,321911.4542,1029.813454,4013974.47,3095495.605,778132.7435,17532.53808,122813.5837
Category,Weekly,17,Conventional,West,2026/04/26,1.017372557,9652614.709,4273061.667,1993931.998,172816.7372,3212804.307,2738852.323,247746.2205,149345.0735,76860.69008
Category,Weekly,18,Conventional,West,2026/05/03,1.045379394,9801755.734,4208426.512,2075332.142,149953.6274,3368043.452,2724923.85,388072.3136,179244.6131,75802.67553
Category,Weekly,19,Conventional,West,2026/05/10,1.095163943,8929614.944,3707420.783,1999639.707,168047.5668,3054506.887,2454782.763,362808.7017,163415.9871,73499.43539
Category,Weekly,20,Conventional,West,2026/05/17,1.074819841,8874946.556,3867508.494,1939967.931,150220.3354,2917249.796,2327092.968,370496.8816,147655.2792,72004.66758
Category,Weekly,17,Conventional,Total U.S.,2026/04/26,0.936754196,66781639.83,29080866.41,8331679.658,1614945.699,27754148.07,22216653.88,3368000.011,872278.6804,1297215.497
Category,Weekly,18,Conventional,Total U.S.,2026/05/03,0.919557643,71822096.92,32509911.53,9485089.659,1987958.687,27839137.04,22467438.32,3297969.435,740519.2498,1333210.037
Category,Weekly,19,Conventional,Total U.S.,2026/05/10,0.943227558,67496555.96,28748020.42,9512484.307,1659607.965,27576443.26,22713392.45,2971783.417,615109.8512,1276157.548
Category,Weekly,20,Conventional,Total U.S.,2026/05/17,0.953699645,63388618.16,28312941.24,8068891.931,1378997.829,25627787.16,20610700.69,3191616.866,550026.6846,1275442.918
Category,Weekly,17,Organic,5 Boroughs/New York City,2026/04/26,1.428570954,76529.42753,18694.77514,2469.982141,0,55364.67025,52426.49108,0,0,2938.179172
Category,Weekly,18,Organic,5 Boroughs/New York City,2026/05/03,1.44001225,66155.95037,5286.083503,1980.030544,0,58889.83632,55246.28566,0,0,3643.550656
Category,Weekly,19,Organic,5 Boroughs/New York City,2026/05/10,1.452045208,64336.07549,4509.54972,2061.654142,0,57764.87163,54043.74994,0,0,3721.121691
Category,Weekly,20,Organic,5 Boroughs/New York City,2026/05/17,1.449103424,62123.59465,3862.79465,1763.950919,0,56496.84908,53667.84557,0,0,2829.003513
Category,Weekly,17,Organic,Albany,2026/04/26,1.398094901,9057.733894,315.227699,158.5840931,0,8583.922102,8369.646303,0,0,214.2757988
Category,Weekly,18,Organic,Albany,2026/05/03,1.435432208,8438.631404,298.5526631,181.9704162,0,7958.108325,7740.844024,0,0,217.2643005
Category,Weekly,19,Organic,Albany,2026/05/10,1.459934889,7980.083471,371.2018443,247.6428357,0,7361.238791,7135.861715,0,0,225.3770761
Category,Weekly,20,Organic,Albany,2026/05/17,1.407435433,5603.176251,252.5307837,221.3317561,0,5129.313711,4954.79807,0,0,174.5156411
Category,Weekly,17,Organic,Atlanta,2026/04/26,1.431895731,45333.06886,11184.67711,682.063436,0,33466.32832,33466.32832,0,0,0
Category,Weekly,18,Organic,Atlanta,2026/05/03,1.416092087,44285.92577,10736.04103,659.4200744,0,32890.46467,32890.46467,0,0,0
Category,Weekly,19,Organic,Atlanta,2026/05/10,1.430125041,44857.77773,11264.67634,705.1678482,0,32887.93354,32887.93354,0,0,0
Category,Weekly,20,Organic,Atlanta,2026/05/17,1.448326889,45310.11042,12239.446,565.8372953,0,32504.82713,32504.82713,0,0,0
Category,Weekly,17,Organic,Baltimore/Washington,2026/04/26,1.456789935,137912.4866,634.6887225,11705.28142,124.2575372,125448.2589,119458.5809,5893.301113,0,96.37693348
Category,Weekly,18,Organic,Baltimore/Washington,2026/05/03,1.439880789,135123.2923,546.7186566,11134.12152,131.458913,123310.9932,117531.3249,5654.54749,0,125.1208792
Category,Weekly,19,Organic,Baltimore/Washington,2026/05/10,1.516573193,130223.6159,491.4971777,12193.9391,127.0031162,117411.1765,110822.639,6420.984866,0,167.5525952
Category,Weekly,20,Organic,Baltimore/Washington,2026/05/17,1.500630739,129361.7777,497.5834278,12382.05333,120.2763782,116361.8646,110005.5471,6271.76644,0,84.55108237
Category,Weekly,17,Organic,Birmingham/Montgomery,2026/04/26,1.469527562,20727.30695,675.3063692,233.4061424,0,19818.59444,16400.94944,0,0,3417.645
Category,Weekly,18,Organic,Birmingham/Montgomery,2026/05/03,1.411534721,19942.35445,573.8872084,246.2163492,0,19122.25089,15611.81739,0,0,3510.4335
Category,Weekly,19,Organic,Birmingham/Montgomery,2026/05/10,1.485625884,19443.24469,475.3319637,235.5638618,0,18732.34886,15356.50436,0,0,3375.8445
Category,Weekly,20,Organic,Birmingham/Montgomery,2026/05/17,1.443975461,20665.00591,500.4431702,220.9898715,0,19943.57287,16595.59537,0,0,3347.9775
Category,Weekly,17,Organic,Boise,2026/04/26,2.027295345,7180.78163,31.31502978,3826.244513,0,3323.222087,3323.222087,0,0,0
Category,Weekly,18,Organic,Boise,2026/05/03,1.952885181,6723.608203,811.3844202,2866.693811,0,3045.529972,3045.529972,0,0,0
Category,Weekly,19,Organic,Boise,2026/05/10,2.033640888,7832.316197,124.0588275,4214.946677,0,3493.310693,3493.310693,0,0,0
Category,Weekly,20,Organic,Boise,2026/05/17,2.08779618,6615.447992,61.61651019,3753.110937,0,2800.720545,2800.720545,0,0,0
Category,Weekly,17,Organic,Boston,2026/04/26,1.473179783,49122.07641,308.1442583,1991.302159,0,46822.62999,46433.27442,0,0,389.3555743
Category,Weekly,18,Organic,Boston,2026/05/03,1.538031756,49012.11742,383.387568,1945.334442,0,46683.39541,46329.60377,0,0,353.7916377
Category,Weekly,19,Organic,Boston,2026/05/10,1.488122954,49576.35324,318.1363013,1555.506171,0,47702.71076,47192.71798,0,0,509.9927842
Category,Weekly,20,Organic,Boston,2026/05/17,1.538021511,47949.83368,238.4757215,1751.592653,0,45959.76531,45562.97739,0,0,396.78792
Category,Weekly,17,Organic,Buffalo/Rochester,2026/04/26,1.325961717,28828.11777,463.6287838,42.69132028,0,28321.79767,27647.69767,0,0,674.1
Category,Weekly,18,Organic,Buffalo/Rochester,2026/05/03,1.346608891,26972.63401,339.2307459,18.17075334,0,26615.23251,25899.13251,0,0,716.1
Category,Weekly,19,Organic,Buffalo/Rochester,2026/05/10,1.35139701,26678.67133,440.7586647,30.96310191,0,26206.94957,25299.74957,0,0,907.2
Category,Weekly,20,Organic,Buffalo/Rochester,2026/05/17,1.36518144,22618.97573,352.3831803,7.473540738,0,22259.11901,21490.51901,0,0,768.6
Category,Weekly,17,Organic,Charlotte,2026/04/26,1.587355225,42946.76337,135.5708532,2432.316062,144.8268995,40234.04955,37593.03705,5.5125,0,2635.5
Category,Weekly,18,Organic,Charlotte,2026/05/03,1.551905604,41378.44926,127.8125131,2363.819869,186.7774028,38700.03947,35888.13947,0,0,2811.9
Category,Weekly,19,Organic,Charlotte,2026/05/10,1.605760275,40279.23817,122.6288057,2218.872518,182.7481311,37754.98871,34598.68871,0,0,3156.3
Category,Weekly,20,Organic,Charlotte,2026/05/17,1.629735929,42133.14726,135.9177259,2237.282992,206.6957479,39553.25079,35955.95079,0,0,3597.3
Category,Weekly,17,Organic,Chicago,2026/04/26,1.494423394,61378.65931,115.8802549,15791.89198,0,45470.88708,45470.88708,0,0,0
Category,Weekly,18,Organic,Chicago,2026/05/03,1.551488249,58023.28899,144.4187882,16362.83329,0,41516.03692,41516.03692,0,0,0
Category,Weekly,19,Organic,Chicago,2026/05/10,1.594069819,61709.38805,172.4229927,20825.10925,0,40711.8558,40711.8558,0,0,0
Category,Weekly,20,Organic,Chicago,2026/05/17,1.566952463,63647.68547,90.39444061,21387.14998,0,42170.14105,42170.14105,0,0,0
Category,Weekly,17,Organic,Cincinnati/Dayton,2026/04/26,1.790835305,21688.08289,576.9401127,7638.58549,0,13472.55729,13472.55729,0,0,0
Category,Weekly,18,Organic,Cincinnati/Dayton,2026/05/03,1.745803728,22709.45801,602.7218565,7547.910177,0,14558.82598,14558.82598,0,0,0
Category,Weekly,19,Organic,Cincinnati/Dayton,2026/05/10,1.690433535,25468.4033,543.0722771,7412.723166,0,17512.60785,17512.60785,0,0,0
Category,Weekly,20,Organic,Cincinnati/Dayton,2026/05/17,1.694764557,24048.81708,571.1131583,7045.210956,0,16432.49297,16432.49297,0,0,0
Category,Weekly,17,Organic,Columbus,2026/04/26,1.836358649,13094.67726,1384.334079,2828.318818,0,8882.024365,8882.024365,0,0,0
Category,Weekly,18,Organic,Columbus,2026/05/03,1.719933883,16416.122,3278.636839,1540.650968,0,11596.83419,11596.83419,0,0,0
Category,Weekly,19,Organic,Columbus,2026/05/10,1.557797101,19123.0705,894.800632,2781.281244,0,15446.98863,15446.98863,0,0,0
Category,Weekly,20,Organic,Columbus,2026/05/17,1.642364867,16809.02344,679.9326236,3153.554466,0,12975.53635,12975.53635,0,0,0
Category,Weekly,17,Organic,Dallas/Ft. Worth,2026/04/26,1.479338184,65871.3359,19043.85434,597.0886219,0,46230.39294,45086.94294,0,0,1143.45
Category,Weekly,18,Organic,Dallas/Ft. Worth,2026/05/03,1.501992503,60603.69887,15496.9475,478.4923926,0,44628.25897,43624.56397,0,0,1003.695
Category,Weekly,19,Organic,Dallas/Ft. Worth,2026/05/10,1.517544649,65838.94022,22329.419,461.3794188,0,43048.14181,42194.36581,0,0,853.776
Category,Weekly,20,Organic,Dallas/Ft. Worth,2026/05/17,1.513695643,55018.42239,13707.10487,523.0252552,0,40788.29226,39942.13926,0,0,846.153
Category,Weekly,17,Organic,Denver,2026/04/26,1.793928058,53816.39263,4990.119476,17385.61031,0,31440.66285,31440.66285,0,0,0
Category,Weekly,18,Organic,Denver,2026/05/03,1.829706903,50962.03282,5200.075489,16272.04677,0,29489.91056,29489.91056,0,0,0
Category,Weekly,19,Organic,Denver,2026/05/10,1.886116122,52228.83138,6013.193469,16462.92872,0,29752.70919,29752.70919,0,0,0
Category,Weekly,20,Organic,Denver,2026/05/17,1.853694856,46301.75185,3881.335954,14101.58261,0,28318.83329,28318.83329,0,0,0
Category,Weekly,17,Organic,Detroit,2026/04/26,1.334557185,28718.28548,7608.358689,254.0355348,0,20855.89125,20855.89125,0,0,0
Category,Weekly,18,Organic,Detroit,2026/05/03,1.35920956,29708.73983,8001.028198,241.1115187,0,21466.60012,21466.60012,0,0,0
Category,Weekly,19,Organic,Detroit,2026/05/10,1.408578479,28091.25283,8718.745675,311.3704033,0,19061.13675,19061.13675,0,0,0
Category,Weekly,20,Organic,Detroit,2026/05/17,1.407733717,27305.53177,8444.0497,223.4453142,0,18638.03676,18638.03676,0,0,0
Category,Weekly,17,Organic,Grand Rapids,2026/04/26,1.501908177,7406.795522,1.150872922,282.0578607,0,7123.586789,7039.845014,0,0,83.7417753
Category,Weekly,18,Organic,Grand Rapids,2026/05/03,1.55581329,7582.96464,2.302412975,328.2024534,0,7252.459773,7163.909433,0,0,88.55034075
Category,Weekly,19,Organic,Grand Rapids,2026/05/10,1.474454226,8818.256042,0,2241.292874,0,6576.963168,6506.102244,0,0,70.86092366
Category,Weekly,20,Organic,Grand Rapids,2026/05/17,1.600534668,7589.395445,3.453097992,515.8719774,1.151032664,7068.919337,6985.17611,0,0,83.74322739
Category,Weekly,17,Organic,Harrisburg/Scranton,2026/04/26,1.465765377,33577.98706,1033.597293,647.3674982,0,31897.02227,30852.4271,0,0,1044.595166
Category,Weekly,18,Organic,Harrisburg/Scranton,2026/05/03,1.492635042,32204.3247,253.5691672,710.0543879,0,31240.70115,30073.31874,0,0,1167.382408
Category,Weekly,19,Organic,Harrisburg/Scranton,2026/05/10,1.488965746,31407.42446,296.0826592,739.4374895,0,30371.90431,29362.86398,0,0,1009.040334
Category,Weekly,20,Organic,Harrisburg/Scranton,2026/05/17,1.495191053,27853.93856,436.714942,658.8745176,0,26758.3491,25936.66804,0,0,821.681062
Category,Weekly,17,Organic,Hartford/Springfield,2026/04/26,1.353735884,42342.96913,2079.07192,5029.809357,0,35234.08785,34183.73315,0,0,1050.354702
Category,Weekly,18,Organic,Hartford/Springfield,2026/05/03,1.392421424,39661.91128,410.9527641,4621.148857,0,34629.80966,32894.20397,0,0,1735.605686
Category,Weekly,19,Organic,Hartford/Springfield,2026/05/10,1.343286721,36708.86981,475.2170366,3741.094753,0,32492.55802,31383.10256,0,0,1109.455462
Category,Weekly,20,Organic,Hartford/Springfield,2026/05/17,1.375065813,35353.77485,577.4624614,4073.900392,0,30702.412,29652.31584,0,0,1050.096153
Category,Weekly,17,Organic,Houston,2026/04/26,1.267165598,38260.86304,10913.5914,662.5364507,0,26684.73519,26684.73519,0,0,0
Category,Weekly,18,Organic,Houston,2026/05/03,1.293693391,38657.51043,11847.00749,873.7068292,0,25936.79612,25933.62426,3.171854029,0,0
Category,Weekly,19,Organic,Houston,2026/05/10,1.300317582,37440.52363,12522.58528,662.6234195,0,24255.31493,24255.31493,0,0,0
Category,Weekly,20,Organic,Houston,2026/05/17,1.305733094,35996.90378,13137.84911,753.3736969,0,22105.68097,22105.68097,0,0,0
Category,Weekly,17,Organic,Indianapolis,2026/04/26,1.537439368,17023.90181,1148.915354,1912.42112,0,13962.56534,13962.56534,0,0,0
Category,Weekly,18,Organic,Indianapolis,2026/05/03,1.61714853,13726.33285,1419.896556,1456.413272,0,10850.02302,10850.02302,0,0,0
Category,Weekly,19,Organic,Indianapolis,2026/05/10,1.617649761,14550.30679,509.3034158,2291.569519,0,11749.43386,11749.43386,0,0,0
Category,Weekly,20,Organic,Indianapolis,2026/05/17,1.535776714,16854.22559,220.5944597,2549.137147,0,14084.49398,14084.49398,0,0,0
Category,Weekly,17,Organic,Jacksonville,2026/04/26,1.561148253,15767.42786,64.72607881,120.1579872,5.084837195,15577.45896,15577.45896,0,0,0
Category,Weekly,18,Organic,Jacksonville,2026/05/03,1.464000911,16811.36148,95.94822095,120.3143711,2.032332001,16593.06656,16591.75406,0,0,1.3125
Category,Weekly,19,Organic,Jacksonville,2026/05/10,1.581953926,15474.17006,41.03155562,133.2164375,4.065144353,15295.85692,15291.91942,0,0,3.9375
Category,Weekly,20,Organic,Jacksonville,2026/05/17,1.531699469,17027.96762,47.7758829,85.8202781,1.016508127,16893.35495,16886.79245,0,0,6.5625
Category,Weekly,17,Organic,Kansas City,2026/04/26,1.100126837,57040.46911,31.22733475,1263.571069,3.870049121,55741.80066,55741.80066,0,0,0
Category,Weekly,18,Organic,Kansas City,2026/05/03,1.108913505,54126.80559,156.8292247,1317.29101,5.842537714,52646.84282,52646.84282,0,0,0
Category,Weekly,19,Organic,Kansas City,2026/05/10,1.116828562,56451.75594,129.9032012,1425.368465,0,54896.48428,54896.48428,0,0,0
Category,Weekly,20,Organic,Kansas City,2026/05/17,1.120311953,53908.41217,147.2749967,1653.241989,1.944990501,52105.9502,52105.9502,0,0,0
Category,Weekly,17,Organic,Knoxville,2026/04/26,1.607847647,8590.32425,763.4235826,1213.156674,0,6613.743994,4979.943994,0,0,1633.8
Category,Weekly,18,Organic,Knoxville,2026/05/03,1.655027805,8583.148805,963.1453743,1023.496131,0,6596.5073,4790.5073,0,0,1806
Category,Weekly,19,Organic,Knoxville,2026/05/10,1.679577578,8202.905017,881.9865886,874.4565451,0,6446.461883,4449.361883,0,0,1997.1
Category,Weekly,20,Organic,Knoxville,2026/05/17,1.680490112,9127.036226,1019.037334,1076.428914,0,7031.569978,5028.169978,0,0,2003.4
Category,Weekly,17,Organic,Las Vegas,2026/04/26,1.472385563,24542.05213,7393.054789,2965.682159,0,14183.31518,14183.31518,0,0,0
Category,Weekly,18,Organic,Las Vegas,2026/05/03,1.573044828,19222.81271,3228.874931,3319.540165,0,12674.39761,12674.39761,0,0,0
Category,Weekly,19,Organic,Las Vegas,2026/05/10,1.575291262,19004.2463,3046.321643,3248.13284,0,12709.79181,12709.79181,0,0,0
Category,Weekly,20,Organic,Las Vegas,2026/05/17,1.51441428,23731.16841,6916.24653,3381.894147,0,13433.02773,13433.02773,0,0,0
Category,Weekly,17,Organic,Los Angeles,2026/04/26,1.570068356,257009.8885,54297.83238,11110.58284,1.429895485,191600.0433,191215.5015,0,0,384.541832
Category,Weekly,18,Organic,Los Angeles,2026/05/03,1.600487974,243335.2663,53326.85503,10652.29499,0,179356.1163,178970.8476,0,0,385.2686977
Category,Weekly,19,Organic,Los Angeles,2026/05/10,1.597689126,246609.8804,60082.38924,11007.36885,2.859787366,175517.2625,175131.9116,0,0,385.3508892
Category,Weekly,20,Organic,Los Angeles,2026/05/17,1.610267622,263155.5757,62515.34834,11475.0387,8.571044267,189156.6177,188760.1829,0,0,396.4348001
Category,Weekly,17,Organic,Louisville,2026/04/26,1.776873379,11176.70847,779.7271122,2176.751017,0,8220.230339,8220.230339,0,0,0
Category,Weekly,18,Organic,Louisville,2026/05/03,1.766127526,10168.06085,895.69624,1810.857314,0,7461.507297,7457.569797,0,0,3.9375
Category,Weekly,19,Organic,Louisville,2026/05/10,1.745145531,9829.456351,30.33945492,2190.029694,0,7609.087201,7603.837201,0,0,5.25
Category,Weekly,20,Organic,Louisville,2026/05/17,1.744198032,11760.51727,59.36671264,2681.752921,0,9019.397639,9014.147639,0,0,5.25
Category,Weekly,17,Organic,Miami/FT. Lauderdale,2026/04/26,1.46950568,103906.4444,69.0821366,728.7,0,103108.6623,103108.6623,0,0,0
Category,Weekly,18,Organic,Miami/FT. Lauderdale,2026/05/03,1.492881206,99006.61939,124.9654327,567,0,98314.65396,98314.65396,0,0,0
Category,Weekly,19,Organic,Miami/FT. Lauderdale,2026/05/10,1.500546216,103955.0092,69.29069157,426.3,0,103459.4185,103459.4185,0,0,0
Category,Weekly,20,Organic,Miami/FT. Lauderdale,2026/05/17,1.511400551,104076.2512,61.2863116,514.5,0,103500.4649,103500.4649,0,0,0
Category,Weekly,17,Organic,Milwaukee,2026/04/26,1.458461657,18118.79866,215.2769316,3031.988453,0,14871.53327,14871.53327,0,0,0
Category,Weekly,18,Organic,Milwaukee,2026/05/03,1.540152776,15049.67867,250.018458,2750.760512,0,12048.8997,12048.8997,0,0,0
Category,Weekly,19,Organic,Milwaukee,2026/05/10,1.615158769,16072.08048,196.3530968,3526.197466,0,12349.52991,12349.52991,0,0,0
Category,Weekly,20,Organic,Milwaukee,2026/05/17,1.450259964,19267.66185,179.3441229,2848.058376,0,16240.25935,16240.25935,0,0,0
Category,Weekly,17,Organic,Minneapolis,2026/04/26,1.135916403,54443.42445,268.379418,826.3955049,0,53348.64952,53348.64952,0,0,0
Category,Weekly,18,Organic,Minneapolis,2026/05/03,1.391946379,38503.45235,260.0452627,899.8687619,0,37343.53832,37343.53832,0,0,0
Category,Weekly,19,Organic,Minneapolis,2026/05/10,1.447445156,37486.14612,410.0947206,1008.129879,0,36067.92152,36067.92152,0,0,0
Category,Weekly,20,Organic,Minneapolis,2026/05/17,1.327522538,52386.78066,272.7896787,1060.681446,0,51053.30954,51053.30954,0,0,0
Category,Weekly,17,Organic,Nashville,2026/04/26,1.538805651,23494.66696,1022.922416,2433.307801,0,20038.43674,20035.28674,3.15,0,0
Category,Weekly,18,Organic,Nashville,2026/05/03,1.500033381,22030.21636,1129.462551,1973.530801,0,18927.22301,18927.22301,0,0,0
Category,Weekly,19,Organic,Nashville,2026/05/10,1.53622728,21952.98717,453.5429129,2687.361373,1.013822485,18811.06906,18807.91906,3.15,0,0
Category,Weekly,20,Organic,Nashville,2026/05/17,1.491216456,23619.75073,373.9509067,2628.646385,0,20617.15344,20617.15344,0,0,0
Category,Weekly,17,Organic,Northern New England,2026/04/26,1.611630625,21451.90545,2341.66421,109.410415,0,19000.83083,18975.24281,0,0,25.58801895
Category,Weekly,18,Organic,Northern New England,2026/05/03,1.629066717,20382.64238,2277.717148,169.3412306,0,17935.584,17903.24878,0,0,32.33522272
Category,Weekly,19,Organic,Northern New England,2026/05/10,1.640477638,19968.22106,2107.506561,166.5587531,0,17694.15574,17635.96249,0,0,58.19325376
Category,Weekly,20,Organic,Northern New England,2026/05/17,1.634538912,20467.01842,2224.732449,145.8233284,0,18096.46264,18059.86311,0,0,36.59953619
Category,Weekly,17,Organic,New Orleans/Mobile,2026/04/26,1.464985029,16839.13699,123.3965077,3.7799999,0,16711.96048,14191.28848,0,0,2520.672
Category,Weekly,18,Organic,New Orleans/Mobile,2026/05/03,1.512447185,14818.58647,199.7545689,6.61499995,0,14612.2169,12012.7739,0,0,2599.443
Category,Weekly,19,Organic,New Orleans/Mobile,2026/05/10,1.526543486,14578.78233,206.7837213,0,0,14371.99861,12085.09861,0,0,2286.9
Category,Weekly,20,Organic,New Orleans/Mobile,2026/05/17,1.515566308,13753.80948,163.204248,2.834999925,0,13587.77023,11217.01723,0,0,2370.753
Category,Weekly,17,Organic,New York,2026/04/26,1.44287441,265250.3819,37568.47077,14206.82221,0,213475.0889,192800.9803,2523.998754,0,18150.1099
Category,Weekly,18,Organic,New York,2026/05/03,1.504344916,237381.0874,10048.08334,13531.88467,0,213801.1193,183751.3474,2522.390141,0,27527.38178
Category,Weekly,19,Organic,New York,2026/05/10,1.503418189,231088.1613,9011.033985,13504.08398,0,208573.0433,182685.8503,2976.516531,0,22910.67654
Category,Weekly,20,Organic,New York,2026/05/17,1.498627093,218154.8835,8519.350529,13738.9325,0,195896.6005,175372.519,2560.949528,0,17963.13193
Category,Weekly,17,Organic,Omaha,2026/04/26,1.136551591,37120.11242,597.5132595,840.8978416,0,35681.70132,35681.70132,0,0,0
Category,Weekly,18,Organic,Omaha,2026/05/03,1.154748823,40182.43407,1165.529345,1303.188865,0,37713.71586,37713.71586,0,0,0
Category,Weekly,19,Organic,Omaha,2026/05/10,1.163491476,41286.32136,1151.004819,1351.962014,0,38783.35453,38783.35453,0,0,0
Category,Weekly,20,Organic,Omaha,2026/05/17,1.166289255,38554.8377,689.2692504,1296.969624,0,36568.59883,36568.59883,0,0,0
Category,Weekly,17,Organic,Orlando,2026/04/26,1.481207409,46516.45833,103.2878378,148.05,0,46265.12049,46265.12049,0,0,0
Category,Weekly,18,Organic,Orlando,2026/05/03,1.485758704,43323.72898,79.1870214,119.7,0,43124.84195,43124.84195,0,0,0
Category,Weekly,19,Organic,Orlando,2026/05/10,1.52715732,41207.96882,69.7847926,108.15,0,41030.03402,41023.47152,0,0,6.5625
Category,Weekly,20,Organic,Orlando,2026/05/17,1.504979725,34585.40701,73.92387288,129.15,0,34382.33314,34381.02064,0,0,1.3125
Category,Weekly,17,Organic,Peoria/Springfield,2026/04/26,1.483027147,9721.879803,198.4603501,859.6454462,0,8663.774007,8663.774007,0,0,0
Category,Weekly,18,Organic,Peoria/Springfield,2026/05/03,1.498031951,8142.856629,233.3817019,637.6945594,0,7271.780367,7271.780367,0,0,0
Category,Weekly,19,Organic,Peoria/Springfield,2026/05/10,1.554319881,8387.542613,149.7288899,1001.438262,0,7236.375461,7236.375461,0,0,0
Category,Weekly,20,Organic,Peoria/Springfield,2026/05/17,1.491249684,8419.91587,18.03547848,900.25893,0,7501.621462,7501.621462,0,0,0
Category,Weekly,17,Organic,Philadelphia,2026/04/26,1.652697423,64943.45558,5495.352435,6493.997665,0,52954.10548,46861.91537,3636.326798,0,2455.863312
Category,Weekly,18,Organic,Philadelphia,2026/05/03,1.718648221,61268.3379,2426.591441,6510.23313,0,52331.51333,44851.21641,3334.421444,0,4145.875479
Category,Weekly,19,Organic,Philadelphia,2026/05/10,1.728068252,59571.17071,1667.17759,6390.912243,0,51513.08087,44266.98146,3833.678712,0,3412.4207
Category,Weekly,20,Organic,Philadelphia,2026/05/17,1.716641525,58680.79804,2140.236928,7560.725107,0,48979.836,42673.08121,3821.739063,0,2485.015731
Category,Weekly,17,Organic,Phoenix/Tucson,2026/04/26,1.450898502,55954.28359,14642.4762,7771.038265,0,33540.76912,33540.76912,0,0,0
Category,Weekly,18,Organic,Phoenix/Tucson,2026/05/03,1.485931335,61109.46276,19658.85086,8218.457296,0,33232.15461,33232.15461,0,0,0
Category,Weekly,19,Organic,Phoenix/Tucson,2026/05/10,1.440563065,62227.69611,22634.82606,6905.236498,0,32687.63355,32687.63355,0,0,0
Category,Weekly,20,Organic,Phoenix/Tucson,2026/05/17,1.440178446,55335.92838,16983.05292,7184.781092,0,31168.09437,31168.09437,0,0,0
Category,Weekly,17,Organic,Pittsburgh,2026/04/26,1.517949485,13238.46203,1165.25715,1.271873607,0,12071.93301,9316.73301,0,0,2755.2
Category,Weekly,18,Organic,Pittsburgh,2026/05/03,1.564392868,11993.26921,1116.367457,8.955962524,0,10867.94579,8114.84579,0,0,2753.1
Category,Weekly,19,Organic,Pittsburgh,2026/05/10,1.613429785,11479.3214,1362.597279,0,0,10116.72412,7395.124119,0,0,2721.6
Category,Weekly,20,Organic,Pittsburgh,2026/05/17,1.629406765,10879.28952,1350.806256,6.365680701,0,9522.117581,6727.017581,0,0,2795.1
Category,Weekly,17,Organic,Portland,2026/04/26,2.086559672,65820.87784,2001.572029,19325.9573,0,44493.34851,44493.34851,0,0,0
Category,Weekly,18,Organic,Portland,2026/05/03,2.07877219,60727.49668,1937.412518,18234.87914,0,40555.20502,40555.20502,0,0,0
Category,Weekly,19,Organic,Portland,2026/05/10,2.132498503,60421.67961,2040.726271,20116.7579,0,38264.19544,38264.19544,0,0,0
Category,Weekly,20,Organic,Portland,2026/05/17,2.068634219,57019.73752,2101.799627,15887.17666,0,39030.76124,39030.76124,0,0,0
Category,Weekly,17,Organic,Providence,2026/04/26,1.320302633,10865.62251,19.94869122,12.21665837,0,10833.45716,10827.46251,0,0,5.994650137
Category,Weekly,18,Organic,Providence,2026/05/03,1.368949488,10676.1283,21.45077995,5.433315016,0,10649.2442,10643.1419,0,0,6.102301133
Category,Weekly,19,Organic,Providence,2026/05/10,1.320848339,10835.54682,18.47275559,16.37726235,0,10800.6968,10794.61833,0,0,6.078479576
Category,Weekly,20,Organic,Providence,2026/05/17,1.391282553,9968.47824,14.1951987,8.179575646,0,9946.103466,9946.103466,0,0,0
Category,Weekly,17,Organic,Raleigh/Greensboro,2026/04/26,1.549512495,51125.90071,367.5915666,1985.451854,89.92676204,48682.93053,47769.43053,0,0,913.5
Category,Weekly,18,Organic,Raleigh/Greensboro,2026/05/03,1.487011142,48367.38192,345.3586343,1450.714007,126.2637589,46445.04552,45222.84552,0,0,1222.2
Category,Weekly,19,Organic,Raleigh/Greensboro,2026/05/10,1.559883484,46351.96311,420.886205,1624.656557,131.5599702,44174.86038,42673.36038,0,0,1501.5
Category,Weekly,20,Organic,Raleigh/Greensboro,2026/05/17,1.564593756,47355.25968,462.1676741,1560.943957,112.8752523,45219.27279,43738.77279,0,0,1480.5
Category,Weekly,17,Organic,Richmond/Norfolk,2026/04/26,1.460334658,37951.54291,143.8730854,2392.267271,69.32439755,35346.07816,31720.95316,4.2,0,3620.925
Category,Weekly,18,Organic,Richmond/Norfolk,2026/05/03,1.31158959,44074.62213,366.9883784,2034.922681,74.45916449,41598.2519,38345.6144,0,0,3252.6375
Category,Weekly,19,Organic,Richmond/Norfolk,2026/05/10,1.499069173,34614.79985,26.82699326,2472.343978,62.2135377,32053.41534,28484.72784,0,0,3568.6875
Category,Weekly,20,Organic,Richmond/Norfolk,2026/05/17,1.443755654,36742.23584,3.7799999,2608.980388,54.00415384,34075.4713,30236.1463,0,0,3839.325
Category,Weekly,17,Organic,Roanoke,2026/04/26,1.594834446,18640.04075,190.3053966,2899.995095,0,15549.74026,15028.94026,0,0,520.8
Category,Weekly,18,Organic,Roanoke,2026/05/03,1.53654038,18973.48182,546.5562695,2249.193853,0,16177.7317,15677.9317,0,0,499.8
Category,Weekly,19,Organic,Roanoke,2026/05/10,1.614336656,17876.25293,124.2425908,2774.16364,0,14977.8467,14494.8467,0,0,483
Category,Weekly,20,Organic,Roanoke,2026/05/17,1.617092083,17267.8556,22.45506674,2917.831701,0,14327.56883,13779.46883,0,0,548.1
Category,Weekly,17,Organic,Sacramento,2026/04/26,1.6530399,32191.14826,3961.54455,194.795264,0,28034.80845,27248.06237,0,0,786.746075
Category,Weekly,18,Organic,Sacramento,2026/05/03,1.696852416,30848.81874,3921.639792,202.7701342,0,26724.40881,26472.46784,0,0,251.9409755
Category,Weekly,19,Organic,Sacramento,2026/05/10,1.709252795,29314.34421,3708.632877,191.0714698,0,25414.63987,24736.1546,0,0,678.4852633
Category,Weekly,20,Organic,Sacramento,2026/05/17,1.722677131,30191.97557,3980.353147,163.4762937,0,26048.14613,25416.45694,0,0,631.6891894
Category,Weekly,17,Organic,San Diego,2026/04/26,1.78024961,49915.39437,14497.87348,2503.45415,0,32914.06674,32163.31107,0,0,750.7556757
Category,Weekly,18,Organic,San Diego,2026/05/03,1.796865607,48203.78129,13622.88421,2207.624762,0,32373.27232,31333.83014,0,0,1039.442178
Category,Weekly,19,Organic,San Diego,2026/05/10,1.813243395,44742.99881,13521.8954,2366.468961,0,28854.63445,27583.97593,0,0,1270.658527
Category,Weekly,20,Organic,San Diego,2026/05/17,1.848670837,48398.68237,15674.09471,2280.877523,0,30443.71014,30328.114,0,0,115.5961384
Category,Weekly,17,Organic,San Francisco,2026/04/26,1.691291916,185751.74,17813.2515,1752.562146,0,166185.9263,162378.0934,0,0,3807.832922
Category,Weekly,18,Organic,San Francisco,2026/05/03,1.706185122,171268.8393,17709.45251,1417.645812,0,152141.741,150238.8781,0,0,1902.862886
Category,Weekly,19,Organic,San Francisco,2026/05/10,1.697706786,168981.233,17128.03822,1531.361297,0,150321.8335,145980.5781,0,0,4341.255465
Category,Weekly,20,Organic,San Francisco,2026/05/17,1.721937296,175188.1,18095.40431,1610.473748,0,155482.2219,151613.9111,0,0,3868.310803
Category,Weekly,17,Organic,Seattle,2026/04/26,2.100883508,118081.9023,1514.400659,32019.72797,0,84547.77368,84547.77368,0,0,0
Category,Weekly,18,Organic,Seattle,2026/05/03,2.106097482,104143.0221,4882.047398,30839.06907,0,68421.90562,68421.90562,0,0,0
Category,Weekly,19,Organic,Seattle,2026/05/10,2.118720789,94018.98877,660.785097,31541.66945,0,61816.53422,61816.53422,0,0,0
Category,Weekly,20,Organic,Seattle,2026/05/17,2.101155664,99081.33137,291.2461465,30172.63314,519.749994,68097.70208,68097.70208,0,0,0
Category,Weekly,17,Organic,Spokane,2026/04/26,1.965342457,6068.866564,157.7661628,2336.880396,4.725,3569.495005,3569.495005,0,0,0
Category,Weekly,18,Organic,Spokane,2026/05/03,2.004950131,5857.050839,93.45304393,2443.068094,3.7799999,3316.749701,3316.749701,0,0,0
Category,Weekly,19,Organic,Spokane,2026/05/10,1.964848769,5968.352039,98.60217158,2472.057018,3.7799999,3393.91285,3393.91285,0,0,0
Category,Weekly,20,Organic,Spokane,2026/05/17,1.973222328,5272.771542,77.38092344,2185.927105,6.6150002,3002.848513,3002.848513,0,0,0
Category,Weekly,17,Organic,St. Louis,2026/04/26,1.293944983,29350.75015,5626.612495,2542.841944,3.301978237,21177.99373,21177.99373,0,0,0
Category,Weekly,18,Organic,St. Louis,2026/05/03,1.321495863,25060.14941,4219.930155,2119.816801,0,18720.40246,18720.40246,0,0,0
Category,Weekly,19,Organic,St. Louis,2026/05/10,1.473366375,21398.90784,1100.128316,2045.803466,0,18252.97606,18252.97606,0,0,0
Category,Weekly,20,Organic,St. Louis,2026/05/17,1.398098028,20044.685,1140.146019,961.0917408,0,17943.44724,17943.44724,0,0,0
Category,Weekly,17,Organic,Syracuse,2026/04/26,1.353562068,11892.53314,261.8605899,62.40175375,0,11568.2708,11531.33139,0,0,36.93940415
Category,Weekly,18,Organic,Syracuse,2026/05/03,1.395741566,11452.71973,221.5647622,128.2894208,0,11102.86555,11046.24705,0,0,56.61849603
Category,Weekly,19,Organic,Syracuse,2026/05/10,1.372815393,10911.97969,210.4940965,127.4954337,0,10573.99016,10536.23525,0,0,37.75491451
Category,Weekly,20,Organic,Syracuse,2026/05/17,1.35202418,8704.814681,191.0240495,97.23606374,0,8416.554567,8372.632948,0,0,43.92161927
Category,Weekly,17,Organic,Tampa,2026/04/26,1.577424087,39052.8518,77.38852805,95.55,0,38879.91327,38879.91327,0,0,0
Category,Weekly,18,Organic,Tampa,2026/05/03,1.567533643,36759.9381,81.71241877,91.35,0,36586.87569,36586.87569,0,0,0
Category,Weekly,19,Organic,Tampa,2026/05/10,1.615397477,33734.88187,65.34235271,53.55,0,33615.98952,33609.42702,0,0,6.5625
Category,Weekly,20,Organic,Tampa,2026/05/17,1.602444414,27495.95993,68.50932877,115.5,0,27311.9506,27310.6381,0,0,1.3125
Category,Weekly,17,Organic,Toledo,2026/04/26,1.803227527,6405.293727,462.5135809,1106.175497,0,4836.60465,4639.20465,0,0,197.4
Category,Weekly,18,Organic,Toledo,2026/05/03,1.541279877,9747.600753,993.4851239,734.9022513,0,8019.213378,7855.413378,0,0,163.8
Category,Weekly,19,Organic,Toledo,2026/05/10,1.500070268,10609.4685,148.918991,1384.88668,0,9075.662828,8888.762828,0,0,186.9
Category,Weekly,20,Organic,Toledo,2026/05/17,1.613866008,8251.84644,38.08697343,1347.781766,0,6865.977701,6643.377701,0,0,222.6
Category,Weekly,17,Organic,West Tex/New Mexico,2026/04/26,1.672510741,41314.51111,14512.74189,1274.989278,0,25526.77995,25526.77995,0,0,0
Category,Weekly,18,Organic,West Tex/New Mexico,2026/05/03,1.477340387,42369.35609,15870.92139,1430.952346,0,25067.48236,25026.81646,40.66589899,0,0
Category,Weekly,19,Organic,West Tex/New Mexico,2026/05/10,1.674135796,41891.0263,13200.76382,1372.226676,0,27318.03581,27318.03581,0,0,0
Category,Weekly,20,Organic,West Tex/New Mexico,2026/05/17,1.659503326,37400.03103,11011.64697,1287.763482,0,25100.62057,25100.62057,0,0,0
Category,Weekly,17,Organic,Wichita,2026/04/26,1.107713078,22469.90825,1657.951693,10.04397381,0,20801.91258,20801.91258,0,0,0
Category,Weekly,18,Organic,Wichita,2026/05/03,1.096312033,23516.263,3139.429245,20.10465628,0,20356.7291,20356.7291,0,0,0
Category,Weekly,19,Organic,Wichita,2026/05/10,1.098219253,24872.45619,2846.384026,10.18724146,0,22015.88493,22015.88493,0,0,0
Category,Weekly,20,Organic,Wichita,2026/05/17,1.132648684,23152.35094,2421.589694,15.77761564,0,20714.98363,20714.98363,0,0,0
Category,Weekly,17,Organic,California,2026/04/26,1.639916292,633523.3701,111618.365,17178.26115,1.512605716,504725.2313,494940.4449,0,0,9784.786462
Category,Weekly,18,Organic,California,2026/05/03,1.66187121,596898.5178,109476.868,16019.46662,0,471402.1832,466169.7848,0,0,5232.398347
Category,Weekly,19,Organic,California,2026/05/10,1.661842128,591721.8884,114401.5234,16818.04805,3.031711047,460499.2853,450604.9044,0,0,9894.380831
Category,Weekly,20,Organic,California,2026/05/17,1.683030556,622325.7117,121320.9977,17223.88344,12.16484594,483768.6656,475555.5347,0,0,8213.13097
Category,Weekly,17,Organic,Great Lakes,2026/04/26,1.518430987,258209.81,18263.94648,38718.53365,0,201227.3299,197085.0637,0,0,4142.26614
Category,Weekly,18,Organic,Great Lakes,2026/05/03,1.535050322,260469.7408,22759.70185,35930.49162,0,201779.5473,197662.1383,0,0,4117.408997
Category,Weekly,19,Organic,Great Lakes,2026/05/10,1.549775344,278835.9312,16817.98811,48603.14936,0,213414.7938,208767.0651,0,0,4647.728669
Category,Weekly,20,Organic,Great Lakes,2026/05/17,1.528230866,276408.3644,13955.48447,45452.43632,1.23962168,216999.204,212638.9682,0,0,4360.235835
Category,Weekly,17,Organic,Midsouth,2026/04/26,1.530921917,455126.2161,6183.748648,37037.5248,555.4559622,411349.4867,391128.7786,6875.183109,0,13345.52497
Category,Weekly,18,Organic,Midsouth,2026/05/03,1.478282747,461694.7626,7538.196507,33632.74868,688.1667725,419835.6507,399649.3435,6559.35593,0,13626.95124
Category,Weekly,19,Organic,Midsouth,2026/05/10,1.560853082,429692.1701,3936.340201,37015.84805,652.5567647,388087.4251,365875.0632,7429.023732,0,14783.33816
Category,Weekly,20,Organic,Midsouth,2026/05/17,1.547083036,441290.6533,3702.866763,38177.55751,635.7419774,398774.487,375580.0383,7343.585044,0,15850.86371
Category,Weekly,17,Organic,Northeast,2026/04/26,1.461502194,599309.9023,56850.95864,29932.93052,0,512526.0131,475866.1988,6080.178856,0,30579.63543
Category,Weekly,18,Organic,Northeast,2026/05/03,1.515611103,551765.9659,19601.21841,28926.35614,0,503238.3914,453907.8687,5726.382795,0,43604.13989
Category,Weekly,19,Organic,Northeast,2026/05/10,1.50689406,535665.4739,17830.97473,27642.99622,0,490191.5029,445624.6855,6643.286529,0,37923.53087
Category,Weekly,20,Organic,Northeast,2026/05/17,1.514793571,500026.5616,17752.0619,29294.17235,0,452980.3273,416224.8286,6295.626407,0,30459.87236
Category,Weekly,17,Organic,Plains,2026/04/26,1.205995177,299857.5352,11383.84719,12219.84332,8.186774722,276245.6579,276245.6579,0,0,0
Category,Weekly,18,Organic,Plains,2026/05/03,1.263623705,281258.4335,14611.37999,14324.80753,6.858731089,252315.3873,252312.2373,3.15,0,0
Category,Weekly,19,Organic,Plains,2026/05/10,1.290992063,286188.2142,10976.66398,15656.73185,0,259554.8184,259554.8184,0,0,0
Category,Weekly,20,Organic,Plains,2026/05/17,1.277835552,296696.3136,8877.118406,14566.56112,2.280101642,273250.354,273250.354,0,0,0
Category,Weekly,17,Organic,South Central,2026/04/26,1.366628889,267530.1718,43968.91337,4307.41279,0,219253.8456,207581.4231,0,0,11672.42251
Category,Weekly,18,Organic,South Central,2026/05/03,1.37871913,256429.5389,38965.64737,4852.452741,0,212611.4388,201365.4118,11.83185079,0,11234.19519
Category,Weekly,19,Organic,South Central,2026/05/10,1.402351539,261220.3073,49967.79824,4402.200853,0,206850.3082,195178.279,14.85163939,0,11657.17752
Category,Weekly,20,Organic,South Central,2026/05/17,1.387930617,234665.975,38008.24678,4132.684124,0,192525.0441,182102.6239,0,0,10422.4202
Category,Weekly,17,Organic,Southeast,2026/04/26,1.501439049,430378.0983,18137.75167,5644.193668,156.7458676,406439.4071,390453.7661,9.7125,0,15975.9285
Category,Weekly,18,Organic,Southeast,2026/05/03,1.483370122,417282.4797,17692.94911,5093.544768,154.2704535,394341.7154,377481.7079,4.2,0,16855.8075
Category,Weekly,19,Organic,Southeast,2026/05/10,1.522560859,411895.1478,17932.43947,5207.005968,108.5051927,388647.1972,372265.9162,0,0,16381.281
Category,Weekly,20,Organic,Southeast,2026/05/17,1.509990367,405260.7196,20179.40972,4785.60713,91.82679931,380203.876,362748.7495,4.2,0,17450.9265
Category,Weekly,17,Organic,West,2026/04/26,1.852580059,511828.1266,68349.20059,124165.8671,17.95507115,319295.1038,319204.2688,0,0,90.83494699
Category,Weekly,18,Organic,West,2026/05/03,1.837418726,483491.9034,76839.33965,118493.105,23.07424143,288136.3845,288055.0855,37.76119192,0,43.5377615
Category,Weekly,19,Organic,West,2026/05/10,1.867989821,475542.3878,70338.01984,124162.2215,5.670012918,281036.4764,280970.793,0,0,65.6833997
Category,Weekly,20,Organic,West,2026/05/17,1.849399278,456077.6376,62048.24754,111778.2322,1169.913163,281081.2447,281028.6549,0,0,52.58980579
Category,Weekly,17,Organic,Total U.S.,2026/04/26,1.540986584,3455763.23,334756.7316,269204.567,739.8562814,2851062.075,2752505.602,12965.07446,0,85591.39896
Category,Weekly,18,Organic,Total U.S.,2026/05/03,1.549241421,3309291.343,307485.3009,257272.9731,872.3701986,2743660.699,2636603.578,12342.68177,0,94714.43892
Category,Weekly,19,Organic,Total U.S.,2026/05/10,1.572903445,3270761.521,302201.748,279508.2019,769.7636813,2688281.807,2578841.525,14087.1619,0,95353.12045
Category,Weekly,20,Organic,Total U.S.,2026/05/17,1.568384464,3232751.937,285844.4333,265411.1342,1913.166509,2679583.203,2579129.752,13643.41145,0,86810.03938
Category,Weekly,21,Conventional,5 Boroughs/New York City,2026/05/24,1.103947636,874876.1423,132237.1561,371364.7843,4579.165138,366695.0367,310790.5847,27440.7,5677.018887,22786.7331
Category,Weekly,22,Conventional,5 Boroughs/New York City,2026/05/31,0.95439682,1030144.623,173606.918,502477.2621,4744.953471,349315.4896,280428.9595,41719.65,6036.920263,21129.9599
Category,Weekly,23,Conventional,5 Boroughs/New York City,2026/06/07,1.153327927,776786.1024,129970.8195,229591.1104,2274.904512,414949.2679,353909.673,24015.99375,12157.82442,24865.77674
Category,Weekly,24,Conventional,5 Boroughs/New York City,2026/06/14,1.053163033,923896.1033,141746.4078,447930.3649,1554.939488,332664.391,265167.6398,18599.175,17870.82037,31026.75587
Category,Weekly,21,Conventional,Albany,2026/05/24,0.881981582,194049.8716,65295.92709,77615.23345,170.8474616,50967.86356,46868.8833,2046.229629,619.5890609,1433.161565
Category,Weekly,22,Conventional,Albany,2026/05/31,0.908695093,194919.2733,74649.57798,73171.55108,135.4269939,46962.71724,42800.5417,2357.5125,451.0085274,1353.654518
Category,Weekly,23,Conventional,Albany,2026/06/07,0.876547982,199101.3654,87379.87177,68225.90426,170.6650041,43324.92437,38619.7796,3138.45,365.4288048,1201.265958
Category,Weekly,24,Conventional,Albany,2026/06/14,0.962498585,178384.2822,70993.91667,65314.84496,143.4497836,41932.07081,37789.0661,2255.00625,721.2293157,1166.769141
Category,Weekly,21,Conventional,Atlanta,2026/05/24,0.983728832,1255632.929,650855.6626,94224.72114,28.61383413,510523.931,398632.0709,97655.775,10285.81247,3950.272619
Category,Weekly,22,Conventional,Atlanta,2026/05/31,0.947141513,1228671.434,654872.9549,95682.36182,37.6126859,478078.5047,360668.5573,104218.5375,9249.819903,3941.590015
Category,Weekly,23,Conventional,Atlanta,2026/06/07,1.073555041,1164328.759,609454.7876,101273.4069,14.38561415,453586.1793,364510.0366,74832.45,10230.2721,4013.420567
Category,Weekly,24,Conventional,Atlanta,2026/06/14,1.149396878,1125090.547,594617.053,107720.0608,21.90054237,422731.5322,307533.2912,99942.4125,10847.42503,4408.403476
Category,Weekly,21,Conventional,Baltimore/Washington,2026/05/24,0.984079333,2070849.993,740471.4229,158095.8707,2994.888619,1169287.811,941042.0131,132267.2873,29916.33842,66062.17177
Category,Weekly,22,Conventional,Baltimore/Washington,2026/05/31,0.927648347,2159540.124,855547.2056,199398.4614,2973.261334,1101621.195,856622.876,166454.624,17990.74155,60552.9537
Category,Weekly,23,Conventional,Baltimore/Washington,2026/06/07,0.995614625,2093360.123,817797.6895,208648.708,3477.297482,1063436.428,863002.9084,117764.4769,22176.4171,60492.62546
Category,Weekly,24,Conventional,Baltimore/Washington,2026/06/14,1.040844307,2020896.702,799844.0045,208810.6011,2968.39892,1009273.697,829791.0436,98774.64104,19486.45605,61221.55639
Category,Weekly,21,Conventional,Birmingham/Montgomery,2026/05/24,0.794140898,550892.139,358147.3569,12471.91172,2.709526587,180270.1609,140120.7985,37066.44375,560.9977509,2521.920862
Category,Weekly,22,Conventional,Birmingham/Montgomery,2026/05/31,0.803265443,523470.4601,335299.0913,11174.4469,5.880000025,176991.0419,132240.1307,41708.1,551.9654439,2490.845743
Category,Weekly,23,Conventional,Birmingham/Montgomery,2026/06/07,0.861986558,493287.7464,318056.6361,10450.18322,11.025,164769.902,128135.7765,33458.11875,618.2850537,2557.721653
Category,Weekly,24,Conventional,Birmingham/Montgomery,2026/06/14,0.910610062,502224.2235,315575.1289,11181.66527,1.88999995,175465.5393,134769.4089,37692.9,664.2202152,2339.010146
Category,Weekly,21,Conventional,Boise,2026/05/24,1.085245771,159181.2844,64058.63345,52082.84379,151.1327586,42888.67435,38646.45526,0,3920.821645,321.3974442
Category,Weekly,22,Conventional,Boise,2026/05/31,1.096555718,153005.6808,83660.59959,42037.57477,576.5120946,26730.99438,21959.18101,1663.2,2938.004063,170.6093057
Category,Weekly,23,Conventional,Boise,2026/06/07,1.080371111,161993.8137,75865.14776,32932.51067,215.1065461,52981.04872,45973.26213,4893,1768.587157,346.1994289
Category,Weekly,24,Conventional,Boise,2026/06/14,1.019300853,155654.332,77359.48226,48578.85162,317.4909829,29398.50718,22606.97856,5048.4,1522.427523,220.7010987
Category,Weekly,21,Conventional,Boston,2026/05/24,1.05355729,933722.6145,315929.7291,295110.6892,656.2218543,322025.9744,291388.6084,15973.77874,410.1230887,14253.46407
Category,Weekly,22,Conventional,Boston,2026/05/31,0.981074056,1039239.569,296605.2884,434271.5432,511.2752338,307851.4617,276161.4749,17021.25434,298.198961,14370.53352
Category,Weekly,23,Conventional,Boston,2026/06/07,1.102134304,1050039.381,452568.2535,274182.6758,450.6038227,322837.8475,290662.1851,19683.94564,261.4358528,12230.28081
Category,Weekly,24,Conventional,Boston,2026/06/14,1.039783676,1029958.299,316639.2715,406356.4481,336.4858565,306626.094,275883.0702,15901.43041,548.3094856,14293.28392
Category,Weekly,21,Conventional,Buffalo/Rochester,2026/05/24,0.855010129,336365.8707,118707.0624,34446.27468,1308.36284,181904.1708,172506.2683,4182.15,5.5125,5210.240008
Category,Weekly,22,Conventional,Buffalo/Rochester,2026/05/31,0.879189599,334931.3023,142025.8751,29833.48427,1062.060373,162009.8826,152595.6849,4394.38125,5.90625,5013.910149
Category,Weekly,23,Conventional,Buffalo/Rochester,2026/06/07,0.9120194,329925.827,128616.4644,29668.63059,886.6515562,170754.0805,158584.8842,6489.91875,0,5679.277508
Category,Weekly,24,Conventional,Buffalo/Rochester,2026/06/14,0.961469679,306814.4759,119823.6678,27029.85222,1032.822423,158928.1334,150609.2716,4635.09375,5.5125,3678.25557
Category,Weekly,21,Conventional,Charlotte,2026/05/24,1.045136053,616712.4871,248357.7265,71152.57611,1427.109483,295775.075,195278.4047,43957.725,1201.725,55337.22031
Category,Weekly,22,Conventional,Charlotte,2026/05/31,1.008053921,615842.5441,257673.6667,72887.23942,1488.5023,283793.1358,197443.6271,42380.8875,1198.96875,42769.65243
Category,Weekly,23,Conventional,Charlotte,2026/06/07,1.038879925,598894.8834,246361.2527,67780.628,1128.704198,283624.2985,213261.0761,26478.1125,1030.8375,42854.27233
Category,Weekly,24,Conventional,Charlotte,2026/06/14,1.145310373,561691.5401,229712.0073,57801.93289,1231.010631,272946.5892,182326.673,47733,181.9125,42705.00377
Category,Weekly,21,Conventional,Chicago,2026/05/24,0.947340362,1979498.089,1009421.993,214830.8811,23037.51524,732207.6997,620212.8197,20947.89375,5689.546952,85357.43928
Category,Weekly,22,Conventional,Chicago,2026/05/31,0.907392446,2158861.884,1055655.538,216297.9715,23899.28814,863009.0859,785430.4161,42819.7875,5423.691543,29335.19075
Category,Weekly,23,Conventional,Chicago,2026/06/07,1.001280048,1939193.541,1009696.495,197688.3923,40352.44609,691456.2075,615813.1876,39378.15,14209.07643,22055.79345
Category,Weekly,24,Conventional,Chicago,2026/06/14,1.087391393,1832233.046,983615.966,191951.2194,27667.74164,628998.1193,564525.3794,26239.7625,17033.07499,21199.90236
Category,Weekly,21,Conventional,Cincinnati/Dayton,2026/05/24,1.192120533,421807.9923,192409.0431,98584.15611,8632.563833,122182.2292,83053.43471,21874.51875,16852.42013,401.8556489
Category,Weekly,22,Conventional,Cincinnati/Dayton,2026/05/31,1.182741707,416463.2316,190679.3383,95500.7099,8827.379779,121455.8035,81217.52264,21314.475,18390.37222,533.4336918
Category,Weekly,23,Conventional,Cincinnati/Dayton,2026/06/07,1.155889832,435415.068,194487.5227,90381.52559,18627.68518,131918.3346,78303.42024,20875.8375,32195.63929,543.4375853
Category,Weekly,24,Conventional,Cincinnati/Dayton,2026/06/14,1.193007222,419567.7457,187585.0297,90049.73234,15677.91991,126255.0637,75111.39724,18604.95,32118.93045,419.7860497
Category,Weekly,21,Conventional,Columbus,2026/05/24,1.136806637,390510.3862,160509.8784,76624.78033,8612.030169,144763.6973,122540.7101,21916.25625,90.95625,215.774642
Category,Weekly,22,Conventional,Columbus,2026/05/31,1.119575717,390899.6063,158266.5584,76081.05121,8768.066735,147783.93,125011.6313,22473.54375,68.90625,229.8487027
Category,Weekly,23,Conventional,Columbus,2026/06/07,1.121159146,402053.8695,167214.4843,68257.62772,15383.87871,151197.8788,123885.1863,26916.4875,125.86875,270.3362662
Category,Weekly,24,Conventional,Columbus,2026/06/14,1.159373974,397364.3005,167824.0045,67376.03659,11949.45631,150214.8031,127339.6928,22451.1,209.475,214.5353597
Category,Weekly,21,Conventional,Dallas/Ft. Worth,2026/05/24,0.870676864,1875203.568,792970.0846,140959.9524,118489.4562,822784.0744,705191.9527,91148.16996,13978.80111,12465.15057
Category,Weekly,22,Conventional,Dallas/Ft. Worth,2026/05/31,0.86075145,1883262.7,784110.9494,182934.6878,155158.2278,761058.8348,633899.8994,90072.85602,12933.99272,24152.08662
Category,Weekly,23,Conventional,Dallas/Ft. Worth,2026/06/07,0.939108214,1839030.91,816697.5106,158747.6779,142507.1886,721078.5328,585651.49,92362.87361,14191.4037,28872.76551
Category,Weekly,24,Conventional,Dallas/Ft. Worth,2026/06/14,1.034802762,1759162.928,801154.6508,97927.4703,164261.099,695819.7077,563812.5873,90456.53211,13523.50025,28027.08805
Category,Weekly,21,Conventional,Denver,2026/05/24,1.15201643,1281895.41,406835.8821,311611.0192,13737.21134,549711.2975,374905.7269,131461.575,37725.0045,5618.991147
Category,Weekly,22,Conventional,Denver,2026/05/31,1.164057516,1224198.73,470090.9916,275370.4044,9833.511844,468903.8221,282558.8391,148950.375,31719.47246,5675.135552
Category,Weekly,23,Conventional,Denver,2026/06/07,1.234236443,1303392.441,453429.1962,289972.9027,4297.597538,555692.745,346500.7336,140770.0875,61541.90856,6880.01538
Category,Weekly,24,Conventional,Denver,2026/06/14,1.281614286,1175406.489,441644.3493,272290.2303,3720.093702,457751.8154,280283.4456,103266.45,62944.59403,11257.32573
Category,Weekly,21,Conventional,Detroit,2026/05/24,1.074646571,685407.8486,216678.5958,105905.5012,49573.0388,313250.7128,237133.3685,59751.0375,15688.40797,677.8988283
Category,Weekly,22,Conventional,Detroit,2026/05/31,1.080403488,666442.6154,225502.7343,97561.46232,46702.78155,296675.6373,230169.0516,51196.29375,14628.09078,682.2011263
Category,Weekly,23,Conventional,Detroit,2026/06/07,1.121616587,710817.9797,205609.3043,124408.917,86030.94204,294768.8164,212270.0726,52996.65,28785.37054,716.7233047
Category,Weekly,24,Conventional,Detroit,2026/06/14,1.191072088,676951.2031,190054.4058,138891.6716,75998.61753,272006.5082,190715.2469,50533.74375,29933.8943,823.6232212
Category,Weekly,21,Conventional,Grand Rapids,2026/05/24,1.078745621,308168.0454,77937.74786,53912.43241,47848.02326,128469.8419,110947.6577,17379.3375,5.5125,137.3342194
Category,Weekly,22,Conventional,Grand Rapids,2026/05/31,1.028223424,311265.4958,83607.54791,47713.83538,44414.42016,135529.6923,115997.1874,18329.0625,2.75625,1200.686139
Category,Weekly,23,Conventional,Grand Rapids,2026/06/07,1.01169137,349537.4788,69188.17892,80139.07766,77194.71217,123015.5101,110592.754,12120.54375,2.75625,299.4560504
Category,Weekly,24,Conventional,Grand Rapids,2026/06/14,1.145870743,311471.2583,57155.31567,76114.65719,68147.01833,110054.2671,91354.25677,18406.7625,0,293.247859
Category,Weekly,21,Conventional,Harrisburg/Scranton,2026/05/24,0.981356299,684632.0582,288871.7656,111084.7958,536.0918161,284139.405,241254.5696,24141.12279,14871.50704,3872.205601
Category,Weekly,22,Conventional,Harrisburg/Scranton,2026/05/31,0.983251568,655868.778,310490.658,83507.91578,493.090561,261377.1137,228013.7926,16275.84205,14015.89223,3071.586775
Category,Weekly,23,Conventional,Harrisburg/Scranton,2026/06/07,1.021731197,626860.0373,288935.1759,66098.60123,291.5398171,271534.7203,231426.9095,18865.08172,17679.88565,3562.843453
Category,Weekly,24,Conventional,Harrisburg/Scranton,2026/06/14,1.057460058,615532.6004,295048.1765,66585.88754,254.4412625,253644.0951,216939.5514,15852.78545,17332.9966,3518.761692
Category,Weekly,21,Conventional,Hartford/Springfield,2026/05/24,1.039015314,606934.2575,111038.9647,251967.7994,1131.434073,242796.0593,228744.4998,9282.39375,1442.127472,3327.038291
Category,Weekly,22,Conventional,Hartford/Springfield,2026/05/31,0.943044261,658407.656,144161.5685,291154.5985,592.2887164,222499.2003,202925.0843,15708.91875,845.2367801,3019.960458
Category,Weekly,23,Conventional,Hartford/Springfield,2026/06/07,1.206321874,558817.6425,115347.9872,191138.4502,323.7808437,252007.4242,229745.3445,10009.9125,9180.599888,3071.567402
Category,Weekly,24,Conventional,Hartford/Springfield,2026/06/14,1.100464829,614563.0884,106986.4565,276287.5311,318.9830001,230970.1178,203062.6466,9809.23125,10038.46926,8059.770688
Category,Weekly,21,Conventional,Houston,2026/05/24,0.869461662,1378219.708,685515.1579,153620.1383,528.6151799,538555.7971,467142.0074,25228.35,33943.50885,12241.93086
Category,Weekly,22,Conventional,Houston,2026/05/31,0.898358696,1370322.713,632961.2338,222414.1724,906.949598,514040.3567,463923.2536,21265.65,17281.6143,11569.83879
Category,Weekly,23,Conventional,Houston,2026/06/07,0.94572763,1289433.194,629093.7813,192722.5518,707.0194943,466909.8419,406439.4105,33568.10625,14062.5136,12839.81153
Category,Weekly,24,Conventional,Houston,2026/06/14,0.980306976,1229814.815,607048.1894,243419.8988,555.5681415,378791.159,308181.8658,45545.45625,12644.71498,12419.12206
Category,Weekly,21,Conventional,Indianapolis,2026/05/24,0.995452203,455825.1469,168668.3202,85524.93655,16516.52156,185115.3686,166937.3432,14082.99375,562.275,3532.756681
Category,Weekly,22,Conventional,Indianapolis,2026/05/31,0.922508564,438572.179,157821.0327,90586.33824,17088.51555,173076.2925,154131.7001,8794.5375,5513.55,4636.504915
Category,Weekly,23,Conventional,Indianapolis,2026/06/07,0.93265501,427991.5047,175314.2649,68934.10367,26936.70824,156806.4279,140709.8595,2848.125,7080.80625,6167.63709
Category,Weekly,24,Conventional,Indianapolis,2026/06/14,0.980043617,441859.5256,212880.7041,51738.04852,20628.19581,156612.5772,131250.0083,24582.075,381.54375,398.9500758
Category,Weekly,21,Conventional,Jacksonville,2026/05/24,0.850689605,412048.7137,233755.4625,7937.863846,27.99521935,170327.3922,133515.7421,31750.95,88.2,4972.500094
Category,Weekly,22,Conventional,Jacksonville,2026/05/31,0.825881434,399999.5784,232385.8412,5251.562036,29.05059973,162333.1246,138841.3657,19481.175,96.46875,3914.115105
Category,Weekly,23,Conventional,Jacksonville,2026/06/07,0.918000183,366201.7295,215304.0356,5134.421,30.49563908,145732.7773,117523.1524,26475.225,101.98125,1632.418684
Category,Weekly,24,Conventional,Jacksonville,2026/06/14,0.936634503,366800.1529,215888.6812,4485.153776,43.63476935,146382.6832,127750.0792,14703.15,126.7875,3802.666445
Category,Weekly,21,Conventional,Kansas City,2026/05/24,0.921443377,368324.8489,173793.704,53951.73654,11446.77288,129132.6355,98290.50666,15862.6125,597.5274367,14381.98889
Category,Weekly,22,Conventional,Kansas City,2026/05/31,0.931117272,394563.1316,183081.0152,70830.40299,10295.31949,130356.394,107034.9174,9770.775,636.6722536,12914.02926
Category,Weekly,23,Conventional,Kansas City,2026/06/07,1.043235819,383171.9717,168192.5341,58135.76915,9821.832511,147021.836,128250.3209,3569.2125,2531.483457,12670.81914
Category,Weekly,24,Conventional,Kansas City,2026/06/14,1.067730367,426814.9,204226.5909,52859.18423,6725.292464,163003.8324,140447.8272,886.9875,8641.015397,13028.00234
Category,Weekly,21,Conventional,Knoxville,2026/05/24,1.05232036,171081.9839,90699.4698,26288.56869,8.674298114,54085.27109,40308.64008,8549.8875,295.2487453,4931.494762
Category,Weekly,22,Conventional,Knoxville,2026/05/31,1.019687586,169959.724,87196.38779,24206.33383,28.17857036,58528.8238,47322.22779,8139.8625,141.7927666,2924.94074
Category,Weekly,23,Conventional,Knoxville,2026/06/07,0.995707249,179935.1348,92083.4356,21627.35793,18.42727813,66205.91402,55400.09791,9698.0625,219.2550348,888.4985793
Category,Weekly,24,Conventional,Knoxville,2026/06/14,1.080175815,173472.3058,84912.61988,23243.29651,1.88999995,65314.49936,52404.56111,11750.8125,354.5572129,804.5685422
Category,Weekly,21,Conventional,Las Vegas,2026/05/24,0.971216649,594389.672,193130.2407,94250.9044,240.1938868,306768.3331,293901.6098,1198.363032,8530.85625,3137.503939
Category,Weekly,22,Conventional,Las Vegas,2026/05/31,0.998712497,574705.4385,190246.982,104282.7274,199.958778,279975.7704,267210.9394,1729.437324,8310.75,2724.643636
Category,Weekly,23,Conventional,Las Vegas,2026/06/07,1.049588386,575407.0798,224726.1651,89784.49217,249.9331829,260646.4893,237482.5215,12555.17488,7477.05,3131.742962
Category,Weekly,24,Conventional,Las Vegas,2026/06/14,1.221119555,535254.0796,211455.0345,67989.51994,425.9455439,255383.5797,238034.2387,8028.048384,6481.9125,2839.380043
Category,Weekly,21,Conventional,Los Angeles,2026/05/24,1.121542048,4779277.73,2057369.705,102574.1014,546177.6576,2073156.266,1683648.839,172694.7217,74855.76194,141956.9437
Category,Weekly,22,Conventional,Los Angeles,2026/05/31,1.160199219,4492554.047,1886806.339,80589.06468,701707.485,1823451.158,1494479.944,133584.491,69737.76596,125648.9569
Category,Weekly,23,Conventional,Los Angeles,2026/06/07,1.238708917,4509686.811,2067117.768,82219.91076,535028.2156,1825320.917,1429394.224,119276.021,126929.7478,149720.9243
Category,Weekly,24,Conventional,Los Angeles,2026/06/14,1.334391594,4258086.406,1986137.212,89158.37126,484821.4308,1697969.392,1277603.57,112190.6476,157529.6286,150645.5459
Category,Weekly,21,Conventional,Louisville,2026/05/24,1.110251282,202660.3623,77089.94147,37825.3383,3544.604801,84200.4777,63532.24446,20351.8875,169.18125,147.1644873
Category,Weekly,22,Conventional,Louisville,2026/05/31,1.103139033,196200.4557,75243.39831,39536.05475,3362.476873,78058.52577,66503.29965,11203.7625,156.975,194.4886156
Category,Weekly,23,Conventional,Louisville,2026/06/07,1.090406775,203830.9083,84341.45573,32764.17894,6659.821121,80065.45248,65841.8162,13768.9125,248.0625,206.6612781
Category,Weekly,24,Conventional,Louisville,2026/06/14,1.157321909,199843.4577,73529.89687,35253.2719,5211.626798,85848.66212,70392.18991,15086.4,230.475,139.5972087
Category,Weekly,21,Conventional,Miami/FT. Lauderdale,2026/05/24,0.8584848,1970708.996,1061618.807,30820.22275,49.88621114,878220.0797,682210.0809,165531.7125,375.6375,30102.6488
Category,Weekly,22,Conventional,Miami/FT. Lauderdale,2026/05/31,0.841096378,1925284.669,1026984.967,29050.55836,34.44890088,869214.6944,700094.9161,143105.2875,404.38125,25610.10956
Category,Weekly,23,Conventional,Miami/FT. Lauderdale,2026/06/07,0.907805232,1931185.581,1059440.874,17014.82687,18.29570241,854711.5835,687681.7786,152347.125,454.78125,14227.89867
Category,Weekly,24,Conventional,Miami/FT. Lauderdale,2026/06/14,0.938861329,1834174.957,1030557.02,14223.08045,25.66559638,789369.1917,674374.5144,91289.625,478.0125,23227.03981
Category,Weekly,21,Conventional,Milwaukee,2026/05/24,1.061545037,466677.5224,190545.6007,93882.98465,6860.659573,175388.2775,133757.9174,19321.8375,5812.763695,16495.75891
Category,Weekly,22,Conventional,Milwaukee,2026/05/31,1.049338116,492075.6206,222348.9297,99997.42257,6880.588661,162848.6796,131834.807,11806.725,5401.904109,13805.24348
Category,Weekly,23,Conventional,Milwaukee,2026/06/07,1.119611803,473410.5526,198088.8274,95239.30261,12261.97724,167820.4454,121436.273,13568.3625,16295.57531,16520.23462
Category,Weekly,24,Conventional,Milwaukee,2026/06/14,1.214152622,440937.0865,180847.5752,88408.60608,11205.19642,160475.7088,111589.6226,16653,20146.0635,12087.02266
Category,Weekly,21,Conventional,Minneapolis,2026/05/24,0.934822519,721777.2581,285550.2866,47821.78387,2494.97624,385910.2115,334542.2846,11752.65,4729.725,34885.55182
Category,Weekly,22,Conventional,Minneapolis,2026/05/31,0.92774167,713755.1413,313410.1891,51489.04154,2467.066483,346388.8442,294399.9067,11524.8,4746.65625,35717.48119
Category,Weekly,23,Conventional,Minneapolis,2026/06/07,1.095367914,657676.6768,270820.1921,49905.5346,1802.928982,335148.0211,282533.6781,12967.2375,5158.51875,34488.58679
Category,Weekly,24,Conventional,Minneapolis,2026/06/14,1.222004523,636722.05,269630.7583,46573.00395,1804.268126,318714.0197,266706.323,10882.9875,5129.38125,35995.32796
Category,Weekly,21,Conventional,Nashville,2026/05/24,0.937338118,498493.6648,272397.3319,43978.12138,53.02878959,182065.1827,131124.7773,48048,66.15,2826.255404
Category,Weekly,22,Conventional,Nashville,2026/05/31,0.942840533,474951.4808,243500.1692,46278.10928,12.99470911,185160.2076,145443.1037,37195.725,8.26875,2513.110145
Category,Weekly,23,Conventional,Nashville,2026/06/07,0.980636453,455091.421,249451.1486,38085.50309,9.65267704,167545.1166,137323.7458,27391.35,8.6625,2821.358298
Category,Weekly,24,Conventional,Nashville,2026/06/14,1.019705045,470584.2726,243091.4977,41591.69118,13.93659256,185887.1471,150122.4667,32910.9375,11.41875,2842.324141
Category,Weekly,21,Conventional,Northern New England,2026/05/24,0.99825217,697642.8459,314086.0287,203194.4559,141.5861827,180220.7751,162747.2959,15351.27376,285.6940129,1836.511417
Category,Weekly,22,Conventional,Northern New England,2026/05/31,1.049831204,657103.7112,307334.6976,193837.3709,248.9183008,155682.7244,140713.8318,12940.65811,395.9460761,1632.288436
Category,Weekly,23,Conventional,Northern New England,2026/06/07,0.973853722,836814.7738,455462.397,238387.3157,180.8724486,142784.1886,124584.1056,16117.98101,272.4611069,1809.640931
Category,Weekly,24,Conventional,Northern New England,2026/06/14,1.076784482,642046.4089,312864.5065,182357.0417,182.5949213,146642.2658,131616.8093,12760.91389,466.9334312,1797.60918
Category,Weekly,21,Conventional,New Orleans/Mobile,2026/05/24,0.761949238,477653.8857,266887.7116,9617.55783,172.7358081,200975.8804,110677.8276,88773.69375,33.46875,1490.890293
Category,Weekly,22,Conventional,New Orleans/Mobile,2026/05/31,0.759602574,455152.0779,239630.5383,12329.703,560.839214,202630.9974,118217.9911,82790.1375,38.5875,1584.281331
Category,Weekly,23,Conventional,New Orleans/Mobile,2026/06/07,0.822166197,460943.9787,251387.7174,13477.61332,561.4943538,195517.1536,122369.0901,71467.725,110.25,1570.088482
Category,Weekly,24,Conventional,New Orleans/Mobile,2026/06/14,0.9500284,420101.4673,237867.1534,7353.93693,81.67639168,174798.7006,98421.68645,74790.45,689.85,896.7141305
Category,Weekly,21,Conventional,New York,2026/05/24,1.042317277,3793088.29,548564.6537,1213209.728,20994.77743,2010319.131,1759628.571,155845.261,35055.17601,59790.12279
Category,Weekly,22,Conventional,New York,2026/05/31,0.955810208,3900501.278,652601.3595,1315125.135,20562.15446,1912212.629,1650171.059,175661.2257,34068.01519,52312.32932
Category,Weekly,23,Conventional,New York,2026/06/07,1.102031554,3461347.681,572634.6818,734919.6378,17185.79169,2136607.569,1790279,163687.1663,121661.1299,60980.27323
Category,Weekly,24,Conventional,New York,2026/06/14,1.045495428,3618281.062,555827.8738,1134163.767,14466.84802,1913822.573,1584844.266,85364.51594,156945.5122,86668.27908
Category,Weekly,21,Conventional,Omaha,2026/05/24,0.917210884,219228.0932,114067.4014,25059.65542,69.76002946,80031.2763,64435.35,8246.7,1821.596566,5527.629734
Category,Weekly,22,Conventional,Omaha,2026/05/31,0.900446874,232196.2256,119458.4248,33485.73387,160.0306799,79092.03617,64759.5375,6665.4,2080.544081,5586.554592
Category,Weekly,23,Conventional,Omaha,2026/06/07,0.957204681,243400.541,123570.0228,28926.41953,74.96787397,90829.13079,72688.74375,9006.375,3260.22672,5873.785317
Category,Weekly,24,Conventional,Omaha,2026/06/14,1.050876535,245847.9129,130585.3669,24235.59215,36.14968311,90990.80423,74045.93539,6569.85,4910.115138,5464.903702
Category,Weekly,21,Conventional,Orlando,2026/05/24,0.797106215,1112940.977,562480.3038,22180.36169,7.268595278,528273.0434,448602.5782,65289.2625,498.88125,13882.32136
Category,Weekly,22,Conventional,Orlando,2026/05/31,0.79278879,1073217.829,549496.0477,17027.29155,12.5104901,506681.9794,432371.6652,61926.6375,526.44375,11857.23298
Category,Weekly,23,Conventional,Orlando,2026/06/07,0.851239106,1076271.153,564142.5314,13752.60624,5.782941467,498370.2323,423403.37,65027.8125,606.76875,9332.281022
Category,Weekly,24,Conventional,Orlando,2026/06/14,0.901677511,985676.7611,501567.1808,10963.47293,12.00133543,473134.106,415664.9667,44318.26875,607.55625,12543.31426
Category,Weekly,21,Conventional,Peoria/Springfield,2026/05/24,0.844509025,223645.3719,125064.7093,21386.43958,4483.477928,72710.74512,63539.66591,7285.95,19.29375,1865.835459
Category,Weekly,22,Conventional,Peoria/Springfield,2026/05/31,0.798413804,239485.3998,138197.6877,21705.14784,4394.138835,75188.42546,66948.86684,6927.1125,207.1125,1105.333627
Category,Weekly,23,Conventional,Peoria/Springfield,2026/06/07,0.847075502,224678.4109,125733.7697,18803.88665,7738.248949,72402.50561,61831.43262,8424.675,497.30625,1649.091743
Category,Weekly,24,Conventional,Peoria/Springfield,2026/06/14,0.915468019,219400.2066,130463.0248,15988.89747,6964.332763,65983.95153,57818.87387,5230.3125,2132.55,802.2151607
Category,Weekly,21,Conventional,Philadelphia,2026/05/24,0.985631397,1049132.874,341376.3306,187662.8287,2962.40426,517131.31,431847.7091,55392.32605,14291.34803,15599.92681
Category,Weekly,22,Conventional,Philadelphia,2026/05/31,0.958093425,1049447.434,367127.2488,158164.7866,3103.408761,521051.9902,452636.5686,39790.03891,14283.83329,14341.54942
Category,Weekly,23,Conventional,Philadelphia,2026/06/07,1.016412249,1022562.642,360649.6494,127420.3293,1967.204889,532525.4581,454051.6248,39961.21187,23369.21607,15143.40541
Category,Weekly,24,Conventional,Philadelphia,2026/06/14,1.029847693,997890.7139,362744.542,130054.9349,1621.514805,503469.7221,435922.3159,22650.37247,29842.45066,15054.58315
Category,Weekly,21,Conventional,Phoenix/Tucson,2026/05/24,1.039888095,1653751.533,725913.7534,313166.5328,4786.378305,609884.8686,536604.8063,36272.775,20119.8375,16887.44984
Category,Weekly,22,Conventional,Phoenix/Tucson,2026/05/31,1.079942428,1595151.112,697060.0815,328617.4361,4439.91627,565033.6782,515244.6847,10939.12862,21161.57294,17688.29194
Category,Weekly,23,Conventional,Phoenix/Tucson,2026/06/07,1.057418816,1634882.173,802217.2654,273999.6549,5520.263114,553144.99,492655.8843,21857.02605,19850.11875,18781.9609
Category,Weekly,24,Conventional,Phoenix/Tucson,2026/06/14,1.149011774,1531133.79,776206.6252,197706.6313,9137.481072,548083.0519,483793.5707,22149.33453,22882.3875,19257.75917
Category,Weekly,21,Conventional,Pittsburgh,2026/05/24,0.93853343,283703.4187,133321.674,24593.21937,36.24007631,125752.2852,106062.8994,14208.075,2.75625,5478.554547
Category,Weekly,22,Conventional,Pittsburgh,2026/05/31,0.939242359,286260.9209,142816.5224,26875.13951,26.78936607,116542.4696,100691.84,10591.0875,34.64844445,5224.893679
Category,Weekly,23,Conventional,Pittsburgh,2026/06/07,1.002569446,280057.1609,137633.5161,28032.12573,51.975002,114339.5441,96529.0307,12163.2,46.06738221,5601.24597
Category,Weekly,24,Conventional,Pittsburgh,2026/06/14,1.092101178,262509.3298,137378.9976,15611.6768,66.67744408,109451.9779,98401.3649,6353.94375,54.33195772,4642.337332
Category,Weekly,21,Conventional,Portland,2026/05/24,1.330854697,683238.9515,358104.2849,127709.7036,35129.17578,162295.7872,122150.1649,24061.14375,7539.548483,8544.930131
Category,Weekly,22,Conventional,Portland,2026/05/31,1.319599574,702912.9447,352356.6612,150100.0491,34938.24101,165517.9935,135596.4872,13402.725,8666.678703,7852.102597
Category,Weekly,23,Conventional,Portland,2026/06/07,1.34333123,706905.8209,370948.4506,130393.5766,37723.57961,167840.2141,112546.7266,28905.7125,16779.38459,9608.390429
Category,Weekly,24,Conventional,Portland,2026/06/14,1.314652124,696736.9949,361521.5779,155166.0452,38872.79245,141176.5794,103626.6966,10449.8625,18305.53876,8794.481507
Category,Weekly,21,Conventional,Providence,2026/05/24,1.013952026,139818.9958,58191.94671,46713.82521,5.6700001,34907.55387,33277.24895,1061.15625,2.75625,566.392425
Category,Weekly,22,Conventional,Providence,2026/05/31,0.862823733,174358.9213,64610.46788,76565.33934,0,33183.11406,31577.69726,1030.8375,0,574.5792985
Category,Weekly,23,Conventional,Providence,2026/06/07,1.08578116,152264.287,76522.11068,39692.92751,0,36049.24879,34053.32128,1427.7375,2.75625,565.4337606
Category,Weekly,24,Conventional,Providence,2026/06/14,0.931760824,160604.2791,57857.91676,70321.82353,8.200866345,32416.33792,30449.57525,1448.86875,0,517.8939163
Category,Weekly,21,Conventional,Raleigh/Greensboro,2026/05/24,0.987048312,781935.3781,296045.959,81037.98492,1014.95896,403836.4752,262017.4645,67859.73313,1092.626329,72866.65124
Category,Weekly,22,Conventional,Raleigh/Greensboro,2026/05/31,0.984078077,775687.9106,299370.5779,83107.04874,1141.554229,392068.7298,257217.9574,66694.00444,1440.189516,66716.57841
Category,Weekly,23,Conventional,Raleigh/Greensboro,2026/06/07,1.027091797,744234.8456,291835.4651,74558.54866,1004.115571,376836.7163,252580.8055,52160.70123,1114.288207,70980.92135
Category,Weekly,24,Conventional,Raleigh/Greensboro,2026/06/14,1.113109811,717623.9943,288234.4389,65847.46268,989.5000533,362552.5926,218688.8519,73297.6125,217.74375,70348.38449
Category,Weekly,21,Conventional,Richmond/Norfolk,2026/05/24,1.008341697,509237.4316,246999.98,48939.28815,497.537022,212800.6264,145413.0151,19334.62126,18140.9923,29911.99775
Category,Weekly,22,Conventional,Richmond/Norfolk,2026/05/31,1.022626948,500758.228,221983.9537,63142.71839,456.8583345,215174.6977,153911.3146,18987.36216,16954.54025,25321.48063
Category,Weekly,23,Conventional,Richmond/Norfolk,2026/06/07,1.039075957,508043.5716,220581.2669,62029.02698,436.0271029,224997.2506,165616.1486,18554.94971,15806.28,25019.87234
Category,Weekly,24,Conventional,Richmond/Norfolk,2026/06/14,1.118604427,486876.1808,219020.8359,66642.86908,385.0333982,200827.4424,144192.1442,19332.35272,13534.4072,23768.53824
Category,Weekly,21,Conventional,Roanoke,2026/05/24,0.967598314,272623.2638,156017.1066,26015.56257,29.49992072,90561.09467,65687.81549,7476.65625,370.5572988,17026.06563
Category,Weekly,22,Conventional,Roanoke,2026/05/31,1.003143967,257204.9633,139308.7493,33360.92484,40.09863789,84495.19051,62646.79112,6549.50625,527.9889423,14770.9042
Category,Weekly,23,Conventional,Roanoke,2026/06/07,1.013451797,261929.3505,140421.6236,30461.79894,63.69008981,90982.23783,70570.71138,6672.09375,506.7775823,13232.65511
Category,Weekly,24,Conventional,Roanoke,2026/06/14,1.104558553,262711.9871,131251.767,39537.27404,24.94556128,91898.00048,71124.92099,7155.4875,420.5592944,13197.0327
Category,Weekly,21,Conventional,Sacramento,2026/05/24,1.017719055,906772.4445,378709.6847,67356.06506,3639.669075,457067.0257,394763.5861,38246.11875,3846.354384,20210.96639
Category,Weekly,22,Conventional,Sacramento,2026/05/31,1.033695681,813416.1957,346234.8045,41653.36721,5032.926054,420495.098,361811.0834,35970.375,4430.009516,18283.63009
Category,Weekly,23,Conventional,Sacramento,2026/06/07,1.223931137,818843.1388,346358.6487,54165.83712,4664.256167,413654.3969,349135.537,33016.2,13534.47906,17968.18079
Category,Weekly,24,Conventional,Sacramento,2026/06/14,1.352565673,750796.7079,328075.6452,44149.75305,3219.182871,375352.1268,319855.7315,18314.1,11290.85223,25891.4431
Category,Weekly,21,Conventional,San Diego,2026/05/24,1.067972796,974875.8941,423872.9475,17591.02982,68221.78909,465190.1277,386617.5267,44546.67476,8965.067646,25060.85856
Category,Weekly,22,Conventional,San Diego,2026/05/31,1.110238361,915012.231,397366.3456,17057.43368,77529.70081,423058.7509,359478.8362,28459.04911,7349.782201,27771.08342
Category,Weekly,23,Conventional,San Diego,2026/06/07,1.128813496,953601.3014,424779.1578,16362.54796,65518.47309,446941.1226,360606.1032,35204.1602,13749.35227,37381.50689
Category,Weekly,24,Conventional,San Diego,2026/06/14,1.2849831,868822.6407,399652.8866,17663.14986,60661.68708,390844.9172,306847.7115,26240.28416,18262.40679,39494.51477
Category,Weekly,21,Conventional,San Francisco,2026/05/24,1.300515664,1340774.144,589692.4174,65546.93753,7832.502606,677702.2863,571733.5793,53812.5,9350.932296,42805.2748
Category,Weekly,22,Conventional,San Francisco,2026/05/31,1.194911125,1316386.19,628213.7831,45539.26532,10452.04371,632181.0974,548911.0632,32705.00625,9185.48141,41379.54653
Category,Weekly,23,Conventional,San Francisco,2026/06/07,1.406826624,1265574.257,545869.8416,68599.56963,10003.27691,641101.5684,532942.6463,56571.76875,11612.6478,39974.50554
Category,Weekly,24,Conventional,San Francisco,2026/06/14,1.49106859,1235990.62,583310.4394,78296.20752,6956.777685,567427.1953,480375.615,36165.28125,8645.059419,42241.23963
Category,Weekly,21,Conventional,Seattle,2026/05/24,1.355553058,671131.8527,300469.0879,131891.4924,48328.22323,190443.0491,132009.3976,32650.40625,9061.456217,16721.78907
Category,Weekly,22,Conventional,Seattle,2026/05/31,1.349251298,666218.2385,263381.7489,169629.052,41833.94652,191373.4911,143313.6962,21688.40625,9164.657435,17206.73123
Category,Weekly,23,Conventional,Seattle,2026/06/07,1.293217248,728407.0106,336602.1831,154771.7987,39579.85771,197453.1711,131773.3616,23381.6625,22755.40137,19542.7457
Category,Weekly,24,Conventional,Seattle,2026/06/14,1.49881425,652024.1586,272593.899,146268.9226,44621.58563,188539.7513,132444.376,9158.1,28521.66897,18415.60638
Category,Weekly,21,Conventional,Spokane,2026/05/24,1.159570418,114165.5764,49338.25259,11367.24071,9076.830539,44383.25257,39670.98657,3462.76875,703.9945642,545.502678
Category,Weekly,22,Conventional,Spokane,2026/05/31,1.168914817,115028.9788,48378.56215,12860.61059,7533.009301,46256.79675,41761.12566,3123.75,662.1964277,709.7246628
Category,Weekly,23,Conventional,Spokane,2026/06/07,1.139630224,111800.1351,57462.12546,11366.19672,7265.804831,35706.00809,29487.56853,3616.2,1773.402062,828.8374996
Category,Weekly,24,Conventional,Spokane,2026/06/14,1.218662012,108340.1229,49612.98445,12746.80222,8376.62707,37603.70919,30520.75082,3583.125,2270.924658,1228.908721
Category,Weekly,21,Conventional,St. Louis,2026/05/24,0.795412894,390972.3993,215995.7338,12967.17208,81.14406255,161928.3494,141808.7177,11719.18125,16.5375,8383.912973
Category,Weekly,22,Conventional,St. Louis,2026/05/31,0.735655122,445258.4797,282888.185,10418.53527,39.237813,151912.5216,138225.3632,8837.45625,5.5125,4844.189633
Category,Weekly,23,Conventional,St. Louis,2026/06/07,0.845810993,365705.0528,215634.2339,9527.205997,16.76785111,140526.845,122625.8344,13656.69375,27.5625,4216.754321
Category,Weekly,24,Conventional,St. Louis,2026/06/14,0.982870058,369497.9054,211174.1917,8336.683534,15.36797144,149971.6622,132329.0494,14833.35,94.10625,2715.156525
Category,Weekly,21,Conventional,Syracuse,2026/05/24,0.844670073,151486.5506,54624.93425,29724.10186,346.4101328,66791.10435,63503.82302,2037,32.42484727,1217.856489
Category,Weekly,22,Conventional,Syracuse,2026/05/31,0.878686998,152987.8734,66169.09656,24512.53015,384.3774176,61921.86923,58231.01883,2375.3625,54.68502819,1260.802876
Category,Weekly,23,Conventional,Syracuse,2026/06/07,0.886813757,151708.3976,64909.49649,21834.54231,317.6553607,64646.70348,59840.55993,3194.8875,52.08856602,1559.167488
Category,Weekly,24,Conventional,Syracuse,2026/06/14,0.965695284,140401.318,58276.26586,22902.46002,369.9331385,58852.65896,55453.91024,1844.85,102.7080166,1451.190703
Category,Weekly,21,Conventional,Tampa,2026/05/24,0.826004732,1046712.078,557014.0129,22954.38275,26.02206172,466717.6606,369213.3067,82703.25,366.58125,14434.52256
Category,Weekly,22,Conventional,Tampa,2026/05/31,0.814079498,1008852.23,547305.2469,16673.45764,15.79300361,444857.7325,359303.3794,72449.08125,327.99375,12777.2781
Category,Weekly,23,Conventional,Tampa,2026/06/07,0.867906602,986508.6143,538626.4789,19139.74081,4.934999925,428737.4595,338783.9423,84166.1625,468.5625,5318.792228
Category,Weekly,24,Conventional,Tampa,2026/06/14,0.921405891,925760.6002,496723.9409,14763.70509,4.724999875,414268.2293,356362.7357,45857.30625,482.34375,11565.8436
Category,Weekly,21,Conventional,Toledo,2026/05/24,1.058279747,203674.4796,93542.63218,36233.19937,9625.506772,64273.14124,49587.93822,13890.975,312.1468686,482.0811466
Category,Weekly,22,Conventional,Toledo,2026/05/31,1.029134258,197430.1659,81333.08275,42900.90067,8837.552986,64358.62952,49623.47189,12808.1625,1515.845793,411.1493393
Category,Weekly,23,Conventional,Toledo,2026/06/07,1.054231271,208545.2846,86908.24497,37132.3752,18704.61566,65800.04882,49917.37445,12272.00625,3076.120264,534.5478572
Category,Weekly,24,Conventional,Toledo,2026/06/14,1.122437006,199889.2568,90672.64523,35408.4336,12640.4508,61167.72715,47692.956,12335.26875,729.1885088,410.313889
Category,Weekly,21,Conventional,West Tex/New Mexico,2026/05/24,0.855865734,1102565.051,430679.9614,138289.6797,15401.14521,518194.2648,435813.0239,77493.15,4095.39375,792.6972035
Category,Weekly,22,Conventional,West Tex/New Mexico,2026/05/31,0.87833696,1042394.574,416917.373,107961.0913,20692.73245,496823.377,413620.1611,77058.1875,4040.6625,2104.365859
Category,Weekly,23,Conventional,West Tex/New Mexico,2026/06/07,0.949956434,1041416.54,438950.25,113279.952,14019.08013,475167.258,382885.2461,85140.5625,3944.19375,3197.255663
Category,Weekly,24,Conventional,West Tex/New Mexico,2026/06/14,1.070807499,940038.226,411784.0707,95996.90564,19414.48683,412842.7629,343695.8553,59437.875,4299.75,5409.282579
Category,Weekly,21,Conventional,Wichita,2026/05/24,0.97750062,138851.3576,85976.39825,21214.90323,0,31660.05613,19372.61002,6871.725,4635.989985,779.7311239
Category,Weekly,22,Conventional,Wichita,2026/05/31,0.952008715,141375.1202,91060.23203,19617.76537,1.05,30696.07276,20133.13035,5538.75,4245.77702,778.4153843
Category,Weekly,23,Conventional,Wichita,2026/06/07,0.983440196,147812.4639,89510.90988,16423.04486,6.267297147,41872.24189,28800.58668,4291.35,7877.732367,902.5728353
Category,Weekly,24,Conventional,Wichita,2026/06/14,1.060162337,156732.3329,87730.3783,19003.35092,2.032891434,49996.57078,33031.77461,5305.65,10865.05826,794.087917
Category,Weekly,21,Conventional,California,2026/05/24,1.129690909,10080017.16,4493788.824,363460.0694,704137.5871,4518630.677,3699035.103,401062.1222,128388.7746,290144.6771
Category,Weekly,22,Conventional,California,2026/05/31,1.137015927,9486386.644,4268432.555,257709.5722,882279.1412,4077965.376,3396220.325,291383.5382,120799.1779,269562.3347
Category,Weekly,23,Conventional,California,2026/06/07,1.245777085,9505136.395,4386399.748,326981.1931,689384.4132,4102371.04,3301062.771,295750.1981,209647.8818,295910.1894
Category,Weekly,24,Conventional,California,2026/06/14,1.348896448,9034561.366,4308458.135,339877.1823,618874.4332,3767351.615,2963667.395,236743.1512,237607.8921,329333.1763
Category,Weekly,21,Conventional,Great Lakes,2026/05/24,0.998141123,7132097.876,3191985.989,1023556.649,271834.7095,2644720.529,2171750.832,293208.3,48105.82998,131655.5662
Category,Weekly,22,Conventional,Great Lakes,2026/05/31,0.964539732,7327841.462,3295633.544,1037215.014,260436.1568,2734556.747,2333072.988,273515.9438,57915.43704,70052.37794
Category,Weekly,23,Conventional,Great Lakes,2026/06/07,1.013365936,7201109.322,3166679.014,1051866.933,466305.0163,2516258.359,2056051.101,273932.4,117158.7783,69116.07969
Category,Weekly,24,Conventional,Great Lakes,2026/06/14,1.092099682,6864194.856,3114235.451,992168.7923,385777.4922,2372013.121,1924063.263,276921.225,116747.021,54281.61192
Category,Weekly,21,Conventional,Midsouth,2026/05/24,0.994621871,7021356.293,3113504.468,700809.2152,14048.7933,3192993.817,2303489.087,437114.4547,65785.7127,386604.5623
Category,Weekly,22,Conventional,Midsouth,2026/05/31,0.974347719,6981414.985,3112443.344,779726.3114,14183.27034,3075062.059,2251690.135,429883.137,52499.63943,340989.1476
Category,Weekly,23,Conventional,Midsouth,2026/06/07,1.010938483,6894923.172,3097662.158,740320.7208,20286.09938,3036654.194,2301085.172,334863.9105,59406.8024,341298.3088
Category,Weekly,24,Conventional,Midsouth,2026/06/14,1.080140473,6711497.882,2989736.242,752088.9369,16147.9257,2953524.777,2188448.11,368792.2264,52153.31561,344131.1247
Category,Weekly,21,Conventional,Northeast,2026/05/24,1.009189757,9528209.764,2550796.242,2720958.781,30326.61513,4226128.127,3741319.576,302412.7831,70691.86021,111703.9076
Category,Weekly,22,Conventional,Northeast,2026/05/31,0.958452564,9760784.601,2790718.747,2948712.542,28839.55629,3992513.756,3516004.233,307367.369,68276.22887,100865.9251
Category,Weekly,23,Conventional,Northeast,2026/06/07,1.060595709,9280345.504,2972337.549,1986617.876,23581.72974,4297808.349,3689499.669,304344.7544,192988.2951,110975.6307
Category,Weekly,24,Conventional,Northeast,2026/06/14,1.044835369,9177442.141,2602530.775,2603703.241,20392.62402,3950815.501,3378532.222,190355.2584,241939.7371,139988.2834
Category,Weekly,21,Conventional,Plains,2026/05/24,0.880134095,3445638.688,1740815.899,309279.7891,17867.86559,1377675.135,1115270.58,146581.4438,18278.48194,97544.62905
Category,Weekly,22,Conventional,Plains,2026/05/31,0.867495796,3595103.462,1890444.365,396127.8279,16144.18253,1292387.086,1048553.08,128298.7125,17424.93148,98110.36227
Category,Weekly,23,Conventional,Plains,2026/06/07,0.971146998,3375554.224,1694643.803,347697.8674,14462.97157,1318749.583,1065422.301,128016.525,30469.13506,94841.62137
Category,Weekly,24,Conventional,Plains,2026/06/14,1.05112475,3444510.122,1814733.862,310595.7396,10877.00914,1308303.512,1052920.366,114945.2063,48418.9438,92018.99568
Category,Weekly,21,Conventional,South Central,2026/05/24,0.831350556,7415850.906,3594217.722,697500.3754,157350.1579,2966782.65,2467238.926,377103.7832,91094.53777,31345.40285
Category,Weekly,22,Conventional,South Central,2026/05/31,0.823824477,7540489.75,3577194.278,930491.5125,207280.0896,2825523.869,2380787.89,333260.8914,63793.85387,47681.23416
Category,Weekly,23,Conventional,South Central,2026/06/07,0.885051395,7337427.651,3575972.944,883275.6952,180727.1028,2697451.909,2228584.083,349832.9223,63828.1671,55206.73595
Category,Weekly,24,Conventional,South Central,2026/06/14,0.984852676,6797561.511,3480550.68,659861.0732,204530.015,2452619.743,1958268.135,380066.2345,60569.85265,53715.52106
Category,Weekly,21,Conventional,Southeast,2026/05/24,0.871138911,9538860.893,5254835.88,341983.667,1028.296663,3941013.049,3038635.545,731173.3228,17449.77453,153754.4062
Category,Weekly,22,Conventional,Southeast,2026/05/31,0.855587383,9224788.34,5123548.877,322271.8079,1093.110152,3777874.545,2960446.979,676242.4104,15682.32704,125502.8286
Category,Weekly,23,Conventional,Southeast,2026/06/07,0.926097581,9000624.181,5016396.91,302338.945,875.9774294,3681012.348,2911423.409,650667.2554,17872.71425,101048.9694
Category,Weekly,24,Conventional,Southeast,2026/06/14,0.979832563,8616104.683,4796533.857,298445.1619,772.5183791,3520353.146,2841566.622,534352.7522,19541.53962,124892.2321
Category,Weekly,21,Conventional,West,2026/05/24,1.105001816,8590452.782,3628230.9,1767766.759,174211.3368,3020243.786,2448472.646,349675.6995,150504.5756,71590.86501
Category,Weekly,22,Conventional,West,2026/05/31,1.122794394,8319831.494,3614885.284,1790190.181,156277.7094,2758478.32,2222564.659,329263.506,137408.9667,69241.18809
Category,Weekly,23,Conventional,West,2026/06/07,1.138352988,8613239.945,3997152.603,1581660.655,147307.4078,2887119.28,2227046.036,387612.127,187044.4702,85416.64598
Category,Weekly,24,Conventional,West,2026/06/14,1.226643437,8059095.196,3780558.052,1467767.944,162881.9334,2647887.266,2066560.074,292028.2257,200236.3656,89062.60063
Category,Weekly,21,Conventional,Total U.S.,2026/05/24,0.989689021,62752484.36,27568175.92,7925315.305,1370805.362,25888187.77,20985212.29,3038331.909,590299.5474,1274344.016
Category,Weekly,22,Conventional,Total U.S.,2026/05/31,0.973326819,62236640.74,27673300.99,8462444.769,1566533.216,24534361.76,20109340.29,2769215.508,533800.5623,1122005.398
Category,Weekly,23,Conventional,Total U.S.,2026/06/07,1.043390168,61208360.39,27907244.73,7220759.885,1542930.718,24537425.06,19780174.54,2725020.093,878416.2442,1153814.181
Category,Weekly,24,Conventional,Total U.S.,2026/06/14,1.110034372,58704967.76,26887337.05,7424508.072,1420253.951,22972868.68,18374026.19,2394204.28,977214.6675,1227423.546
Category,Weekly,21,Organic,5 Boroughs/New York City,2026/05/24,1.367199298,60945.33501,4117.506735,1780.138103,0,55047.69018,54187.60201,0,0,860.0881626
Category,Weekly,22,Organic,5 Boroughs/New York City,2026/05/31,1.476262615,59799.90705,7759.094402,2159.299218,0,49881.51343,49416.38199,0,0,465.1314322
Category,Weekly,23,Organic,5 Boroughs/New York City,2026/06/07,1.435124565,70911.92959,11470.56505,2413.274084,0,57028.09045,56992.74435,0,0,35.34610652
Category,Weekly,24,Organic,5 Boroughs/New York City,2026/06/14,1.550153127,57608.59696,6276.384681,2215.312565,0,49116.89972,49091.02491,0,0,25.87480382
Category,Weekly,21,Organic,Albany,2026/05/24,1.30013105,7751.760048,363.0466966,281.0390195,0,7107.674332,6909.757684,0,0,197.9166477
Category,Weekly,22,Organic,Albany,2026/05/31,1.398074107,6683.1642,349.6541213,159.6825736,0,6173.827505,5953.961275,0,0,219.8662305
Category,Weekly,23,Organic,Albany,2026/06/07,1.253390698,7488.935651,241.5197113,151.5357208,0,7095.880219,6862.335494,0,0,233.5447249
Category,Weekly,24,Organic,Albany,2026/06/14,1.387067102,7880.085501,335.3942548,201.0317397,0,7343.659506,7119.734976,0,0,223.9245304
Category,Weekly,21,Organic,Atlanta,2026/05/24,1.436160768,47840.44096,13866.43937,705.554423,0,33268.44716,33268.44716,0,0,0
Category,Weekly,22,Organic,Atlanta,2026/05/31,1.431297974,46188.64542,13872.03525,634.8736313,0,31681.73654,31681.73654,0,0,0
Category,Weekly,23,Organic,Atlanta,2026/06/07,1.401907422,44267.84517,13986.43233,774.7601233,0,29506.65272,29506.65272,0,0,0
Category,Weekly,24,Organic,Atlanta,2026/06/14,1.411966067,52221.3408,15507.0334,964.6664662,0,35749.64094,35749.64094,0,0,0
Category,Weekly,21,Organic,Baltimore/Washington,2026/05/24,1.44716347,153730.5082,639.3037884,12186.15146,162.6049558,140742.448,133962.1436,6689.31383,0,90.9906141
Category,Weekly,22,Organic,Baltimore/Washington,2026/05/31,1.531607312,124481.2043,636.3794421,10259.96745,168.3093295,113416.5481,105073.7816,6359.234176,0,1983.532301
Category,Weekly,23,Organic,Baltimore/Washington,2026/06/07,1.450104093,137415.7068,644.0717214,11034.36574,131.5644072,125605.7049,118074.8083,5708.69354,0,1822.203111
Category,Weekly,24,Organic,Baltimore/Washington,2026/06/14,1.539355629,125007.0901,692.929894,11012.57106,144.9383035,113156.6508,104434.5949,6162.168713,0,2559.88714
Category,Weekly,21,Organic,Birmingham/Montgomery,2026/05/24,1.458202908,20976.59279,697.04107,318.5162701,0,19961.03545,16726.09045,0,0,3234.945
Category,Weekly,22,Organic,Birmingham/Montgomery,2026/05/31,1.438493062,19686.65958,710.0561171,156.9333473,0,18819.67011,18150.62061,4.2,0,664.8495
Category,Weekly,23,Organic,Birmingham/Montgomery,2026/06/07,1.407485073,16727.47873,596.2481285,151.3460471,0,15979.88455,15941.51755,0,0,38.367
Category,Weekly,24,Organic,Birmingham/Montgomery,2026/06/14,1.41983881,19888.62494,685.1299375,140.3952599,0,19063.09975,19053.91225,0,0,9.1875
Category,Weekly,21,Organic,Boise,2026/05/24,2.060216185,7373.161043,847.0274691,3454.208613,0,3071.92496,3071.92496,0,0,0
Category,Weekly,22,Organic,Boise,2026/05/31,2.039483169,7178.012046,75.33792573,3642.858551,0,3459.815569,3459.815569,0,0,0
Category,Weekly,23,Organic,Boise,2026/06/07,2.072327552,7962.060309,20.77105739,4213.004621,0,3728.284631,3728.284631,0,0,0
Category,Weekly,24,Organic,Boise,2026/06/14,2.09883809,7564.22632,3.291706728,4167.342031,0,3393.592581,3393.592581,0,0,0
Category,Weekly,21,Organic,Boston,2026/05/24,1.488887372,53688.41772,343.2569105,2182.030774,0,51163.13004,50823.9159,0,0,339.2141349
Category,Weekly,22,Organic,Boston,2026/05/31,1.513059327,48325.8435,288.8160894,1860.013685,0,46177.01373,45826.11647,0,0,350.8972575
Category,Weekly,23,Organic,Boston,2026/06/07,1.514245392,51704.27024,216.0068274,2211.519644,0,49276.74377,48774.09089,0,0,502.6528788
Category,Weekly,24,Organic,Boston,2026/06/14,1.66359962,43745.74146,366.5026268,1499.19079,0,41880.04804,41633.80057,0,0,246.2474699
Category,Weekly,21,Organic,Buffalo/Rochester,2026/05/24,1.265726715,28325.91512,486.7022212,13.11243884,0,27826.10046,27051.20046,0,0,774.9
Category,Weekly,22,Organic,Buffalo/Rochester,2026/05/31,1.29006408,23053.98941,286.234221,28.42597724,0,22739.32921,22430.62921,0,0,308.7
Category,Weekly,23,Organic,Buffalo/Rochester,2026/06/07,1.25684021,27853.88253,425.4260358,12.27571076,0,27416.18078,27384.68078,0,0,31.5
Category,Weekly,24,Organic,Buffalo/Rochester,2026/06/14,1.319694532,28368.12886,517.8726256,31.18701201,0,27819.06922,27814.86922,0,0,4.2
Category,Weekly,21,Organic,Charlotte,2026/05/24,1.5498379,46921.89897,172.382504,2301.458158,195.174481,44252.88382,41134.38382,0,0,3118.5
Category,Weekly,22,Organic,Charlotte,2026/05/31,1.597692663,42045.24633,141.3084374,2457.274554,180.5034552,39266.15988,37924.25988,0,0,1341.9
Category,Weekly,23,Organic,Charlotte,2026/06/07,1.396029557,52751.5766,217.2603371,2627.190762,136.6742664,49770.45123,49757.85123,0,0,12.6
Category,Weekly,24,Organic,Charlotte,2026/06/14,1.606171148,43792.92011,633.4467031,2106.117137,205.4623049,40847.89396,40847.89396,0,0,0
Category,Weekly,21,Organic,Chicago,2026/05/24,1.488086185,71791.52102,106.9917067,21835.78156,0,49848.74775,49848.74775,0,0,0
Category,Weekly,22,Organic,Chicago,2026/05/31,1.505931245,70366.26534,225.663431,20212.01674,0,49928.58517,49928.58517,0,0,0
Category,Weekly,23,Organic,Chicago,2026/06/07,1.432351031,80996.09325,172.2632577,20752.98882,0,60070.84118,60070.84118,0,0,0
Category,Weekly,24,Organic,Chicago,2026/06/14,1.502443089,74946.8535,136.4486147,22320.51397,0,52489.89092,52489.89092,0,0,0
Category,Weekly,21,Organic,Cincinnati/Dayton,2026/05/24,1.691763777,24376.44535,442.862026,7634.868894,0,16298.71443,16298.71443,0,0,0
Category,Weekly,22,Organic,Cincinnati/Dayton,2026/05/31,1.774147864,24430.65222,531.0616729,8563.904631,0,15335.68591,15335.68591,0,0,0
Category,Weekly,23,Organic,Cincinnati/Dayton,2026/06/07,1.709392677,27922.98867,658.1555389,9522.577742,0,17742.25539,17742.25539,0,0,0
Category,Weekly,24,Organic,Cincinnati/Dayton,2026/06/14,1.717811221,27444.03317,643.2553481,8933.418141,0,17867.35968,17867.35968,0,0,0
Category,Weekly,21,Organic,Columbus,2026/05/24,1.573156818,17967.5005,624.8180553,3291.994385,0,14050.68806,14050.68806,0,0,0
Category,Weekly,22,Organic,Columbus,2026/05/31,1.606344084,16175.63153,794.6055122,2897.869304,0,12483.15672,12483.15672,0,0,0
Category,Weekly,23,Organic,Columbus,2026/06/07,1.478509169,22717.89031,1637.133061,3163.371454,0,17917.38579,17917.38579,0,0,0
Category,Weekly,24,Organic,Columbus,2026/06/14,1.523627617,22984.75393,954.1291862,3960.994373,0,18069.63038,18069.63038,0,0,0
Category,Weekly,21,Organic,Dallas/Ft. Worth,2026/05/24,1.482298732,59420.68223,17276.20403,566.4456841,0,41578.03252,40763.07329,0,0,814.9592346
Category,Weekly,22,Organic,Dallas/Ft. Worth,2026/05/31,1.459281367,50835.66578,17871.1336,467.5934446,0,32496.93874,31871.85274,0,0,625.086
Category,Weekly,23,Organic,Dallas/Ft. Worth,2026/06/07,1.379749756,53185.97422,19205.33862,548.1685053,0,33432.46709,33404.51609,0,0,27.951
Category,Weekly,24,Organic,Dallas/Ft. Worth,2026/06/14,1.389849519,60973.29929,21848.76279,553.1363758,0,38571.40012,38571.40012,0,0,0
Category,Weekly,21,Organic,Denver,2026/05/24,1.845378151,46589.73171,5120.014947,14613.19975,0,26856.51701,26856.51701,0,0,0
Category,Weekly,22,Organic,Denver,2026/05/31,1.92596602,46182.95968,4455.287396,15589.31035,0,26138.36194,26138.36194,0,0,0
Category,Weekly,23,Organic,Denver,2026/06/07,1.873894885,45902.13925,6138.997494,14356.51969,0,25406.62206,25406.62206,0,0,0
Category,Weekly,24,Organic,Denver,2026/06/14,1.609131556,130585.5421,5346.958372,102745.9076,0,22492.67612,22492.67612,0,0,0
Category,Weekly,21,Organic,Detroit,2026/05/24,1.343598091,33408.70701,9748.526805,389.0120566,0,23271.16815,23271.16815,0,0,0
Category,Weekly,22,Organic,Detroit,2026/05/31,1.365570955,30830.95973,9028.285958,353.4973811,0,21449.17639,21449.17639,0,0,0
Category,Weekly,23,Organic,Detroit,2026/06/07,1.322997358,34008.45234,10496.15687,305.1867958,0,23207.10868,23207.10868,0,0,0
Category,Weekly,24,Organic,Detroit,2026/06/14,1.342360076,33466.71323,9948.541247,272.937366,0,23245.23462,23245.23462,0,0,0
Category,Weekly,21,Organic,Grand Rapids,2026/05/24,1.451970194,9796.410126,4.606992037,319.1247367,0,9472.678398,9382.493789,0,0,90.18460851
Category,Weekly,22,Organic,Grand Rapids,2026/05/31,1.475484907,8857.948174,14.75531703,219.8723523,0,8623.320505,8536.373524,0,0,86.94698023
Category,Weekly,23,Organic,Grand Rapids,2026/06/07,1.351869887,9444.119948,5.875750907,219.833702,0,9218.410495,9158.847999,0,0,59.56249622
Category,Weekly,24,Organic,Grand Rapids,2026/06/14,1.402099559,9783.92057,4.930520457,222.1652615,0,9556.824788,9490.829048,0,0,65.99574004
Category,Weekly,21,Organic,Harrisburg/Scranton,2026/05/24,1.396440899,29776.5925,599.0336086,602.3267419,0,28575.23215,27955.2836,0,0,619.9485504
Category,Weekly,22,Organic,Harrisburg/Scranton,2026/05/31,1.436518365,26406.91919,433.5601022,725.7384584,0,25247.62063,25190.96677,0,0,56.65385755
Category,Weekly,23,Organic,Harrisburg/Scranton,2026/06/07,1.334473929,31624.23533,597.1889694,615.8158718,0,30411.23049,30388.34813,0,0,22.88236112
Category,Weekly,24,Organic,Harrisburg/Scranton,2026/06/14,1.457768121,34173.13556,315.5930879,714.1131562,0,33143.42932,33104.39455,0,0,39.0347703
Category,Weekly,21,Organic,Hartford/Springfield,2026/05/24,1.301381798,46348.81361,1460.348945,5447.193314,0,39441.27135,38640.37253,0,0,800.8988185
Category,Weekly,22,Organic,Hartford/Springfield,2026/05/31,1.362445675,36760.5016,965.1233776,4306.099717,0,31489.27851,30781.26618,0,0,708.0123268
Category,Weekly,23,Organic,Hartford/Springfield,2026/06/07,1.290773981,44893.99546,1373.90253,5272.810154,0,38247.28277,37873.9024,0,0,373.3803771
Category,Weekly,24,Organic,Hartford/Springfield,2026/06/14,1.408958682,32967.88382,853.208961,2623.908515,0,29490.76635,29266.31944,0,0,224.4469113
Category,Weekly,21,Organic,Houston,2026/05/24,1.264791561,38505.4198,13075.23248,581.6111534,0,24848.57617,24848.57617,0,0,0
Category,Weekly,22,Organic,Houston,2026/05/31,1.341145626,35502.57244,12961.15076,702.0283901,0,21839.39329,21839.39329,0,0,0
Category,Weekly,23,Organic,Houston,2026/06/07,1.281699152,33131.35176,11877.5488,579.661839,0,20674.14112,20674.14112,0,0,0
Category,Weekly,24,Organic,Houston,2026/06/14,1.328843442,33211.71183,12497.59093,718.5847052,0,19995.5362,19995.5362,0,0,0
Category,Weekly,21,Organic,Indianapolis,2026/05/24,1.57668827,14197.16015,211.9341028,2692.244366,0,11292.98169,11292.98169,0,0,0
Category,Weekly,22,Organic,Indianapolis,2026/05/31,1.49732418,17354.83942,530.2300703,2752.98804,0,14071.62131,14071.62131,0,0,0
Category,Weekly,23,Organic,Indianapolis,2026/06/07,1.38362441,22052.51381,1863.39661,2457.895165,0,17731.22204,17731.22204,0,0,0
Category,Weekly,24,Organic,Indianapolis,2026/06/14,1.41193091,21584.54261,212.145907,3440.160095,0,17932.23661,17932.23661,0,0,0
Category,Weekly,21,Organic,Jacksonville,2026/05/24,1.47141828,17106.87238,29.47881816,103.0516252,2.033021886,16972.30892,16968.37142,0,0,3.9375
Category,Weekly,22,Organic,Jacksonville,2026/05/31,1.504074407,16180.36538,45.74465093,127.496499,0,16007.12423,16001.87423,0,0,5.25
Category,Weekly,23,Organic,Jacksonville,2026/06/07,1.464865426,17110.55422,25.34151148,78.69403026,4.066085228,17002.45259,16998.51509,0,0,3.9375
Category,Weekly,24,Organic,Jacksonville,2026/06/14,1.520733465,15830.48165,54.35328121,113.7975751,2.032846148,15660.29795,15656.36045,0,0,3.9375
Category,Weekly,21,Organic,Kansas City,2026/05/24,1.090226315,58831.5372,112.2325107,1603.848609,0,57115.45608,57115.45608,0,0,0
Category,Weekly,22,Organic,Kansas City,2026/05/31,1.1644575,54478.52044,200.5104547,1516.107531,9.768734139,52752.13372,52752.13372,0,0,0
Category,Weekly,23,Organic,Kansas City,2026/06/07,1.312849996,33400.88116,223.4576363,1866.830932,15.60569219,31294.9869,31294.9869,0,0,0
Category,Weekly,24,Organic,Kansas City,2026/06/14,1.284133892,15081.14703,204.5779564,1579.926731,46.78464391,13249.8577,13249.8577,0,0,0
Category,Weekly,21,Organic,Knoxville,2026/05/24,1.644157384,9495.016364,1138.464551,1061.517242,0,7295.034571,5331.534571,0,0,1963.5
Category,Weekly,22,Organic,Knoxville,2026/05/31,1.584617394,9462.265817,1115.835682,823.3914885,0,7523.038647,6601.138647,0,0,921.9
Category,Weekly,23,Organic,Knoxville,2026/06/07,1.60409651,7684.961798,1176.269471,821.8756939,0,5686.816633,5674.216633,0,0,12.6
Category,Weekly,24,Organic,Knoxville,2026/06/14,1.651148683,7911.608174,1183.844346,663.0656338,0,6064.698193,6064.698193,0,0,0
Category,Weekly,21,Organic,Las Vegas,2026/05/24,1.545474731,22795.35982,6231.216017,2870.108592,0,13694.03521,13694.03521,0,0,0
Category,Weekly,22,Organic,Las Vegas,2026/05/31,1.541364144,21443.80809,3644.706739,2866.789827,0,14932.31152,14932.31152,0,0,0
Category,Weekly,23,Organic,Las Vegas,2026/06/07,1.487934033,26172.08276,7213.076216,2899.882264,0,16059.12427,16059.12427,0,0,0
Category,Weekly,24,Organic,Las Vegas,2026/06/14,1.522899174,25153.84027,7758.697676,3219.758295,0,14175.38429,14175.38429,0,0,0
Category,Weekly,21,Organic,Los Angeles,2026/05/24,1.618910972,263057.3514,67145.00184,12253.82203,1.43137732,183657.0962,183269.7851,0,0,387.3110676
Category,Weekly,22,Organic,Los Angeles,2026/05/31,1.614837411,267579.1619,65834.93332,11364.38296,7.152421044,190372.6932,189983.5867,0,0,389.1065826
Category,Weekly,23,Organic,Los Angeles,2026/06/07,1.696160499,268004.0086,69637.42355,9829.764259,5.72702874,188531.0937,188139.9017,0,0,391.1920509
Category,Weekly,24,Organic,Los Angeles,2026/06/14,1.757404921,270777.7497,70141.6986,12906.93086,1.431838408,187727.6884,187276.2101,0,0,451.4783627
Category,Weekly,21,Organic,Louisville,2026/05/24,1.801771401,9031.59623,1.085809189,2430.635699,0,6599.874722,6595.937222,0,0,3.9375
Category,Weekly,22,Organic,Louisville,2026/05/31,1.719175419,9766.529528,26.93024902,2474.990133,0,7264.609146,7256.734146,0,0,7.875
Category,Weekly,23,Organic,Louisville,2026/06/07,1.678692859,11847.05299,1477.444742,1943.539357,0,8426.068895,8423.443895,0,0,2.625
Category,Weekly,24,Organic,Louisville,2026/06/14,1.653289845,12450.2662,190.6483558,2828.201611,0,9431.416233,9431.416233,0,0,0
Category,Weekly,21,Organic,Miami/FT. Lauderdale,2026/05/24,1.371100431,124403.0111,204.6857456,423.15,0,123775.1753,123775.1753,0,0,0
Category,Weekly,22,Organic,Miami/FT. Lauderdale,2026/05/31,1.444134147,108643.8547,198.6935982,598.5,0,107846.6611,107846.6611,0,0,0
Category,Weekly,23,Organic,Miami/FT. Lauderdale,2026/06/07,1.340137047,114656.5157,63.27528094,693,0,113900.2405,113900.2405,0,0,0
Category,Weekly,24,Organic,Miami/FT. Lauderdale,2026/06/14,1.371533287,102820.1106,93.97962696,612.15,0,102113.981,102113.981,0,0,0
Category,Weekly,21,Organic,Milwaukee,2026/05/24,1.623642696,13405.12975,223.1943439,2787.623844,0,10394.31157,10394.31157,0,0,0
Category,Weekly,22,Organic,Milwaukee,2026/05/31,1.5333829,16063.15063,191.5477177,3106.66714,0,12764.93577,12764.93577,0,0,0
Category,Weekly,23,Organic,Milwaukee,2026/06/07,1.2921674,25386.54052,256.2872689,2809.883226,0,22320.37002,22320.37002,0,0,0
Category,Weekly,24,Organic,Milwaukee,2026/06/14,1.374059085,22823.18225,219.0405141,2771.293198,0,19832.84854,19832.84854,0,0,0
Category,Weekly,21,Organic,Minneapolis,2026/05/24,1.490655616,38277.68257,399.3896014,932.9105802,0,36945.38239,36945.38239,0,0,0
Category,Weekly,22,Organic,Minneapolis,2026/05/31,1.404480829,47008.61219,479.8843207,1021.339946,0,45507.38793,45507.38793,0,0,0
Category,Weekly,23,Organic,Minneapolis,2026/06/07,1.193504848,68341.2757,418.1825925,1219.799572,0,66703.29353,66703.29353,0,0,0
Category,Weekly,24,Organic,Minneapolis,2026/06/14,1.47028189,60977.15498,243.060128,1169.589572,0,59564.50528,59564.50528,0,0,0
Category,Weekly,21,Organic,Nashville,2026/05/24,1.53959589,23971.72203,424.6227846,2973.611451,0,20573.48779,20573.48779,0,0,0
Category,Weekly,22,Organic,Nashville,2026/05/31,1.588764978,20686.00083,454.9194728,2843.471554,0,17387.6098,17387.6098,0,0,0
Category,Weekly,23,Organic,Nashville,2026/06/07,1.534999532,24852.44692,1760.126192,2244.08589,0,20848.23484,20848.23484,0,0,0
Category,Weekly,24,Organic,Nashville,2026/06/14,1.558834692,23597.73928,603.2855148,2871.166816,0,20123.28695,20123.28695,0,0,0
Category,Weekly,21,Organic,Northern New England,2026/05/24,1.584692702,24294.73555,2850.518159,144.7736154,0,21299.44377,21250.94836,0,0,48.4954159
Category,Weekly,22,Organic,Northern New England,2026/05/31,1.635352413,21090.22938,2401.043863,124.392242,0,18564.79327,18512.25263,0,0,52.54064246
Category,Weekly,23,Organic,Northern New England,2026/06/07,1.567991791,23054.26771,1746.93975,200.2562194,0,21107.07174,21053.19456,0,0,53.87718022
Category,Weekly,24,Organic,Northern New England,2026/06/14,1.673259763,22272.67385,2557.112975,235.1141936,0,19480.44668,19431.95755,0,0,48.48912987
Category,Weekly,21,Organic,New Orleans/Mobile,2026/05/24,1.473305155,15073.65371,80.15346807,1.88999995,0,14991.61024,12747.90724,0,0,2243.703
Category,Weekly,22,Organic,New Orleans/Mobile,2026/05/31,1.443846968,17003.95024,188.3189259,14.1749995,0,16801.45631,15957.84431,0,0,843.612
Category,Weekly,23,Organic,New Orleans/Mobile,2026/06/07,1.299645014,14486.92084,257.2547337,0,0,14229.66611,14115.32111,0,0,114.345
Category,Weekly,24,Organic,New Orleans/Mobile,2026/06/14,1.306382062,15356.84449,257.9885375,12.08034932,0,15086.7756,15074.0706,0,0,12.705
Category,Weekly,21,Organic,New York,2026/05/24,1.445515704,224054.3428,17838.60824,13598.55336,0,192617.1812,179094.8618,3213.41979,0,10308.89957
Category,Weekly,22,Organic,New York,2026/05/31,1.477887885,202337.0729,14729.05378,11380.72718,0,176227.2919,169611.6485,2840.349077,0,3775.294292
Category,Weekly,23,Organic,New York,2026/06/07,1.459628614,232020.2177,20796.84039,12806.19728,0,198417.1801,195093.9115,2655.06615,0,668.2023791
Category,Weekly,24,Organic,New York,2026/06/14,1.582070028,208902.1632,12294.3138,12792.98351,0,183814.8659,180968.6986,2742.575333,0,103.5919302
Category,Weekly,21,Organic,Omaha,2026/05/24,1.142741101,38947.73321,776.4596874,958.5990289,0,37212.67449,37212.67449,0,0,0
Category,Weekly,22,Organic,Omaha,2026/05/31,1.188333765,34997.90996,974.2179454,1174.732605,0,32848.95941,32848.95941,0,0,0
Category,Weekly,23,Organic,Omaha,2026/06/07,1.376269283,21078.89189,1192.514476,1160.682895,0,18725.69451,18725.69451,0,0,0
Category,Weekly,24,Organic,Omaha,2026/06/14,1.400385063,9061.125482,1123.42396,1239.638954,0,6698.062568,6698.062568,0,0,0
Category,Weekly,21,Organic,Orlando,2026/05/24,1.333695098,42180.25795,85.46134518,105,0,41989.7966,41989.7966,0,0,0
Category,Weekly,22,Organic,Orlando,2026/05/31,1.440559161,45220.766,72.53343448,158.55,0,44989.68256,44989.68256,0,0,0
Category,Weekly,23,Organic,Orlando,2026/06/07,1.39540631,48147.70119,71.37532284,97.65,0,47978.67587,47978.67587,0,0,0
Category,Weekly,24,Organic,Orlando,2026/06/14,1.41138531,45572.85139,51.4248548,127.05,0,45394.37653,45394.37653,0,0,0
Category,Weekly,21,Organic,Peoria/Springfield,2026/05/24,1.38976485,9901.247007,11.7248196,961.1597956,0,8928.362392,8928.362392,0,0,0
Category,Weekly,22,Organic,Peoria/Springfield,2026/05/31,1.443209145,10038.81246,33.06960107,1020.057373,0,8985.685483,8985.685483,0,0,0
Category,Weekly,23,Organic,Peoria/Springfield,2026/06/07,1.416381199,11535.52712,234.7730129,1123.408845,11.88905424,10165.45621,10165.45621,0,0,0
Category,Weekly,24,Organic,Peoria/Springfield,2026/06/14,1.475968305,10349.64275,45.98629639,1667.098133,7.917247661,8628.641071,8628.641071,0,0,0
Category,Weekly,21,Organic,Philadelphia,2026/05/24,1.666654049,62129.07625,3123.173454,7325.239548,0,51680.66325,45915.17192,4020.170735,0,1745.320591
Category,Weekly,22,Organic,Philadelphia,2026/05/31,1.658345076,57566.63192,2640.365661,5569.044941,0,49357.22131,44905.38694,3782.238254,0,669.5961224
Category,Weekly,23,Organic,Philadelphia,2026/06/07,1.523503722,65595.30818,3753.447009,5334.93767,0,56506.9235,53160.06655,3126.80345,0,220.0534991
Category,Weekly,24,Organic,Philadelphia,2026/06/14,1.64371494,64302.77419,2425.210146,5693.885561,0,56183.67848,52549.06221,3480.084036,0,154.532231
Category,Weekly,21,Organic,Phoenix/Tucson,2026/05/24,1.475956642,53499.64032,15535.00258,6904.638804,0,31059.99893,31059.99893,0,0,0
Category,Weekly,22,Organic,Phoenix/Tucson,2026/05/31,1.475859633,53990.06309,16576.41299,6680.874822,0,30732.77527,30732.77527,0,0,0
Category,Weekly,23,Organic,Phoenix/Tucson,2026/06/07,1.444005487,59328.55678,21170.10514,6474.534141,0,31683.9175,31683.9175,0,0,0
Category,Weekly,24,Organic,Phoenix/Tucson,2026/06/14,1.453747135,62054.01359,22148.87239,7094.967009,0,32810.17418,32810.17418,0,0,0
Category,Weekly,21,Organic,Pittsburgh,2026/05/24,1.449440788,14472.00687,1435.971471,1.275077114,0,13034.76032,10854.96032,0,0,2179.8
Category,Weekly,22,Organic,Pittsburgh,2026/05/31,1.442908337,11099.21445,1332.317435,5.097466,0,9761.799546,9280.899546,0,0,480.9
Category,Weekly,23,Organic,Pittsburgh,2026/06/07,1.294033017,13644.68319,1230.641454,7.645575466,0,12406.39616,12406.39616,0,0,0
Category,Weekly,24,Organic,Pittsburgh,2026/06/14,1.377860517,15281.23422,1553.078396,5.093111294,0,13723.06272,13723.06272,0,0,0
Category,Weekly,21,Organic,Portland,2026/05/24,2.037176028,74036.5349,2181.505723,18137.67784,0,53717.35134,53717.35134,0,0,0
Category,Weekly,22,Organic,Portland,2026/05/31,2.121708805,65092.23846,2752.958088,17617.78211,0,44721.49826,44721.49826,0,0,0
Category,Weekly,23,Organic,Portland,2026/06/07,2.17340722,64180.68282,429.2946031,18122.27512,0,45629.11309,45629.11309,0,0,0
Category,Weekly,24,Organic,Portland,2026/06/14,2.24063054,64182.09636,315.9867472,19946.13394,0,43919.97567,43919.97567,0,0,0
Category,Weekly,21,Organic,Providence,2026/05/24,1.292208413,12185.32012,4.089028093,8.178056186,0,12173.05304,12166.99593,0,0,6.05710972
Category,Weekly,22,Organic,Providence,2026/05/31,1.338435996,10408.87833,9.535369893,16.34634826,0,10382.99662,10376.89892,0,0,6.097695887
Category,Weekly,23,Organic,Providence,2026/06/07,1.298118395,12295.04927,7.779500468,5.465690973,0,12281.80408,12269.64988,0,0,12.15419315
Category,Weekly,24,Organic,Providence,2026/06/14,1.502995376,8860.927478,10.52039967,7.572133371,0,8842.834945,8836.797329,0,0,6.037615907
Category,Weekly,21,Organic,Raleigh/Greensboro,2026/05/24,1.516192895,50605.22163,508.3453753,1689.655828,85.94930929,48321.27111,46874.37111,0,0,1446.9
Category,Weekly,22,Organic,Raleigh/Greensboro,2026/05/31,1.524373141,44316.0911,401.4496535,1464.195092,135.6325172,42314.81383,42077.51383,0,0,237.3
Category,Weekly,23,Organic,Raleigh/Greensboro,2026/06/07,1.374186985,57018.98249,461.4183243,2002.12057,114.9251638,54440.51843,54377.51843,0,0,63
Category,Weekly,24,Organic,Raleigh/Greensboro,2026/06/14,1.526219195,49938.62541,524.1742264,1789.331372,80.84675003,47544.27307,47195.67307,0,0,348.6
Category,Weekly,21,Organic,Richmond/Norfolk,2026/05/24,1.475623307,37665.5668,5.669999975,2668.111952,65.25574244,34926.52911,32102.02911,0,0,2824.5
Category,Weekly,22,Organic,Richmond/Norfolk,2026/05/31,1.47928942,32408.38578,33.82298904,2555.004458,55.05290235,29764.50543,29427.45543,0,0,337.05
Category,Weekly,23,Organic,Richmond/Norfolk,2026/06/07,1.38392456,38494.84592,1589.283643,1614.995647,57.09316561,35233.47347,35203.28597,0,0,30.1875
Category,Weekly,24,Organic,Richmond/Norfolk,2026/06/14,1.516001841,36488.95665,332.2430042,3041.571975,65.2285258,33049.91315,32999.25065,0,0,50.6625
Category,Weekly,21,Organic,Roanoke,2026/05/24,1.554485564,19218.19545,3.780000025,3154.058694,0,16060.35676,15602.55676,0,0,457.8
Category,Weekly,22,Organic,Roanoke,2026/05/31,1.583682953,18076.62153,66.15050105,3050.350944,0,14960.12009,14729.12009,0,0,231
Category,Weekly,23,Organic,Roanoke,2026/06/07,1.420110388,21243.05163,1943.401112,1612.21836,0,17687.43216,17662.23216,0,0,25.2
Category,Weekly,24,Organic,Roanoke,2026/06/14,1.618515935,18087.81787,382.958407,3352.146077,0,14352.71338,14352.71338,0,0,0
Category,Weekly,21,Organic,Sacramento,2026/05/24,1.706305997,32418.03649,4545.251207,166.0210582,0,27706.76422,27120.42143,0,0,586.3427975
Category,Weekly,22,Organic,Sacramento,2026/05/31,1.713480629,30701.10848,5143.478705,205.4056228,0,25352.22415,24221.44038,0,0,1130.783768
Category,Weekly,23,Organic,Sacramento,2026/06/07,1.72565263,36067.25801,5794.113349,184.6228891,0,30088.52177,29569.34254,0,0,519.1792229
Category,Weekly,24,Organic,Sacramento,2026/06/14,1.756972209,35613.06357,5618.286939,203.9474759,0,29790.82915,29641.80515,0,0,149.0240004
Category,Weekly,21,Organic,San Diego,2026/05/24,1.83387068,49037.11037,14424.02035,2643.101199,0,31969.98882,31622.47428,0,0,347.5145359
Category,Weekly,22,Organic,San Diego,2026/05/31,1.862841875,48684.07456,14931.93837,2483.533496,0,31268.60269,30921.9094,0,0,346.6932941
Category,Weekly,23,Organic,San Diego,2026/06/07,1.85101631,49307.96603,14822.99494,2062.392654,0,32422.57844,31844.23361,0,0,578.3448257
Category,Weekly,24,Organic,San Diego,2026/06/14,1.912238888,51863.38377,15893.20501,2769.441416,0,33200.73734,32795.34168,0,0,405.3956617
Category,Weekly,21,Organic,San Francisco,2026/05/24,1.694251285,171908.6145,13187.8243,1683.439201,0,157037.351,153121.8941,0,0,3915.45692
Category,Weekly,22,Organic,San Francisco,2026/05/31,1.74759074,176200.1686,16061.52875,1700.609852,0,158438.03,154369.396,0,0,4068.633969
Category,Weekly,23,Organic,San Francisco,2026/06/07,1.843257927,184843.4106,21758.47067,1702.259362,0,161382.6806,158465.174,0,0,2917.506607
Category,Weekly,24,Organic,San Francisco,2026/06/14,1.878374264,184542.2919,23707.23877,1532.303442,0,159302.7497,158612.5551,0,0,690.1945643
Category,Weekly,21,Organic,Seattle,2026/05/24,2.062981044,117006.7114,447.2725805,32982.09813,161.0636105,83416.27705,83416.27705,0,0,0
Category,Weekly,22,Organic,Seattle,2026/05/31,2.147421447,110255.6092,427.316747,32482.64377,158.6426729,77187.00599,77187.00599,0,0,0
Category,Weekly,23,Organic,Seattle,2026/06/07,2.219921544,110694.9528,305.456848,31866.08206,229.8417852,78293.57214,78293.57214,0,0,0
Category,Weekly,24,Organic,Seattle,2026/06/14,2.226383832,102256.2433,311.7035886,34091.83009,2.83500005,67849.87457,67849.87457,0,0,0
Category,Weekly,21,Organic,Spokane,2026/05/24,1.876604355,8709.352896,108.1584986,2489.895669,1.88999995,6109.408728,6109.408728,0,0,0
Category,Weekly,22,Organic,Spokane,2026/05/31,2.018572151,7194.465832,98.60163285,2461.272834,4.725,4629.866365,4629.866365,0,0,0
Category,Weekly,23,Organic,Spokane,2026/06/07,2.028585867,6333.350658,91.66499845,2099.990073,4.725,4136.970587,4136.970587,0,0,0
Category,Weekly,24,Organic,Spokane,2026/06/14,2.054675582,5421.785227,94.27514729,2505.506422,24.5699996,2797.433658,2797.433658,0,0,0
Category,Weekly,21,Organic,St. Louis,2026/05/24,1.258797841,27071.31958,5560.639956,1317.622905,0,20193.05672,20193.05672,0,0,0
Category,Weekly,22,Organic,St. Louis,2026/05/31,1.446904999,21538.79097,1210.126527,1974.91289,0,18353.75155,18353.75155,0,0,0
Category,Weekly,23,Organic,St. Louis,2026/06/07,1.403245313,26843.96035,1385.033974,2817.568514,6.627793496,22634.73007,22634.73007,0,0,0
Category,Weekly,24,Organic,St. Louis,2026/06/14,1.348607004,28533.37947,4382.775073,2525.499408,47.42770849,21577.67728,21577.67728,0,0,0
Category,Weekly,21,Organic,Syracuse,2026/05/24,1.233878092,11603.06415,226.533262,66.3234691,0,11310.20742,11259.28867,0,0,50.91874821
Category,Weekly,22,Organic,Syracuse,2026/05/31,1.29997519,9782.34419,211.9300652,55.54586861,0,9514.868256,9441.378807,0,0,73.48944857
Category,Weekly,23,Organic,Syracuse,2026/06/07,1.255486458,10855.54502,278.4288224,38.54254026,0,10538.57366,10454.03619,0,0,84.53746891
Category,Weekly,24,Organic,Syracuse,2026/06/14,1.322191667,10722.45693,410.8871048,68.85461772,0,10242.71521,10198.68116,0,0,44.03404637
Category,Weekly,21,Organic,Tampa,2026/05/24,1.503397218,33280.87766,114.8315346,89.25,0,33076.79613,33076.79613,0,0,0
Category,Weekly,22,Organic,Tampa,2026/05/31,1.512459832,37285.48641,81.66038056,123.9,0,37079.92603,37068.11353,0,0,11.8125
Category,Weekly,23,Organic,Tampa,2026/06/07,1.464790689,38406.71437,69.38452965,98.7,0,38238.62984,38228.12984,0,0,10.5
Category,Weekly,24,Organic,Tampa,2026/06/14,1.462499264,36267.16605,92.8229454,130.2,0,36044.1431,36036.2681,0,0,7.875
Category,Weekly,21,Organic,Toledo,2026/05/24,1.494764885,10546.1734,17.54134706,1556.966047,0,8971.666003,8757.466003,0,0,214.2
Category,Weekly,22,Organic,Toledo,2026/05/31,1.599363609,8099.401363,30.93887873,1318.604957,0,6749.857526,6680.557526,0,0,69.3
Category,Weekly,23,Organic,Toledo,2026/06/07,1.510858927,9549.230492,545.1463212,1294.917409,0,7709.166762,7709.166762,0,0,0
Category,Weekly,24,Organic,Toledo,2026/06/14,1.516828988,10583.92053,124.5198384,1766.889306,0,8692.511383,8692.511383,0,0,0
Category,Weekly,21,Organic,West Tex/New Mexico,2026/05/24,1.586210784,29759.8022,2883.708567,1323.875403,0,25552.21823,25552.21823,0,0,0
Category,Weekly,22,Organic,West Tex/New Mexico,2026/05/31,1.526514304,28371.3342,2329.300387,1357.974372,0,24684.05944,24684.05944,0,0,0
Category,Weekly,23,Organic,West Tex/New Mexico,2026/06/07,1.475986759,21939.13757,3227.45278,1313.286183,0,17398.39861,17398.39861,0,0,0
Category,Weekly,24,Organic,West Tex/New Mexico,2026/06/14,1.509146713,18986.32779,3053.57401,1068.427616,0,14864.32616,14864.32616,0,0,0
Category,Weekly,21,Organic,Wichita,2026/05/24,1.117195544,23975.49863,2520.610201,18.17809582,0,21436.71033,21436.71033,0,0,0
Category,Weekly,22,Organic,Wichita,2026/05/31,1.171172188,22133.62799,2515.822192,14.97374083,0,19602.83206,19602.83206,0,0,0
Category,Weekly,23,Organic,Wichita,2026/06/07,1.35211249,11389.45755,3162.663136,12.20756576,0,8214.586844,8214.586844,0,0,0
Category,Weekly,24,Organic,Wichita,2026/06/14,1.287058074,5950.633289,3058.478205,9.148011589,0,2883.007073,2883.007073,0,0,0
Category,Weekly,21,Organic,California,2026/05/24,1.674429679,625739.2651,122478.9375,18576.66506,1.513795442,484682.1487,476010.6725,0,0,8671.476227
Category,Weekly,22,Organic,California,2026/05/31,1.690007604,630599.8094,127002.6153,17371.30723,7.570413535,486218.3164,475970.7999,0,0,10247.51646
Category,Weekly,23,Organic,California,2026/06/07,1.766242244,652587.7164,138296.0143,15342.86771,6.05738278,498942.777,490913.9874,0,0,8028.789558
Category,Weekly,24,Organic,California,2026/06/14,1.81817979,656752.6938,141454.7579,19273.49459,1.515225231,496022.9261,492660.8394,0,0,3362.086605
Category,Weekly,21,Organic,Great Lakes,2026/05/24,1.483419147,293845.901,17982.36958,47200.97364,1.294592292,228661.2632,224715.8137,0,0,3945.449557
Category,Weekly,22,Organic,Great Lakes,2026/05/31,1.501240127,286929.8416,15483.60399,46487.61756,0,224958.62,223642.3715,0,0,1316.248516
Category,Weekly,23,Organic,Great Lakes,2026/06/07,1.390180751,354669.7004,21914.73393,47405.19486,16.2690172,285333.5026,285191.8183,0,0,141.6843114
Category,Weekly,24,Organic,Great Lakes,2026/06/14,1.437938119,340581.3485,18941.49816,52198.23812,34.72238991,269406.8898,269300.1928,0,0,106.6970876
Category,Weekly,21,Organic,Midsouth,2026/05/24,1.513496004,483035.5425,4114.521614,39035.98485,680.7334062,439204.3026,417947.392,7743.649121,0,13513.26155
Category,Weekly,22,Organic,Midsouth,2026/05/31,1.552357209,414687.3421,4330.308929,35703.57012,720.5528508,373932.9102,360276.4953,7350.131299,0,6306.283629
Category,Weekly,23,Organic,Midsouth,2026/06/07,1.432637834,481653.9347,13151.23982,32998.95679,568.6037246,434935.1343,426099.9606,6636.516915,0,2198.656821
Category,Weekly,24,Organic,Midsouth,2026/06/14,1.558053355,439209.8829,7285.840124,37970.74715,640.7686037,393312.527,382875.959,7187.509884,0,3249.058124
Category,Weekly,21,Organic,Northeast,2026/05/24,1.444073381,555808.7946,32209.51206,31498.34066,0,492100.9418,464828.6052,7256.407425,0,20015.92925
Category,Weekly,22,Organic,Northeast,2026/05/31,1.478527449,487846.7984,25643.93326,25523.06925,0,436679.7958,422459.5816,6714.505654,0,7505.708624
Category,Weekly,23,Organic,Northeast,2026/06/07,1.427417289,562268.7599,34250.5382,28350.3543,0,499667.8674,491213.7555,5910.089754,0,2544.022112
Category,Weekly,24,Organic,Northeast,2026/06/14,1.543054647,520708.053,23730.02073,25163.04419,1.937968178,471813.0501,464190.6497,6381.044833,0,1241.355544
Category,Weekly,21,Organic,Plains,2026/05/24,1.266747503,285328.2572,13729.31476,12977.80844,0,258621.134,258621.134,0,0,0
Category,Weekly,22,Organic,Plains,2026/05/31,1.306372185,272922.5524,9723.422523,15872.10176,11.44629849,247315.5819,247315.5819,0,0,0
Category,Weekly,23,Organic,Plains,2026/06/07,1.30250002,249715.2847,11565.00756,15960.90774,28.36581906,222161.0035,222161.0035,0,0,0
Category,Weekly,24,Organic,Plains,2026/06/14,1.411752007,194651.5665,13731.57502,16158.97627,133.5498702,164627.4654,164627.4654,0,0,0
Category,Weekly,21,Organic,South Central,2026/05/24,1.370230712,252145.5763,45773.19047,4005.111891,0,202367.274,192282.7406,0,0,10084.53339
Category,Weekly,22,Organic,South Central,2026/05/31,1.393237212,222075.0676,43775.07042,4742.266277,0,173557.7309,165841.8989,0,0,7715.832038
Category,Weekly,23,Organic,South Central,2026/06/07,1.364249556,186249.517,44600.64759,4136.889952,0,137511.9795,137311.4651,0,0,200.5144117
Category,Weekly,24,Organic,South Central,2026/06/14,1.36920942,184119.2001,46550.63939,4087.996178,0,133480.5646,133444.2825,31.44925368,0,4.832786742
Category,Weekly,21,Organic,Southeast,2026/05/24,1.431039688,452378.4072,23368.23554,4810.607962,113.8477668,424085.7159,408235.8976,8.26875,0,15841.5495
Category,Weekly,22,Organic,Southeast,2026/05/31,1.467457742,424707.825,22545.31631,5318.809859,113.3209572,396730.3779,391185.5904,4.2,0,5540.5875
Category,Weekly,23,Organic,Southeast,2026/06/07,1.387776477,436602.7225,23322.64174,5188.661154,100.9003823,407990.5193,407713.02,2.75625,0,274.743
Category,Weekly,24,Organic,Southeast,2026/06/14,1.427986086,424720.8157,26521.01757,4954.549613,119.8677472,393125.3808,393065.4258,0,0,59.955
Category,Weekly,21,Organic,West,2026/05/24,1.861352084,500979.4197,57988.90741,119075.2115,243.3223858,323671.9784,323624.0354,0,0,47.94297531
Category,Weekly,22,Organic,West,2026/05/31,1.906981456,475039.9515,53634.12178,119172.7789,284.4176364,301948.6331,301887.8669,0,0,60.76621206
Category,Weekly,23,Organic,West,2026/06/07,1.908696888,497576.9242,63055.6137,119808.1427,503.915635,314209.2522,314135.9201,0,0,73.3321003
Category,Weekly,24,Organic,West,2026/06/14,1.819962622,600816.0616,65685.3516,251097.2837,56.70016935,283976.7262,283933.0819,0,0,43.64426093
Category,Weekly,21,Organic,Total U.S.,2026/05/24,1.537767319,3449261.164,317644.9889,277180.704,1040.711947,2853394.759,2766266.291,15008.3253,0,72120.14245
Category,Weekly,22,Organic,Total U.S.,2026/05/31,1.572902583,3214809.188,302138.3925,270191.521,1137.308156,2641341.966,2588580.186,14068.83695,0,38692.94298
Category,Weekly,23,Organic,Total U.S.,2026/06/07,1.541299631,3421324.56,350156.4369,269191.9752,1224.111961,2800752.036,2774740.931,12549.36292,0,13461.74231
Category,Weekly,24,Organic,Total U.S.,2026/06/14,1.605944582,3361559.622,343900.7005,410904.3298,989.0619737,2605765.53,2584097.897,13600.00397,0,8067.629408
Category,Weekly,25,Conventional,5 Boroughs/New York City,2026/06/21,1.271924227,683882.2988,96943.85728,237059.603,2234.564729,347644.2739,288013.1359,15613.37857,17680.56603,26337.19336
Category,Weekly,26,Conventional,5 Boroughs/New York City,2026/06/28,1.275794996,667400.4092,80563.43603,268810.3636,2940.894333,315085.7153,260607.1344,17808,15360.38334,21310.19757
Category,Weekly,27,Conventional,5 Boroughs/New York City,2026/07/05,1.223479022,690257.8534,79292.23589,310978.3643,3795.190391,296192.0628,246267.7085,16049.25,13499.90431,20375.19999
Category,Weekly,28,Conventional,5 Boroughs/New York City,2026/07/12,1.263802454,670845.7813,119275.2015,238882.5863,6210.479024,306477.5145,260984.718,8282.925,16842.5151,20367.35642
Category,Weekly,25,Conventional,Albany,2026/06/21,0.980897596,169737.4384,66056.79935,58391.65143,218.9281117,45070.05954,40220.79283,2994.329124,780.2686284,1074.66896
Category,Weekly,26,Conventional,Albany,2026/06/28,0.965575534,157969.383,64386.90794,55451.62877,237.3020213,37893.54423,32778.18966,3408.0375,603.8055043,1103.511575
Category,Weekly,27,Conventional,Albany,2026/07/05,1.022491833,165313.6936,64723.5643,53956.60941,258.0862625,46375.43362,34453.15755,3849.5625,896.5798731,7176.133694
Category,Weekly,28,Conventional,Albany,2026/07/12,0.941388881,162850.4889,69892.21504,52310.50686,170.4170183,40477.34994,30990.45856,3568.509328,545.5462531,5372.83579
Category,Weekly,25,Conventional,Atlanta,2026/06/21,1.202333574,1050933.035,543228.8652,95703.95335,10.01116845,411990.2051,341597.3348,53685.24111,12274.27964,4433.349613
Category,Weekly,26,Conventional,Atlanta,2026/06/28,1.231159893,1053969.161,560835.0013,95541.23274,23.66272876,397569.2638,320414.3204,60849.6,5060.903027,11244.44037
Category,Weekly,27,Conventional,Atlanta,2026/07/05,1.119785625,1131308.711,603398.866,101319.1072,43.34984395,426547.3883,359714.0461,56226.45,2566.296756,8040.595396
Category,Weekly,28,Conventional,Atlanta,2026/07/12,1.068616698,1109293.571,602212.3207,90328.89591,46.55654049,416705.7984,333260.2603,77102.2875,2112.151149,4231.099413
Category,Weekly,25,Conventional,Baltimore/Washington,2026/06/21,1.17763207,1768073.584,597824.9244,165959.1437,2658.344634,1001631.171,839056.1311,80888.00106,19549.7282,62137.31056
Category,Weekly,26,Conventional,Baltimore/Washington,2026/06/28,1.174959221,1794657.223,627457.2295,178865.16,1819.71694,986515.1165,821975.399,87107.67076,16686.74834,60745.29848
Category,Weekly,27,Conventional,Baltimore/Washington,2026/07/05,1.118018008,1853137.401,600435.6326,182139.6157,2122.68676,1068439.466,916550.2445,67102.28689,18462.44557,66324.48864
Category,Weekly,28,Conventional,Baltimore/Washington,2026/07/12,1.025448411,1944494.911,735367.9362,183967.8987,2491.702203,1022667.374,860143.4056,88993.46862,23005.15049,50525.34904
Category,Weekly,25,Conventional,Birmingham/Montgomery,2026/06/21,0.974470641,494212.1465,309223.0813,10168.74379,16.28656601,174804.0348,137061.9034,34746.75525,697.642433,2297.73374
Category,Weekly,26,Conventional,Birmingham/Montgomery,2026/06/28,0.995284277,477739.8107,308920.5617,11129.08566,8.925,157681.2383,122084.3878,32000.0625,211.5043398,3385.283657
Category,Weekly,27,Conventional,Birmingham/Montgomery,2026/07/05,0.925435996,535492.4656,340110.4997,12298.30397,19.0202496,183064.6416,143705.51,35644.35,135.05625,3579.725385
Category,Weekly,28,Conventional,Birmingham/Montgomery,2026/07/12,0.907483667,456722.9698,290508.3323,11606.15983,10.39499997,154598.0826,125315.2175,26087.5125,810.3375,2385.015074
Category,Weekly,25,Conventional,Boise,2026/06/21,1.092951441,154341.0114,99482.62276,27190.9061,155.9725885,27511.50998,20866.52577,5065.884402,1278.185102,300.9147077
Category,Weekly,26,Conventional,Boise,2026/06/28,1.19079937,137902.3166,84151.30414,28324.47938,155.7286469,25270.80447,19898.7049,4333.35,767.9349536,270.8146122
Category,Weekly,27,Conventional,Boise,2026/07/05,1.120416721,164778.372,101237.336,35256.36912,234.6713539,28049.99551,21545.58018,5654.25,418.7628754,431.4024509
Category,Weekly,28,Conventional,Boise,2026/07/12,1.015180366,157113.4016,99790.05469,32914.89447,102.9658861,24305.48654,18083.39554,5596.5,212.8410843,412.749913
Category,Weekly,25,Conventional,Boston,2026/06/21,1.14279698,845107.2329,280610.0381,248704.9274,665.0859729,315127.1814,291848.9845,6886.063057,501.1860624,15890.9477
Category,Weekly,26,Conventional,Boston,2026/06/28,1.199191599,799474.8813,273182.0905,235081.9101,489.2032347,290721.6775,257788.1512,19746.68324,441.8756678,12744.96735
Category,Weekly,27,Conventional,Boston,2026/07/05,1.254089725,815181.0773,268739.0736,238083.7622,431.0672921,307927.1743,274975.3875,20534.97381,460.8789877,11955.93398
Category,Weekly,28,Conventional,Boston,2026/07/12,1.22641207,811494.0119,279978.9081,234065.2318,455.7227708,296994.1493,271488.1878,14921.81989,308.4861358,10275.65545
Category,Weekly,25,Conventional,Buffalo/Rochester,2026/06/21,0.956144062,305643.8686,109740.3525,26318.19721,1032.144927,168553.1739,159473.0209,5703.063898,2.75625,3374.33285
Category,Weekly,26,Conventional,Buffalo/Rochester,2026/06/28,0.928688613,275396.948,105168.2157,24662.78928,1155.033223,144410.9098,136720.7649,6985.25625,19.29375,685.5948507
Category,Weekly,27,Conventional,Buffalo/Rochester,2026/07/05,0.99969173,284284.5082,101578.0301,26573.32836,980.9054563,155152.2443,128583.7982,7608.43125,16.5375,18943.4774
Category,Weekly,28,Conventional,Buffalo/Rochester,2026/07/12,0.946878231,273390.3196,114105.2669,24854.03591,849.4423642,133581.5744,113227.215,5974.63125,2.75625,14376.97191
Category,Weekly,25,Conventional,Charlotte,2026/06/21,1.191394269,565703.7278,235526.4074,60410.90043,1521.679757,268244.7402,193079.895,30433.8219,259.0875,44471.9358
Category,Weekly,26,Conventional,Charlotte,2026/06/28,1.147560088,548763.3791,225686.5205,65243.1693,312.5266085,257521.1627,187145.7743,25911.375,162.61875,44301.39461
Category,Weekly,27,Conventional,Charlotte,2026/07/05,1.10567242,608081.1196,248307.8553,68328.63045,458.5606837,290986.0732,225759.3813,17143.35,113.00625,47970.33565
Category,Weekly,28,Conventional,Charlotte,2026/07/12,1.067409257,581054.1515,258132.7173,67922.95205,404.8926826,254593.5894,177380.2139,37280.5125,212.625,39720.23798
Category,Weekly,25,Conventional,Chicago,2026/06/21,1.157162265,1726792.47,889574.8148,186343.1545,15070.43509,635804.0655,550170.9863,59657.46001,5297.123865,20678.49526
Category,Weekly,26,Conventional,Chicago,2026/06/28,1.151825045,1691418.861,914985.6026,166702.3538,15158.08623,594572.818,528850.5711,44608.9875,1826.497577,19286.76181
Category,Weekly,27,Conventional,Chicago,2026/07/05,1.08338625,1908040.887,947216.2799,198783.9915,24122.93912,737917.6767,663188.5966,52727.325,1487.15689,20514.59824
Category,Weekly,28,Conventional,Chicago,2026/07/12,1.01344305,1827746.951,974541.8882,168097.8054,21783.2937,663323.9633,612254.7655,31039.05,1577.75625,18452.39153
Category,Weekly,25,Conventional,Cincinnati/Dayton,2026/06/21,1.307781396,380303.581,174734.0353,86612.2776,5813.335106,113143.933,77827.54235,20970.53111,13941.67576,404.1837723
Category,Weekly,26,Conventional,Cincinnati/Dayton,2026/06/28,1.34937357,372183.3394,165047.1695,91863.42318,6235.44818,109037.2986,92089.92004,13463.3625,3107.464483,376.5515571
Category,Weekly,27,Conventional,Cincinnati/Dayton,2026/07/05,1.346479269,407960.8304,188111.9465,98691.49672,9509.994296,111647.3929,96627.45628,13338.15,1248.977613,432.8089735
Category,Weekly,28,Conventional,Cincinnati/Dayton,2026/07/12,1.235387679,403196.6697,191947.2876,84801.82713,8430.009686,118017.5452,108818.0653,6998.25,1778.173045,423.0569367
Category,Weekly,25,Conventional,Columbus,2026/06/21,1.275935339,366346.9431,155130.3583,62689.21153,6149.062305,142378.311,113271.9114,28658.74537,98.30625,349.3479723
Category,Weekly,26,Conventional,Columbus,2026/06/28,1.286269619,360290.0373,140521.4419,64743.47195,6689.111003,148336.0125,129781.3062,18319.35,5.5125,229.8438095
Category,Weekly,27,Conventional,Columbus,2026/07/05,1.228877133,392707.5752,140791.0459,79708.78958,9368.59872,162839.1411,154215.6715,8401.575,8.26875,213.6257562
Category,Weekly,28,Conventional,Columbus,2026/07/12,1.163439638,384209.3009,155955.6873,66735.03891,8421.917101,153096.6576,144935.012,7949.025,0,212.6205875
Category,Weekly,25,Conventional,Dallas/Ft. Worth,2026/06/21,1.043745921,1795560.333,769854.5011,104701.4758,139723.3583,781280.9978,640196.6885,109392.2313,1541.512302,30150.5657
Category,Weekly,26,Conventional,Dallas/Ft. Worth,2026/06/28,1.101102398,1633708.597,749788.5698,101230.5957,97811.8767,684877.5551,554195.4073,104859.2132,502.6855069,25320.24907
Category,Weekly,27,Conventional,Dallas/Ft. Worth,2026/07/05,1.038671947,1781696.616,828454.6885,108720.858,117808.5204,726712.5494,588251.0773,112983.45,464.7731433,25013.24905
Category,Weekly,28,Conventional,Dallas/Ft. Worth,2026/07/12,0.94147156,1739752.207,814537.3648,130245.04,72858.58433,722111.2175,599587.5463,97377.02375,533.8098064,24612.83763
Category,Weekly,25,Conventional,Denver,2026/06/21,1.316090811,1178231.27,507026.6266,228190.5067,753.6829644,442260.4538,312077.7548,98121.97262,20393.60182,11667.12454
Category,Weekly,26,Conventional,Denver,2026/06/28,1.351388327,1197218.799,474308.3573,291902.5621,804.779256,430203.1003,358453.9377,52318.0875,7887.179293,11543.8958
Category,Weekly,27,Conventional,Denver,2026/07/05,1.299739427,1355668.6,550588.2043,318650.3023,867.7122246,485562.3807,430767.4573,28317.45,15836.0713,10641.40211
Category,Weekly,28,Conventional,Denver,2026/07/12,1.301650145,1225866.166,519994.4541,276855.0221,1063.185539,427953.5044,357050.6193,45992.1,13503.05123,11407.73394
Category,Weekly,25,Conventional,Detroit,2026/06/21,1.352820037,587609.1872,182306.6688,105167.7978,34436.7135,265698.0071,193394.2107,52170.03164,19311.01013,822.7545846
Category,Weekly,26,Conventional,Detroit,2026/06/28,1.372148895,556350.3992,169261.5144,99013.50501,36010.66606,252064.7137,204676.3537,38233.125,8269.721136,885.5139483
Category,Weekly,27,Conventional,Detroit,2026/07/05,1.261441421,624789.9513,177871.8664,107434.1625,54789.53124,284694.3911,266015.2829,17404.275,297.7112175,977.1219688
Category,Weekly,28,Conventional,Detroit,2026/07/12,1.147325468,643838.4367,204286.2948,99213.04684,50417.35086,289921.7442,273884.9621,15281.4375,122.4376905,632.9069382
Category,Weekly,25,Conventional,Grand Rapids,2026/06/21,1.491605066,232891.2051,50026.74033,40997.3883,31564.24789,110302.8286,97659.17142,12401.21805,0,242.4391356
Category,Weekly,26,Conventional,Grand Rapids,2026/06/28,1.47303231,219768.0963,44472.39694,35999.38095,32646.95368,106649.3647,94207.1004,12261.9,5.5125,174.8517992
Category,Weekly,27,Conventional,Grand Rapids,2026/07/05,1.248435849,279871.3047,46908.72135,38096.48724,56206.9482,138659.1479,132760.2435,5409.3375,0,489.5669116
Category,Weekly,28,Conventional,Grand Rapids,2026/07/12,1.099960152,268209.0421,59592.77405,34475.1266,48667.30141,125473.8401,118809.1662,5862.9375,0,801.7363321
Category,Weekly,25,Conventional,Harrisburg/Scranton,2026/06/21,1.050441021,624807.4865,310823.6348,70806.32726,234.3968418,242943.1276,209349.4293,14966.97205,15285.21705,3341.509215
Category,Weekly,26,Conventional,Harrisburg/Scranton,2026/06/28,1.087574134,570893.7119,268412.9074,72056.20192,308.1166346,230116.486,195168.5976,17059.73906,14515.6117,3372.537613
Category,Weekly,27,Conventional,Harrisburg/Scranton,2026/07/05,1.017951498,612376.5633,277147.7158,75038.21683,452.3351006,259738.2955,226679.083,14360.51121,15130.65258,3568.048704
Category,Weekly,28,Conventional,Harrisburg/Scranton,2026/07/12,0.993137011,592950.3953,284799.9042,61422.18259,1474.239174,245254.0694,200828.6643,24188.60342,17022.91886,3213.882763
Category,Weekly,25,Conventional,Hartford/Springfield,2026/06/21,1.122524608,571810.3106,96988.62743,229213.7108,383.2926113,245224.6797,218201.7232,12271.28983,9864.280961,4887.385706
Category,Weekly,26,Conventional,Hartford/Springfield,2026/06/28,1.285203243,509906.2014,80840.87656,197039.1305,556.3286888,231469.8657,197041.1389,20928.6,9959.747962,3540.37886
Category,Weekly,27,Conventional,Hartford/Springfield,2026/07/05,1.147857821,571872.2799,89398.94619,231112.3819,693.5098423,250667.442,221202.2151,17262.525,9082.227908,3120.474004
Category,Weekly,28,Conventional,Hartford/Springfield,2026/07/12,1.169892019,544697.6211,112249.6267,190821.2873,2366.413107,239260.294,206460.4833,19517.6625,10307.91851,2974.229665
Category,Weekly,25,Conventional,Houston,2026/06/21,0.966174158,1214913.176,606549.6976,214512.1322,449.1699293,393402.1763,340388.1562,37391.08815,1376.370508,14246.56143
Category,Weekly,26,Conventional,Houston,2026/06/28,1.061950205,1121550.749,600465.2912,124182.0193,392.275637,396511.1628,356514.1387,25112.85,81.34293827,14802.83112
Category,Weekly,27,Conventional,Houston,2026/07/05,1.031645643,1245965.486,695929.2005,130965.4788,422.1635211,418648.6437,377120.6403,26066.64375,11.025,15450.33459
Category,Weekly,28,Conventional,Houston,2026/07/12,0.943639633,1257331.347,686975.5622,147338.2243,282.3117374,422735.2485,384233.0057,22935.15,22.05,15545.04279
Category,Weekly,25,Conventional,Indianapolis,2026/06/21,1.071299703,413919.5817,197949.5308,44572.65183,11791.94485,159605.4543,126978.8586,31411.27893,801.9375,413.3792525
Category,Weekly,26,Conventional,Indianapolis,2026/06/28,1.061969641,388163.8987,186162.7088,35900.5061,12375.94402,153724.7398,142946.8927,4681.6875,5635.74375,460.4158553
Category,Weekly,27,Conventional,Indianapolis,2026/07/05,1.001235355,427675.8266,197121.5176,55578.18863,17552.4694,157423.6509,143969.7518,9948.75,3044.475,460.6741071
Category,Weekly,28,Conventional,Indianapolis,2026/07/12,0.951855728,409302.5623,167448.1441,66642.33021,15926.30326,159285.7847,146168.0546,6923.7,5843.25,350.7800707
Category,Weekly,25,Conventional,Jacksonville,2026/06/21,0.9760506,370327.4564,207494.6035,4355.4249,56.38340811,158421.0446,137782.5569,18844.90767,135.05625,1658.523784
Category,Weekly,26,Conventional,Jacksonville,2026/06/28,0.972051505,379642.6171,217025.8386,4238.534021,35.71517333,158342.5293,129013.1565,27738.375,85.44375,1505.554021
Category,Weekly,27,Conventional,Jacksonville,2026/07/05,0.934276818,409482.8285,221134.568,6023.590178,21.05363507,182303.6167,150142.3162,30594.6375,46.85625,1519.806664
Category,Weekly,28,Conventional,Jacksonville,2026/07/12,0.919818251,380769.9116,219952.5742,5080.396103,8.136267141,155728.8051,137621.1944,16243.7625,306.3375,1557.510624
Category,Weekly,25,Conventional,Kansas City,2026/06/21,1.226709334,381878.4077,157492.2125,51427.12531,2536.528889,170422.541,146406.1367,763.5993791,10237.11577,13015.68912
Category,Weekly,26,Conventional,Kansas City,2026/06/28,1.210567843,369838.1578,157413.9396,47560.98181,3452.055486,161411.1809,146272.1803,585.6375,6762.047578,7791.315488
Category,Weekly,27,Conventional,Kansas City,2026/07/05,1.157930019,400557.36,156393.4232,63069.2399,4412.072001,176682.6249,158356.6874,5896.5375,8247.69842,4181.701578
Category,Weekly,28,Conventional,Kansas City,2026/07/12,1.068466756,382120.848,161982.2395,60190.93349,1246.235485,158701.4395,145788.0385,3662.6625,5434.5375,3816.200971
Category,Weekly,25,Conventional,Knoxville,2026/06/21,1.177686993,172726.305,85668.73915,22756.80629,2.83500005,64297.9246,55960.71532,7404.187493,155.3302608,777.6915295
Category,Weekly,26,Conventional,Knoxville,2026/06/28,1.225544309,162546.9997,81281.19757,23705.10764,19.84499997,57540.84948,46375.67663,7919.625,38.3529617,3207.194882
Category,Weekly,27,Conventional,Knoxville,2026/07/05,1.138591217,186693.8033,91543.59865,25259.61138,3.249077282,69887.34418,61529.51056,7539.2625,2.75625,815.8148696
Category,Weekly,28,Conventional,Knoxville,2026/07/12,1.062737003,171457.1624,85828.75849,22126.40747,92.03461309,63409.96184,52641.54131,10009.9125,85.8375,672.6705301
Category,Weekly,25,Conventional,Las Vegas,2026/06/21,1.253764609,528148.1638,207726.6819,69800.79633,314.3272893,250306.3582,227173.3573,14972.6273,5242.125,2918.248615
Category,Weekly,26,Conventional,Las Vegas,2026/06/28,1.253066058,507491.3061,191330.3054,79859.66961,232.9573514,236068.3738,211676.4982,14483.36606,7007.04375,2901.465724
Category,Weekly,27,Conventional,Las Vegas,2026/07/05,1.185432653,589018.6585,215059.1432,92988.59445,505.5845359,280465.3363,250806.2543,19687.42436,7000.6125,2971.045095
Category,Weekly,28,Conventional,Las Vegas,2026/07/12,1.113058727,600070.2778,281388.4442,71608.94312,3139.455432,243933.435,217854.6455,17562.00943,5810.175,2706.605009
Category,Weekly,25,Conventional,Los Angeles,2026/06/21,1.352697265,4341472.155,1798593.344,112228.6077,825735.9221,1604914.281,1282703.916,82685.11505,47673.17258,191852.0769
Category,Weekly,26,Conventional,Los Angeles,2026/06/28,1.335298716,4109601.282,1949789.685,99703.79231,564174.0699,1495933.735,1202537.317,119410.6858,17226.05474,156759.6776
Category,Weekly,27,Conventional,Los Angeles,2026/07/05,1.30282297,4670006.39,2216342.074,120634.8603,749948.5637,1583080.893,1258793.591,104694.252,13453.99965,206139.05
Category,Weekly,28,Conventional,Los Angeles,2026/07/12,1.273368388,4421609.025,1856195.1,116418.0962,786541.0783,1662454.751,1306024.832,143660.1489,10356.29483,202413.4754
Category,Weekly,25,Conventional,Louisville,2026/06/21,1.217731578,192135.9246,77173.0839,35186.48357,2155.745785,77620.61134,67542.20103,9748.244555,173.38125,156.7845064
Category,Weekly,26,Conventional,Louisville,2026/06/28,1.229674691,189412.3343,73215.90434,34137.43308,2352.160673,79706.83617,69671.17639,9861.3375,14.175,160.1472812
Category,Weekly,27,Conventional,Louisville,2026/07/05,1.172319823,206298.4564,75749.28466,38424.12549,3499.00358,88626.04264,80014.46626,8375.85,44.49375,191.2326249
Category,Weekly,28,Conventional,Louisville,2026/07/12,1.13324232,199999.432,78340.11573,34265.62644,3164.828433,84228.86137,76870.385,7227.675,11.025,119.7763722
Category,Weekly,25,Conventional,Miami/FT. Lauderdale,2026/06/21,0.966247564,1825461.831,1008470.228,23903.85022,18.70935263,793069.0432,688323.6913,87799.53399,627.24375,16318.57416
Category,Weekly,26,Conventional,Miami/FT. Lauderdale,2026/06/28,0.9700068,1877011.43,1009635.641,66334.76781,28.50578977,801012.5153,668299.8043,121412.025,476.83125,10823.85477
Category,Weekly,27,Conventional,Miami/FT. Lauderdale,2026/07/05,0.923011525,1981861.943,1031714.779,26035.50829,16.90967177,924094.7454,801529.6967,110800.5938,301.6125,11462.84246
Category,Weekly,28,Conventional,Miami/FT. Lauderdale,2026/07/12,0.915656352,1887505.692,1012144.639,46801.16307,10.08000003,828549.8092,724796.3998,93002.30625,339.4125,10411.69068
Category,Weekly,25,Conventional,Milwaukee,2026/06/21,1.30799989,389545.4841,162334.1874,79112.47491,4723.423886,143375.3979,99256.01389,24452.35307,6083.571411,13583.45958
Category,Weekly,26,Conventional,Milwaukee,2026/06/28,1.34596949,378197.8293,154866.4981,74386.38396,5136.878618,143808.0686,119872.3882,9712.7625,1187.862449,13035.05549
Category,Weekly,27,Conventional,Milwaukee,2026/07/05,1.270098638,423333.7652,169161.8355,85212.70658,7390.74281,161568.4802,127058.2543,19897.7625,530.0582125,14082.40526
Category,Weekly,28,Conventional,Milwaukee,2026/07/12,1.186067325,417619.9529,179275.6534,75647.46019,6118.699201,156578.1401,133194.612,9458.925,411.6866556,13512.91644
Category,Weekly,25,Conventional,Minneapolis,2026/06/21,1.294378359,595051.56,225966.2549,50734.29958,1783.894192,316567.1113,266721.2934,10579.8466,5345.55,33920.42133
Category,Weekly,26,Conventional,Minneapolis,2026/06/28,1.247140677,583173.2034,207946.6062,47221.4865,3726.915428,324278.1952,279733.0213,9229.7625,4930.14375,30385.26765
Category,Weekly,27,Conventional,Minneapolis,2026/07/05,1.178014288,635078.3949,234247.8725,46409.82168,4460.702039,349959.9987,300709.2064,9662.1,5408.15625,34180.53601
Category,Weekly,28,Conventional,Minneapolis,2026/07/12,1.120222342,630764.6359,246292.6441,51027.0105,2187.67135,331257.3099,282966.6026,8777.7375,5607.39375,33905.57606
Category,Weekly,25,Conventional,Nashville,2026/06/21,1.077601739,459240.8425,236222.0268,41698.42633,15.98719944,181304.4021,144184.0019,34140.80501,22.05,2957.545182
Category,Weekly,26,Conventional,Nashville,2026/06/28,1.111859051,431227.9142,218721.0999,44061.48366,3.281868339,168442.0488,136714.9437,23014.6875,5.5125,8706.905135
Category,Weekly,27,Conventional,Nashville,2026/07/05,1.033369,483867.5786,249143.2501,45311.88661,11.14561838,189401.2962,149235.2431,35066.325,11.025,5088.703156
Category,Weekly,28,Conventional,Nashville,2026/07/12,1.010412541,437350.369,228544.3446,39220.90756,3.281975734,169581.8348,138288.8376,28369.425,245.7,2677.87224
Category,Weekly,25,Conventional,Northern New England,2026/06/21,1.085667853,606358.3616,289324.9365,159122.7939,219.2003591,157691.4307,136668.5967,18790.56342,445.4170119,1786.853572
Category,Weekly,26,Conventional,Northern New England,2026/06/28,1.036119264,633314.0977,314752.8755,180141.0375,249.5016069,138170.6832,115032.4514,21201.97541,351.3427267,1584.913676
Category,Weekly,27,Conventional,Northern New England,2026/07/05,1.120646045,670985.654,319255.1965,167827.7623,291.0538959,183611.6412,159408.5024,22086.60444,531.1285951,1585.405859
Category,Weekly,28,Conventional,Northern New England,2026/07/12,1.023165537,695583.5112,353815.435,200171.738,195.6559649,141400.6823,130063.2955,9388.538599,350.6968117,1598.151328
Category,Weekly,25,Conventional,New Orleans/Mobile,2026/06/21,1.005158182,394043.123,218709.7894,6540.002453,106.6252112,168686.7059,96944.39798,68924.40403,2029.3875,788.5163913
Category,Weekly,26,Conventional,New Orleans/Mobile,2026/06/28,1.020926685,372952.8667,213024.0741,9192.314756,58.77010198,150677.7077,89397.87448,58405.33125,2013.24375,861.2582552
Category,Weekly,27,Conventional,New Orleans/Mobile,2026/07/05,0.967939858,421870.7734,227806.1192,9054.379722,155.4304844,184854.844,104957.0979,78774.4125,432.3375,690.9960352
Category,Weekly,28,Conventional,New Orleans/Mobile,2026/07/12,0.936926037,381757.4693,203986.7084,6889.775149,53.27482648,170827.7109,101274.9973,68942.475,114.58125,495.6573044
Category,Weekly,25,Conventional,New York,2026/06/21,1.14535978,3243820.944,444526.933,794622.9786,14098.88073,1990572.152,1683851.585,81984.63696,135867.1525,88868.77715
Category,Weekly,26,Conventional,New York,2026/06/28,1.181921121,3080848.757,413955.7861,884455.0893,15504.78562,1766933.096,1485049.762,106664.4917,114751.1866,60467.65483
Category,Weekly,27,Conventional,New York,2026/07/05,1.113534813,3355085.628,447829.1025,1064645.754,18791.65578,1823819.115,1526454.678,133061.6177,110933.2091,53369.61
Category,Weekly,28,Conventional,New York,2026/07/12,1.126024515,3163648.616,577730.8677,735821.0821,40995.28268,1809101.383,1484998.555,140640.3574,134348.7287,49113.74178
Category,Weekly,25,Conventional,Omaha,2026/06/21,1.164455759,215222.3806,99092.44048,22416.11996,161.409649,93552.41046,83276.37159,820.1496229,4598.845636,4857.043614
Category,Weekly,26,Conventional,Omaha,2026/06/28,1.203273044,203245.0367,97180.88819,20915.47546,2305.539122,82843.13392,76438.33115,867.825,2579.763853,2957.213915
Category,Weekly,27,Conventional,Omaha,2026/07/05,1.17697661,224233.984,98342.38676,23650.83182,2630.270545,99610.49482,91707.43991,3169.29375,1873.42474,2860.336428
Category,Weekly,28,Conventional,Omaha,2026/07/12,1.124216699,215464.2863,97669.57102,24476.8962,196.8765894,93120.94251,84094.98184,4201.8375,1069.421733,3754.701434
Category,Weekly,25,Conventional,Orlando,2026/06/21,0.933820063,1013991.321,533343.9683,9730.673744,13.22397272,470903.4549,409113.1395,52503.80373,659.1375,8627.374182
Category,Weekly,26,Conventional,Orlando,2026/06/28,0.942465886,1017047.429,539837.0291,9702.275957,9.449999875,467498.6735,396691.1818,60765.99375,499.66875,9541.829161
Category,Weekly,27,Conventional,Orlando,2026/07/05,0.856975777,1146069.94,543875.0799,17883.58846,8.609999925,584302.6618,521603.62,54712.875,192.9375,7793.229283
Category,Weekly,28,Conventional,Orlando,2026/07/12,0.8469682,1064419.589,545343.5507,23989.36375,18.1731048,495068.5013,429623.275,57886.10625,337.44375,7221.676351
Category,Weekly,25,Conventional,Peoria/Springfield,2026/06/21,1.02993113,196427.4842,111793.9792,13648.42436,3046.58582,67938.49482,57922.96726,6979.970502,2307.76875,727.7883106
Category,Weekly,26,Conventional,Peoria/Springfield,2026/06/28,1.038705223,194716.636,118387.3041,11027.16756,3630.08351,61672.08088,52840.12814,5721.1875,2475.1125,635.6527442
Category,Weekly,27,Conventional,Peoria/Springfield,2026/07/05,0.963844782,223723.3857,125988.9361,13071.38414,6724.120765,77938.94473,67442.08593,7315.6125,2705.85,475.3962946
Category,Weekly,28,Conventional,Peoria/Springfield,2026/07/12,0.908184038,211749.5398,122361.2614,14000.69667,5109.852333,70277.72939,62665.15234,5044.2,2018.75625,549.620799
Category,Weekly,25,Conventional,Philadelphia,2026/06/21,1.065513699,950032.1024,354649.2759,135252.3471,1600.928356,458529.551,395339.4837,23867.47756,24822.41991,14500.16984
Category,Weekly,26,Conventional,Philadelphia,2026/06/28,1.082950453,916795.7533,307315.1718,141667.8201,1837.216323,465975.5451,388712.1255,37902.14607,25353.59211,14007.68135
Category,Weekly,27,Conventional,Philadelphia,2026/07/05,1.007249519,965341.474,311451.7033,154790.2229,2038.076344,497061.4714,439882.6822,20218.13411,22815.93149,14144.72366
Category,Weekly,28,Conventional,Philadelphia,2026/07/12,1.003333206,956054.7295,357752.9895,120666.0891,5782.8393,471852.8116,398931.1044,34326.61422,26352.68628,12242.40673
Category,Weekly,25,Conventional,Phoenix/Tucson,2026/06/21,1.197862135,1510796.537,777435.0496,211970.3374,3816.87549,517574.2748,444225.2472,29653.54308,23720.68125,19974.80324
Category,Weekly,26,Conventional,Phoenix/Tucson,2026/06/28,1.237915953,1432157.661,677771.5494,271033.052,3797.380914,479555.6786,400723.9963,35391.47664,23947.875,19492.33063
Category,Weekly,27,Conventional,Phoenix/Tucson,2026/07/05,1.152523541,1599180.294,765189.3319,293009.3044,3901.568938,537080.0888,453015.7207,39626.41888,24658.4625,19779.48671
Category,Weekly,28,Conventional,Phoenix/Tucson,2026/07/12,1.092481461,1611883.141,857639.2209,269415.9406,8148.597917,476679.3818,405033.8858,27504.8195,24151.8375,19988.83902
Category,Weekly,25,Conventional,Pittsburgh,2026/06/21,1.19616046,254451.0481,132295.44,11825.30481,27.77203834,110302.5313,100374.87,6335.297896,5.774288629,3586.58916
Category,Weekly,26,Conventional,Pittsburgh,2026/06/28,1.170894868,240651.0584,111822.4054,19313.80142,33.44506199,109481.4064,98277.40378,11038.3875,57.61712359,107.9980434
Category,Weekly,27,Conventional,Pittsburgh,2026/07/05,1.132921872,269730.4853,115071.6424,30994.20064,84.52480336,123580.1174,116308.2763,7090.3875,71.65925339,109.794346
Category,Weekly,28,Conventional,Pittsburgh,2026/07/12,1.083081275,257413.6491,112868.7284,29897.22881,44.57021157,114603.1217,107238.7697,7288.575,31.76856286,44.00839877
Category,Weekly,25,Conventional,Portland,2026/06/21,1.273263662,755014.8351,430902.8513,157920.7755,31994.9777,134196.2305,102780.5098,10633.67736,12098.99592,8683.047422
Category,Weekly,26,Conventional,Portland,2026/06/28,1.335122106,685232.9241,395387.7893,134429.6293,30456.62813,124958.8773,100315.7967,9561.43125,7344.418671,7737.230632
Category,Weekly,27,Conventional,Portland,2026/07/05,1.515990589,703897.6432,372781.6346,136499.9784,36977.02405,157639.0062,132906.2577,12675.99375,2465.799098,9590.955624
Category,Weekly,28,Conventional,Portland,2026/07/12,1.498762577,698352.6886,355624.6405,141232.5737,32021.14847,169474.3259,144368.6345,14317.8,551.4251868,10236.4662
Category,Weekly,25,Conventional,Providence,2026/06/21,1.131888679,129839.4259,52541.11767,37426.11234,2.729038949,39869.46686,37810.3197,1483.057315,0,576.0898486
Category,Weekly,26,Conventional,Providence,2026/06/28,1.184748291,121051.0441,46256.75412,37827.82835,0,36966.46167,35333.82171,1201.725,0,430.9149543
Category,Weekly,27,Conventional,Providence,2026/07/05,1.239175361,133965.9707,50843.71632,41688.34022,0,41433.91412,39622.79659,1296.75,0,514.3675295
Category,Weekly,28,Conventional,Providence,2026/07/12,1.219606881,129897.0895,53502.44079,41345.16514,1.355842507,35048.12777,33630.41295,929.25,0,488.4648181
Category,Weekly,25,Conventional,Raleigh/Greensboro,2026/06/21,1.165910276,697693.0035,274319.3971,66721.92988,1097.814388,355553.8621,241224.5607,44601.43467,209.475,69518.39175
Category,Weekly,26,Conventional,Raleigh/Greensboro,2026/06/28,1.150247993,686378.44,268650.2857,67854.49442,160.9210609,349712.7388,238646.616,34459.95,138.20625,76467.96659
Category,Weekly,27,Conventional,Raleigh/Greensboro,2026/07/05,1.117777686,731798.9757,289437.2496,70365.48863,111.3215538,371884.916,262254.7706,35842.275,132.3,73655.57037
Category,Weekly,28,Conventional,Raleigh/Greensboro,2026/07/12,1.077708352,720959.8141,319731.0597,69611.51047,184.0270023,331433.2169,231906.9001,34165.95,191.3625,65169.00428
Category,Weekly,25,Conventional,Richmond/Norfolk,2026/06/21,1.162625436,469181.8779,209666.4455,62060.28641,527.493064,196927.653,141464.631,19858.96201,13220.2973,22383.76273
Category,Weekly,26,Conventional,Richmond/Norfolk,2026/06/28,1.15734782,473970.653,211145.354,63382.39292,71.85800178,199371.0481,141165.6402,18841.19279,15663.54348,23700.67163
Category,Weekly,27,Conventional,Richmond/Norfolk,2026/07/05,1.119052276,518764.4934,224855.6972,69830.75207,77.39145924,224000.6527,164317.3306,21096.48957,15164.60879,23422.22379
Category,Weekly,28,Conventional,Richmond/Norfolk,2026/07/12,1.10269549,486284.5684,230417.6155,65514.0937,86.15543914,190266.7037,140167.1551,13805.36516,15692.58141,20601.60199
Category,Weekly,25,Conventional,Roanoke,2026/06/21,1.185158309,250075.9333,129843.2206,34649.03377,35.20678836,85548.47216,63205.47567,8590.693999,358.3037175,13393.99878
Category,Weekly,26,Conventional,Roanoke,2026/06/28,1.190475735,244741.8207,125092.9223,34893.24014,32.20567555,84723.45256,64019.29634,6718.1625,373.5513929,13612.44233
Category,Weekly,27,Conventional,Roanoke,2026/07/05,1.172410691,266504.8882,131136.688,40094.20406,31.82121837,95242.17489,69206.71288,11228.175,351.2356262,14456.05138
Category,Weekly,28,Conventional,Roanoke,2026/07/12,1.087793586,250564.7758,133549.0072,36597.59373,48.87595236,80369.29894,61705.97669,6103.3875,363.8029096,12196.13184
Category,Weekly,25,Conventional,Sacramento,2026/06/21,1.399383403,733400.2338,296943.5758,49284.65093,3498.455458,383673.5516,333181.6434,6919.289346,1049.726797,42522.89214
Category,Weekly,26,Conventional,Sacramento,2026/06/28,1.41914482,686517.2192,275653.7275,39420.76478,2725.338074,368717.3888,314114.5738,19009.33125,791.56875,34801.91505
Category,Weekly,27,Conventional,Sacramento,2026/07/05,1.273378594,789865.1418,360601.8984,44205.01645,5381.154701,379677.0722,326482.368,12929.175,907.85625,39357.67292
Category,Weekly,28,Conventional,Sacramento,2026/07/12,1.291741324,755689.2882,315037.6876,48224.58285,4495.161091,387931.8566,337871.8554,6691.78125,780.80625,42587.41375
Category,Weekly,25,Conventional,San Diego,2026/06/21,1.347251714,854863.22,370034.2035,21496.42651,94290.92403,369041.666,287252.5322,33626.21711,5391.879562,42771.03706
Category,Weekly,26,Conventional,San Diego,2026/06/28,1.256720223,844373.1007,389925.5663,20591.98004,69384.22196,364471.3324,287097.7467,29267.99288,1579.707425,46525.88545
Category,Weekly,27,Conventional,San Diego,2026/07/05,1.272882656,951374.0048,448411.3902,24579.52328,94925.59589,383457.4954,302021.6966,40818.14421,514.1452896,40103.50936
Category,Weekly,28,Conventional,San Diego,2026/07/12,1.258204744,884992.8792,396916.0989,21879.9328,80916.11567,385280.7319,280211.6483,44534.30909,288.6443385,60246.13016
Category,Weekly,25,Conventional,San Francisco,2026/06/21,1.626490873,1079658.582,447047.1896,69658.55755,7295.941561,555656.8936,495013.9713,5119.78164,4649.543344,50873.59732
Category,Weekly,26,Conventional,San Francisco,2026/06/28,1.657348664,1051909.567,449093.9378,52534.5812,6657.373441,543623.6746,471648.0122,20115.24375,4754.925,47105.49364
Category,Weekly,27,Conventional,San Francisco,2026/07/05,1.346532406,1247390.94,621881.0667,55626.17285,9990.331508,559893.3686,471301.4003,37945.6875,6026.7375,44619.54329
Category,Weekly,28,Conventional,San Francisco,2026/07/12,1.459916361,1206134.304,547615.4152,66507.13538,9339.252173,582672.5016,499049.9795,14226.1875,5427.1875,63969.14716
Category,Weekly,25,Conventional,Seattle,2026/06/21,1.520366216,643125.8231,268378.8403,148756.2277,41385.75594,184604.9992,145954.4454,10317.65798,9625.057606,18707.83824
Category,Weekly,26,Conventional,Seattle,2026/06/28,1.519874677,615731.4614,276127.8203,127572.4983,38527.87285,173503.2699,142574.4183,10887.05625,785.8329348,19255.96239
Category,Weekly,27,Conventional,Seattle,2026/07/05,1.543513439,643804.1081,289679.4213,132912.8404,43375.85881,177835.9875,146689.583,11592.525,105.6876316,19448.19191
Category,Weekly,28,Conventional,Seattle,2026/07/12,1.549515742,670331.4818,280521.4288,129056.7015,45356.64061,215396.7109,180282.2607,16452.975,2.75625,18658.7189
Category,Weekly,25,Conventional,Spokane,2026/06/21,1.265913643,105869.3441,49369.41611,11819.28822,7643.156157,37037.48361,31663.63346,3879.684277,1035.648095,458.5177767
Category,Weekly,26,Conventional,Spokane,2026/06/28,1.333949837,99615.12986,44573.00879,13823.84279,6770.90735,34447.37094,29191.71364,4523.925,190.9773315,540.7549642
Category,Weekly,27,Conventional,Spokane,2026/07/05,1.338352368,119218.1398,50142.55237,14420.04741,8411.367436,46244.17261,42023.87112,3673.1625,0,547.1389837
Category,Weekly,28,Conventional,Spokane,2026/07/12,1.335639421,117376.8707,49048.02105,12515.83351,7648.531047,48164.48508,40767.66891,6957.69375,0,439.1224151
Category,Weekly,25,Conventional,St. Louis,2026/06/21,1.051913212,359503.1151,194008.463,9040.641292,23.45747065,156430.5533,132113.5644,21268.83508,135.05625,2913.097555
Category,Weekly,26,Conventional,St. Louis,2026/06/28,1.054113434,347957.2091,175679.234,15040.19993,32.97495016,157204.8002,144110.6727,9685.2,124.03125,3284.896246
Category,Weekly,27,Conventional,St. Louis,2026/07/05,1.016728792,403710.9632,197762.2071,26297.72834,24.11975429,179626.9079,163570.5144,12905.15625,142.93125,3008.306001
Category,Weekly,28,Conventional,St. Louis,2026/07/12,0.942682567,388929.5284,211511.2035,11005.3427,10.78905411,166402.1931,153259.7324,10662.75,73.63125,2406.079479
Category,Weekly,25,Conventional,Syracuse,2026/06/21,0.970488663,135701.8731,53978.6541,18886.0127,355.3033637,62481.90293,56309.63028,4355.93302,109.493588,1706.846043
Category,Weekly,26,Conventional,Syracuse,2026/06/28,0.953554132,124355.6417,50740.22886,18604.89644,421.7554127,54588.76097,47863.47336,5242.65,119.1900434,1363.447569
Category,Weekly,27,Conventional,Syracuse,2026/07/05,1.013278531,132300.4268,51411.2812,19639.34438,334.940835,60914.8604,46855.76691,3901.8,143.2187499,10014.07474
Category,Weekly,28,Conventional,Syracuse,2026/07/12,0.953554353,126181.3962,56704.45805,19148.20414,353.6920257,49975.04197,39572.72242,3028.2,104.0047792,7270.114768
Category,Weekly,25,Conventional,Tampa,2026/06/21,0.956872925,949152.0487,523073.8879,10493.12459,8.080143611,415576.9561,359068.0335,48838.3676,516.20625,7154.348775
Category,Weekly,26,Conventional,Tampa,2026/06/28,0.969716501,943853.3909,527310.9708,10370.0712,1.05,406171.2989,339330.5868,61673.5875,386.26875,4780.855859
Category,Weekly,27,Conventional,Tampa,2026/07/05,0.905836964,1047706.196,520955.6981,24852.92516,26.80773346,501870.7653,441126.6388,55338.9375,162.61875,5242.570176
Category,Weekly,28,Conventional,Tampa,2026/07/12,0.863615549,998998.202,543076.0277,22059.76814,13.45013708,433848.956,368191.5361,60372.375,163.0125,5122.032447
Category,Weekly,25,Conventional,Toledo,2026/06/21,1.291700162,175004.986,78854.10722,29267.70364,7029.269131,59853.90599,45409.10315,13357.55997,509.6714355,577.5714289
Category,Weekly,26,Conventional,Toledo,2026/06/28,1.351903427,162839.6218,75099.99274,30034.0551,7366.415676,50339.15832,37664.77084,8138.55,2182.751534,2353.085942
Category,Weekly,27,Conventional,Toledo,2026/07/05,1.27750114,188019.323,84166.54644,37065.45731,11348.79373,55438.52554,43520.28244,5429.55,1449,5039.693109
Category,Weekly,28,Conventional,Toledo,2026/07/12,1.193224424,175505.6014,74084.13492,37731.98662,10095.70243,53593.7774,42471.97231,5177.55,1973.86875,3970.386346
Category,Weekly,25,Conventional,West Tex/New Mexico,2026/06/21,1.112211131,1073881.723,439227.4646,118466.24,23250.66075,492937.3577,407432.089,75088.32035,4613.175,5803.773403
Category,Weekly,26,Conventional,West Tex/New Mexico,2026/06/28,1.136060648,976973.4405,395904.4178,123952.3498,18105.28579,439011.3871,373629.31,57359.925,2814.91875,5207.233344
Category,Weekly,27,Conventional,West Tex/New Mexico,2026/07/05,1.046623006,1127265.116,439251.5795,183020.1747,23150.63327,481842.7285,399434.9472,72294.8625,4161.9375,5950.981369
Category,Weekly,28,Conventional,West Tex/New Mexico,2026/07/12,1.018739542,995375.3251,418727.6027,117082.789,15473.71655,444091.2168,359777.2397,76597.25782,2095.14375,5621.57549
Category,Weekly,25,Conventional,Wichita,2026/06/21,1.111175816,148819.6519,82874.33768,18538.56682,0,47406.74738,35395.58851,5221.259419,5976.478829,813.4206225
Category,Weekly,26,Conventional,Wichita,2026/06/28,1.135586124,140142.8043,76333.44895,19799.22495,17.4299999,43992.70044,36624.77732,4313.6625,2250.390846,803.8697735
Category,Weekly,27,Conventional,Wichita,2026/07/05,1.112331955,156996.3261,85257.88532,22109.08656,3.081084709,49626.27311,41857.73028,6405,712.0365755,651.5062613
Category,Weekly,28,Conventional,Wichita,2026/07/12,1.046993101,145280.9309,81174.02834,20102.85613,9.45,43994.59644,38276.68891,4295.55,465.3777772,956.979744
Category,Weekly,25,Conventional,California,2026/06/21,1.400195313,8792342.969,3776205.54,369686.6586,1026688.979,3619761.791,2993367.975,143310.0211,76747.65414,406336.1412
Category,Weekly,26,Conventional,California,2026/06/28,1.387379271,8381819.641,3932127.144,297501.4933,713264.762,3438926.242,2822810.306,212887.3695,41589.8861,361638.6812
Category,Weekly,27,Conventional,California,2026/07/05,1.296277219,9647644.227,4754730.864,337062.8006,962250.6143,3593599.948,2929004.003,212845.2412,39433.79284,412316.911
Category,Weekly,28,Conventional,California,2026/07/12,1.306113777,9113671.895,4055939.819,356994.7304,975628.724,3725108.622,3005329.032,235504.5162,32635.45368,451639.6197
Category,Weekly,25,Conventional,Great Lakes,2026/06/21,1.21384226,6155496.02,2793496.4,822410.2287,184487.0059,2355102.385,1905226.378,339518.3463,57618.10853,52739.55218
Category,Weekly,26,Conventional,Great Lakes,2026/06/28,1.222630124,5937116.133,2743167.986,774191.9703,192165.5059,2227590.671,1909241.991,224687.2688,38096.89673,55564.51392
Category,Weekly,27,Conventional,Great Lakes,2026/07/05,1.149332757,6747813.493,2910072.565,935082.6658,310995.8514,2591662.411,2306557.875,187307.925,21720.00522,76076.60563
Category,Weekly,28,Conventional,Great Lakes,2026/07/12,1.065537672,6531602.331,2980028.8,859659.3346,271952.09,2419962.106,2192622.444,137238.4125,23794.26101,66306.98892
Category,Weekly,25,Conventional,Midsouth,2026/06/21,1.166620499,6324777.741,2728058.939,695868.1835,10875.39002,2889975.228,2198764.973,300589.1629,47469.66411,343151.4278
Category,Weekly,26,Conventional,Midsouth,2026/06/28,1.163758309,6259757.796,2692591.349,728782.8078,7475.903055,2830907.736,2154709.064,271119.9474,45176.52974,359902.1955
Category,Weekly,27,Conventional,Midsouth,2026/07/05,1.120137799,6750471.687,2845265.815,774200.9625,10404.5962,3120600.313,2430214.96,273198.3485,45688.3444,371498.6603
Category,Weekly,28,Conventional,Midsouth,2026/07/12,1.057840953,6562447.275,2993279.454,731892.5817,10619.70888,2826655.53,2183764.459,284732.4729,51176.51124,306982.0873
Category,Weekly,25,Conventional,Northeast,2026/06/21,1.110387421,8420045.34,2389544.649,1955166.296,20437.16282,4054897.232,3509725.72,192795.8578,213272.0576,139103.596
Category,Weekly,26,Conventional,Northeast,2026/06/28,1.141524382,8004473.758,2226565.705,2050522.533,22855.6228,3704529.898,3155131.694,268771.6677,183021.7784,97604.75754
Category,Weekly,27,Conventional,Northeast,2026/07/05,1.107827563,8646243.424,2309198.741,2329795.009,26907.70233,3980341.971,3406794.729,267195.4624,176061.1269,130290.6531
Category,Weekly,28,Conventional,Northeast,2026/07/12,1.093062516,8305025.102,2592511.223,1874811.079,57113.14592,3780589.654,3183783.033,277414.3343,208819.8034,110572.4841
Category,Weekly,25,Conventional,Plains,2026/06/21,1.161001995,3111273.503,1487703.938,289303.3656,6735.62016,1327530.579,1090187.843,103813.381,47090.83464,86438.52058
Category,Weekly,26,Conventional,Plains,2026/06/28,1.16932954,2969498.768,1411093.851,265348.3733,29212.5161,1263844.028,1091291.693,74736.9,30764.31266,67051.12245
Category,Weekly,27,Conventional,Plains,2026/07/05,1.126514999,3323536.259,1551504.921,313545.7661,34266.32579,1424219.246,1220362.097,108879.3563,28969.51061,66008.28261
Category,Weekly,28,Conventional,Plains,2026/07/12,1.072632198,3165730.12,1542825.324,312905.9802,6207.015726,1303791.801,1126632.671,92628.76875,19948.71835,64581.64252
Category,Weekly,25,Conventional,South Central,2026/06/21,1.024776315,6748795.743,3305177.832,638025.6918,180494.9106,2625097.309,2141005.385,386211.7681,39498.7567,58381.39884
Category,Weekly,26,Conventional,South Central,2026/06/28,1.07239238,6197272.954,3120385.243,537443.314,129737.9034,2409706.494,2015729.445,313472.9746,27734.42845,52769.6458
Category,Weekly,27,Conventional,South Central,2026/07/05,1.009556381,6970868.059,3573599.862,594339.2514,159609.6888,2643319.257,2160382.97,392216.126,37603.80902,53116.35152
Category,Weekly,28,Conventional,South Central,2026/07/12,0.919887536,6807152.483,3662052.945,529864.9382,99454.4153,2515780.184,2107978.089,334670.179,20759.83283,52372.08323
Category,Weekly,25,Conventional,Southeast,2026/06/21,1.018858804,8592766.756,4764375.269,286590.873,1038.850842,3540761.764,2924934.479,490922.1023,22399.10045,102506.082
Category,Weekly,26,Conventional,Southeast,2026/06/28,1.025657454,8631325.631,4831038.889,339649.6728,369.5147003,3460267.554,2788784.664,550177.8356,10320.20212,110984.8525
Category,Weekly,27,Conventional,Southeast,2026/07/05,0.961499132,9407580.967,4994198.48,337619.1639,494.8183647,4075268.504,3412718.924,549692.473,4980.014413,107877.093
Category,Weekly,28,Conventional,Southeast,2026/07/12,0.93655598,8813948.634,4892327.39,342011.4909,313.8117929,3579295.941,2973568.795,509231.1249,5972.80379,90523.21791
Category,Weekly,25,Conventional,West,2026/06/21,1.261846927,8189987.181,4036312.327,1399378.853,138307.3252,2615988.675,2103415.667,313719.4235,103812.5087,95041.07624
Category,Weekly,26,Conventional,West,2026/06/28,1.286892469,7839059.533,3710852.499,1552481.776,125675.0907,2450050.167,2041489.583,244708.1602,70850.71682,93001.70741
Category,Weekly,27,Conventional,West,2026/07/05,1.248712105,8770158.535,4143989.668,1699880.434,149538.9493,2776749.483,2345913.71,252513.358,81380.86766,96941.54782
Category,Weekly,28,Conventional,West,2026/07/12,1.222064687,8434447.115,4215379.07,1500576.399,148923.2558,2569568.391,2144096.168,258894.8088,70440.39321,96137.02073
Category,Weekly,25,Conventional,Total U.S.,2026/06/21,1.173833031,56335485.25,25280874.89,6456430.15,1569065.245,23029114.96,18866628.42,2270880.063,607908.6849,1283697.795
Category,Weekly,26,Conventional,Total U.S.,2026/06/28,1.18717195,54220324.22,24667822.67,6545921.941,1220756.819,21785822.79,17979188.44,2160562.124,447554.751,1198517.476
Category,Weekly,27,Conventional,Total U.S.,2026/07/05,1.131345968,60264316.65,27082560.92,7321526.053,1654468.546,24205761.13,20211949.27,2243848.29,435837.4711,1314126.105
Category,Weekly,28,Conventional,Total U.S.,2026/07/12,1.092991056,57734024.96,26934344.02,6508716.534,1570212.167,22720752.23,18917774.69,2130314.617,433547.7775,1239115.144
Category,Weekly,25,Organic,5 Boroughs/New York City,2026/06/21,1.567988686,53585.53399,9249.761393,2061.351034,0,42274.42157,42243.32282,0,0,31.09874895
Category,Weekly,26,Organic,5 Boroughs/New York City,2026/06/28,1.612784958,47114.99606,4831.961122,1687.767763,0,40595.26717,40567.57168,0,0,27.69549255
Category,Weekly,27,Organic,5 Boroughs/New York City,2026/07/05,1.61397228,45601.60903,5137.027911,1779.915356,0,38684.66576,38658.36564,0,0,26.30011672
Category,Weekly,28,Organic,5 Boroughs/New York City,2026/07/12,1.610337474,47598.14261,4453.581215,1706.425916,0,41438.13548,41380.77435,0,0,57.36113513
Category,Weekly,25,Organic,Albany,2026/06/21,1.467511865,7395.291152,359.0480855,299.9952547,0,6736.247812,6504.101074,0,0,232.1467379
Category,Weekly,26,Organic,Albany,2026/06/28,1.421906343,7413.827314,422.5712731,397.8595669,0,6593.396474,6458.804951,0,0,134.5915224
Category,Weekly,27,Organic,Albany,2026/07/05,1.394012589,7055.794167,469.8111799,381.5560088,0,6204.426978,6164.60995,0,0,39.81702776
Category,Weekly,28,Organic,Albany,2026/07/12,1.397720108,6486.763957,271.9746993,166.5087294,0,6048.280529,6024.944042,0,0,23.33648653
Category,Weekly,25,Organic,Atlanta,2026/06/21,1.405256373,54760.62994,17668.72412,767.2402481,0,36324.66558,36324.66558,0,0,0
Category,Weekly,26,Organic,Atlanta,2026/06/28,1.393897887,51295.36132,15671.29789,1135.321687,0,34488.74174,34488.74174,0,0,0
Category,Weekly,27,Organic,Atlanta,2026/07/05,1.427874329,50588.58653,16415.86363,630.5453608,0,33542.17755,33542.17755,0,0,0
Category,Weekly,28,Organic,Atlanta,2026/07/12,1.439337883,44882.53175,14021.94188,608.546821,0,30252.04305,30252.04305,0,0,0
Category,Weekly,25,Organic,Baltimore/Washington,2026/06/21,1.595655987,125012.0107,600.1635592,12137.71377,156.1951065,112117.9383,101371.8522,6815.812369,0,3930.273735
Category,Weekly,26,Organic,Baltimore/Washington,2026/06/28,1.575377805,123434.778,552.3567377,10822.19257,12.27701442,112047.9517,103660.5028,7343.279446,0,1044.169423
Category,Weekly,27,Organic,Baltimore/Washington,2026/07/05,1.633229167,122124.0502,679.0671336,12349.0891,0,109095.8939,99126.29926,6897.66785,0,3071.926819
Category,Weekly,28,Organic,Baltimore/Washington,2026/07/12,1.664704639,121512.3635,1051.537103,12317.79602,8.926281044,108134.1041,98280.26047,9471.161861,0,382.6817498
Category,Weekly,25,Organic,Birmingham/Montgomery,2026/06/21,1.446803379,18564.02039,772.4671498,158.4356533,0,17633.11759,17621.30509,0,0,11.8125
Category,Weekly,26,Organic,Birmingham/Montgomery,2026/06/28,1.384710085,19884.27473,661.0431702,147.1123875,0,19076.11917,19072.18167,0,0,3.9375
Category,Weekly,27,Organic,Birmingham/Montgomery,2026/07/05,1.429721329,18411.44871,713.5473519,149.5312254,0,17548.37013,17544.43263,0,0,3.9375
Category,Weekly,28,Organic,Birmingham/Montgomery,2026/07/12,1.419414347,16909.76243,618.2823841,142.8117613,0,16148.66828,16148.66828,0,0,0
Category,Weekly,25,Organic,Boise,2026/06/21,2.071948047,7551.07604,8.776678973,3989.824597,0,3552.474764,3552.474764,0,0,0
Category,Weekly,26,Organic,Boise,2026/06/28,2.059172002,7494.743086,1.88999995,3766.560848,0,3726.292238,3726.292238,0,0,0
Category,Weekly,27,Organic,Boise,2026/07/05,2.046527418,7767.131543,7.227582863,3989.819091,0,3770.084869,3770.084869,0,0,0
Category,Weekly,28,Organic,Boise,2026/07/12,2.100237126,7396.796708,35.80987328,4024.178985,0,3336.80785,3336.80785,0,0,0
Category,Weekly,25,Organic,Boston,2026/06/21,1.741405444,37829.57708,375.8018231,1729.622218,0,35724.15304,33640.18697,1743.482971,0,340.4830994
Category,Weekly,26,Organic,Boston,2026/06/28,1.813336175,35772.31815,398.4090899,1477.934264,0,33895.97479,31659.68231,2052.474255,0,183.8182298
Category,Weekly,27,Organic,Boston,2026/07/05,1.822016202,37790.73995,403.8268236,2043.50401,0,35343.40912,34938.61976,171.7960266,0,232.993333
Category,Weekly,28,Organic,Boston,2026/07/12,1.798836023,38729.49948,292.2582801,2146.985851,0,36290.25535,35988.7259,6.128863625,0,295.4005874
Category,Weekly,25,Organic,Buffalo/Rochester,2026/06/21,1.30540067,25987.65985,415.8020817,5.560064976,0,25566.2977,25566.2977,0,0,0
Category,Weekly,26,Organic,Buffalo/Rochester,2026/06/28,1.275975638,22120.8396,495.538189,7.878407944,0,21617.423,21617.423,0,0,0
Category,Weekly,27,Organic,Buffalo/Rochester,2026/07/05,1.335064629,24805.42217,556.1377277,24.0128651,0,24225.27157,24225.27157,0,0,0
Category,Weekly,28,Organic,Buffalo/Rochester,2026/07/12,1.347901245,22774.35466,379.7768977,6.70559206,2.13190286,22385.74026,22385.74026,0,0,0
Category,Weekly,25,Organic,Charlotte,2026/06/21,1.79514263,34248.07113,183.4936727,3093.117855,133.7039881,30837.75562,30837.75562,0,0,0
Category,Weekly,26,Organic,Charlotte,2026/06/28,1.805132788,33274.48148,161.7402465,2934.812595,1.044380902,30176.88426,30176.88426,0,0,0
Category,Weekly,27,Organic,Charlotte,2026/07/05,1.690708551,41324.74584,202.5756447,3062.661302,10.44317591,38049.06572,38049.06572,0,0,0
Category,Weekly,28,Organic,Charlotte,2026/07/12,1.658367068,42870.54086,923.1773966,2005.377993,9.396017441,39932.58946,39932.58946,0,0,0
Category,Weekly,25,Organic,Chicago,2026/06/21,1.555224574,70516.20932,138.7835899,20255.08872,0,50122.33701,50122.33701,0,0,0
Category,Weekly,26,Organic,Chicago,2026/06/28,1.53081569,71388.74369,126.6919943,18862.35737,0,52399.69433,52399.69433,0,0,0
Category,Weekly,27,Organic,Chicago,2026/07/05,1.572829255,70433.39466,146.8921294,22130.37097,0,48156.13156,48156.13156,0,0,0
Category,Weekly,28,Organic,Chicago,2026/07/12,1.571851799,67047.34434,163.6981982,21297.05283,0,45586.59331,45586.59331,0,0,0
Category,Weekly,25,Organic,Cincinnati/Dayton,2026/06/21,1.856192336,24253.82174,714.9840532,9538.379702,0,14000.45798,14000.45798,0,0,0
Category,Weekly,26,Organic,Cincinnati/Dayton,2026/06/28,1.940815712,20838.70399,682.5266738,9325.68449,0,10830.49283,10830.49283,0,0,0
Category,Weekly,27,Organic,Cincinnati/Dayton,2026/07/05,1.824898311,24959.05175,627.221793,9585.764648,2.051617705,14744.0137,14744.0137,0,0,0
Category,Weekly,28,Organic,Cincinnati/Dayton,2026/07/12,1.945089838,19308.73786,559.5679015,8782.908637,0,9966.261317,9966.261317,0,0,0
Category,Weekly,25,Organic,Columbus,2026/06/21,1.640917794,16346.73145,1565.776217,2569.357478,0,12211.59776,12211.59776,0,0,0
Category,Weekly,26,Organic,Columbus,2026/06/28,1.886259651,12911.38144,848.2925264,3872.641995,0,8190.446914,8190.446914,0,0,0
Category,Weekly,27,Organic,Columbus,2026/07/05,1.732113065,15588.80268,1399.000874,3245.67578,0,10944.12603,10944.12603,0,0,0
Category,Weekly,28,Organic,Columbus,2026/07/12,1.779335785,15610.87744,808.3692942,4089.819125,0,10712.68903,10712.68903,0,0,0
Category,Weekly,25,Organic,Dallas/Ft. Worth,2026/06/21,1.457914383,55731.88066,22036.75645,447.2090779,0,33247.91513,33247.91513,0,0,0
Category,Weekly,26,Organic,Dallas/Ft. Worth,2026/06/28,1.445938405,62401.73893,21000.88192,457.4804466,0,40943.37656,40943.37656,0,0,0
Category,Weekly,27,Organic,Dallas/Ft. Worth,2026/07/05,1.392373603,71118.04962,23030.82211,424.4974994,0,47662.73001,47662.73001,0,0,0
Category,Weekly,28,Organic,Dallas/Ft. Worth,2026/07/12,1.366899918,76099.82209,21606.72298,415.5145142,0,54077.5846,54077.5846,0,0,0
Category,Weekly,25,Organic,Denver,2026/06/21,1.677215048,105198.073,5222.632069,78020.47094,0,21954.97,21954.97,0,0,0
Category,Weekly,26,Organic,Denver,2026/06/28,1.963402306,50252.20219,5407.147742,16963.88496,0,27881.16949,27881.16949,0,0,0
Category,Weekly,27,Organic,Denver,2026/07/05,1.903821827,55482.01298,5558.240072,17402.84639,0,32520.92651,32520.92651,0,0,0
Category,Weekly,28,Organic,Denver,2026/07/12,1.925313966,52504.02997,4703.371488,18145.16586,0,29655.49263,29655.49263,0,0,0
Category,Weekly,25,Organic,Detroit,2026/06/21,1.369766969,32445.60461,10903.98446,404.6851581,0,21136.935,21135.03256,1.902433656,0,0
Category,Weekly,26,Organic,Detroit,2026/06/28,1.37033178,33149.30951,10249.99406,458.9806081,0,22440.33484,22437.07298,3.261856323,0,0
Category,Weekly,27,Organic,Detroit,2026/07/05,1.36258658,35037.99992,11500.48403,352.4822169,0,23185.03367,23185.03367,0,0,0
Category,Weekly,28,Organic,Detroit,2026/07/12,1.363437412,32682.95812,10402.67596,415.457607,0,21864.82455,21864.82455,0,0,0
Category,Weekly,25,Organic,Grand Rapids,2026/06/21,1.49468183,9841.008004,0.944999975,311.835217,0,9528.227787,9431.641385,0,0,96.58640156
Category,Weekly,26,Organic,Grand Rapids,2026/06/28,1.475728847,10254.98588,0.944999975,289.9834911,0,9964.057388,9885.19936,0,0,78.85802744
Category,Weekly,27,Organic,Grand Rapids,2026/07/05,1.496831029,10443.12975,7.43667758,383.2064817,0,10052.48659,9967.175521,0,0,85.31106737
Category,Weekly,28,Organic,Grand Rapids,2026/07/12,1.53318141,9737.329505,3.448244725,426.531148,0,9307.350112,9181.765667,0,0,125.5844457
Category,Weekly,25,Organic,Harrisburg/Scranton,2026/06/21,1.475146138,32637.69795,593.6024672,776.5909332,0,31267.50455,31232.34488,0,0,35.1596729
Category,Weekly,26,Organic,Harrisburg/Scranton,2026/06/28,1.429537698,29849.83353,335.3663632,680.9025353,0,28833.56463,28807.76078,0,0,25.80385541
Category,Weekly,27,Organic,Harrisburg/Scranton,2026/07/05,1.461079252,31125.68,614.05994,789.5508143,0,29722.06925,29716.68532,0,0,5.383927256
Category,Weekly,28,Organic,Harrisburg/Scranton,2026/07/12,1.453194246,27338.55061,483.1640476,609.7091079,0,26245.67745,26242.98555,0,0,2.691898227
Category,Weekly,25,Organic,Hartford/Springfield,2026/06/21,1.510058759,29392.6709,1054.650069,3965.643479,0,24372.37735,24217.60398,0,0,154.7733662
Category,Weekly,26,Organic,Hartford/Springfield,2026/06/28,1.477373892,29636.35878,690.8504617,3264.558692,0,25680.94963,25604.34193,0,0,76.60769901
Category,Weekly,27,Organic,Hartford/Springfield,2026/07/05,1.60897142,28187.65255,868.3730083,5296.216315,0,22023.06322,21922.06363,0,0,100.9995927
Category,Weekly,28,Organic,Hartford/Springfield,2026/07/12,1.582024939,30283.93476,775.9471841,5473.813782,0,24034.17379,23964.25388,0,0,69.91990662
Category,Weekly,25,Organic,Houston,2026/06/21,1.400151618,27698.89491,12949.66849,641.6703828,0,14107.55604,14107.55604,0,0,0
Category,Weekly,26,Organic,Houston,2026/06/28,1.375964591,39908.51934,15199.64942,571.7755505,0,24137.09438,24137.09438,0,0,0
Category,Weekly,27,Organic,Houston,2026/07/05,1.386688161,37388.63517,14760.91138,519.0774506,0,22108.64634,22108.64634,0,0,0
Category,Weekly,28,Organic,Houston,2026/07/12,1.367143213,37586.53357,13380.15593,613.689466,0,23592.68818,23592.68818,0,0,0
Category,Weekly,25,Organic,Indianapolis,2026/06/21,1.439398389,20263.2766,855.7729401,2516.826395,0,16890.67726,16890.67726,0,0,0
Category,Weekly,26,Organic,Indianapolis,2026/06/28,1.439571358,20880.92324,277.4388901,3218.792687,0,17384.69166,17384.69166,0,0,0
Category,Weekly,27,Organic,Indianapolis,2026/07/05,1.429579425,22372.67171,837.1293755,3089.645697,0,18445.89664,18445.89664,0,0,0
Category,Weekly,28,Organic,Indianapolis,2026/07/12,1.545452658,15451.77873,180.7165956,3102.561158,0,12168.50098,12168.50098,0,0,0
Category,Weekly,25,Organic,Jacksonville,2026/06/21,1.576754604,14116.84731,32.68343735,111.8411234,4.065416522,13968.25734,13966.94484,0,0,1.3125
Category,Weekly,26,Organic,Jacksonville,2026/06/28,1.570787441,14173.96511,24.47962743,172.1889709,1.016218947,13976.28029,13974.96779,0,0,1.3125
Category,Weekly,27,Organic,Jacksonville,2026/07/05,1.557763402,15646.72275,21.19582717,144.1414802,0,15481.38544,15476.13544,0,0,5.25
Category,Weekly,28,Organic,Jacksonville,2026/07/12,1.554176246,14779.83909,98.57922086,70.14842613,0,14611.11144,14609.79894,0,0,1.3125
Category,Weekly,25,Organic,Kansas City,2026/06/21,1.33538612,12513.56179,131.9712141,1523.475861,0,10858.11472,10858.11472,0,0,0
Category,Weekly,26,Organic,Kansas City,2026/06/28,1.340642313,15232.90695,141.7034204,1522.336733,0,13568.8668,13568.8668,0,0,0
Category,Weekly,27,Organic,Kansas City,2026/07/05,1.34036449,17008.54262,132.5155822,1396.656338,5.836074181,15473.53463,15473.53463,0,0,0
Category,Weekly,28,Organic,Kansas City,2026/07/12,1.325619053,14047.4099,122.6612166,1246.235487,0,12678.51319,12678.51319,0,0,0
Category,Weekly,25,Organic,Knoxville,2026/06/21,1.664720525,7563.531396,1110.663997,602.3183593,0,5850.54904,5850.54904,0,0,0
Category,Weekly,26,Organic,Knoxville,2026/06/28,1.69551584,7943.873156,1244.526715,695.6335576,0,6003.712884,6003.712884,0,0,0
Category,Weekly,27,Organic,Knoxville,2026/07/05,1.734749723,7866.468133,1383.531637,642.7089159,0,5840.22758,5840.22758,0,0,0
Category,Weekly,28,Organic,Knoxville,2026/07/12,1.762052996,7711.101177,1281.185382,724.1679306,0,5705.747864,5705.747864,0,0,0
Category,Weekly,25,Organic,Las Vegas,2026/06/21,1.470641199,26599.94541,9441.203041,2733.931108,0,14424.81127,14424.81127,0,0,0
Category,Weekly,26,Organic,Las Vegas,2026/06/28,1.50346792,24733.58283,7003.212094,3055.572074,0,14674.79867,14674.79867,0,0,0
Category,Weekly,27,Organic,Las Vegas,2026/07/05,1.51392999,24836.51925,7057.623392,2742.65046,0,15036.2454,15036.2454,0,0,0
Category,Weekly,28,Organic,Las Vegas,2026/07/12,1.474328433,24016.18736,6905.242241,2112.411429,0,14998.53369,14998.53369,0,0,0
Category,Weekly,25,Organic,Los Angeles,2026/06/21,1.742284138,259396.5297,67546.40569,10786.9626,0,181063.1614,180655.1794,0,0,407.9820213
Category,Weekly,26,Organic,Los Angeles,2026/06/28,1.740513934,248759.6493,64802.29444,9079.246491,2.870537595,174875.2378,174464.0387,0,0,411.1991844
Category,Weekly,27,Organic,Los Angeles,2026/07/05,1.757927515,252458.326,58339.36589,11624.43343,2.870709503,182491.656,182078.2484,0,0,413.4076195
Category,Weekly,28,Organic,Los Angeles,2026/07/12,1.727459592,255688.0995,59924.5063,11240.73591,1.433888125,184521.4234,184104.7704,0,0,416.6530209
Category,Weekly,25,Organic,Louisville,2026/06/21,1.723981186,11278.24008,156.2682215,2975.974507,0,8145.997357,8145.997357,0,0,0
Category,Weekly,26,Organic,Louisville,2026/06/28,1.766887407,11971.14015,571.753887,3002.050668,0,8397.33559,8397.33559,0,0,0
Category,Weekly,27,Organic,Louisville,2026/07/05,1.774090571,12512.5102,604.2548615,3211.830837,0,8696.424498,8696.424498,0,0,0
Category,Weekly,28,Organic,Louisville,2026/07/12,1.9034862,10456.18979,8.113852773,3745.821111,0,6702.254831,6702.254831,0,0,0
Category,Weekly,25,Organic,Miami/FT. Lauderdale,2026/06/21,1.43376563,98795.62201,73.70513685,585.9,0,98136.01687,98136.01687,0,0,0
Category,Weekly,26,Organic,Miami/FT. Lauderdale,2026/06/28,1.42671941,81258.40275,117.7370624,525,0,80615.66569,80615.66569,0,0,0
Category,Weekly,27,Organic,Miami/FT. Lauderdale,2026/07/05,1.442034017,68303.26116,90.75761115,279.3,0,67933.20355,67933.20355,0,0,0
Category,Weekly,28,Organic,Miami/FT. Lauderdale,2026/07/12,1.40675372,87030.00359,155.7383782,560.7,0,86313.56521,86313.56521,0,0,0
Category,Weekly,25,Organic,Milwaukee,2026/06/21,1.480763702,20948.77836,385.5128445,2996.223429,0,17567.04208,17567.04208,0,0,0
Category,Weekly,26,Organic,Milwaukee,2026/06/28,1.506373999,19687.32876,321.2633587,2990.772695,0,16375.2927,16375.2927,0,0,0
Category,Weekly,27,Organic,Milwaukee,2026/07/05,1.59491122,21543.16211,320.7931912,4767.42988,0,16454.93903,16454.93903,0,0,0
Category,Weekly,28,Organic,Milwaukee,2026/07/12,1.667078199,15512.92505,439.4600138,3515.498767,0,11557.96627,11557.96627,0,0,0
Category,Weekly,25,Organic,Minneapolis,2026/06/21,1.52479264,51024.76148,352.0008055,767.3621249,0,49905.39855,49905.39855,0,0,0
Category,Weekly,26,Organic,Minneapolis,2026/06/28,1.548020049,44543.37604,321.6246543,781.1526119,0,43440.59878,43440.59878,0,0,0
Category,Weekly,27,Organic,Minneapolis,2026/07/05,1.581315658,41658.64263,450.7191286,951.761239,0,40256.16226,40256.16226,0,0,0
Category,Weekly,28,Organic,Minneapolis,2026/07/12,1.629153633,36056.45517,400.8733547,913.2385527,0,34742.34327,34742.34327,0,0,0
Category,Weekly,25,Organic,Nashville,2026/06/21,1.598520496,22982.34523,605.1811878,3014.969752,0,19362.19429,19362.19429,0,0,0
Category,Weekly,26,Organic,Nashville,2026/06/28,1.579872189,21938.38684,887.3426431,2725.485814,0,18325.55838,18321.35838,4.2,0,0
Category,Weekly,27,Organic,Nashville,2026/07/05,1.593932927,22677.32385,1047.73265,2985.399192,0,18644.19201,18644.19201,0,0,0
Category,Weekly,28,Organic,Nashville,2026/07/12,1.623505331,20549.97597,403.2536895,3481.545409,0,16665.17687,16665.17687,0,0,0
Category,Weekly,25,Organic,Northern New England,2026/06/21,1.687659128,23623.02565,3151.520222,239.2022308,0,20232.3032,19403.59745,772.1179025,0,56.58784508
Category,Weekly,26,Organic,Northern New England,2026/06/28,1.701841364,23707.18349,3344.051605,241.0577266,0,20122.07416,19195.95058,862.5763664,0,63.54721435
Category,Weekly,27,Organic,Northern New England,2026/07/05,1.717545022,25260.52078,3791.841019,211.1870492,0,21257.49271,21041.36003,183.8137827,0,32.31890684
Category,Weekly,28,Organic,Northern New England,2026/07/12,1.785596329,21886.1991,2944.617246,136.6959849,0,18804.88587,18794.54661,0,0,10.33925268
Category,Weekly,25,Organic,New Orleans/Mobile,2026/06/21,1.294131083,15817.99658,291.2728002,3.7799999,0,15522.94378,15522.94378,0,0,0
Category,Weekly,26,Organic,New Orleans/Mobile,2026/06/28,1.268533411,27390.38651,251.7438981,1.88999995,0,27136.75261,27136.75261,0,0,0
Category,Weekly,27,Organic,New Orleans/Mobile,2026/07/05,1.259807731,21517.96778,288.3409671,0,0,21229.62681,21229.62681,0,0,0
Category,Weekly,28,Organic,New Orleans/Mobile,2026/07/12,1.283172054,22581.63728,305.8121383,10.3949996,0,22265.43015,22265.43015,0,0,0
Category,Weekly,25,Organic,New York,2026/06/21,1.620380323,192260.9436,15273.42053,13365.97049,0,163621.5526,160098.613,3398.169475,0,124.7701256
Category,Weekly,26,Organic,New York,2026/06/28,1.587373461,186120.3055,10378.07633,12061.84648,0,163680.3827,159831.2002,3720.859034,0,128.3234847
Category,Weekly,27,Organic,New York,2026/07/05,1.68484987,184080.2079,15657.9432,13026.79436,0,155395.4703,151826.7735,3459.189741,0,109.5071225
Category,Weekly,28,Organic,New York,2026/07/12,1.635019747,190095.7529,13227.08498,13584.12786,3.091631735,163281.4484,159748.4456,3458.880767,0,74.12201185
Category,Weekly,25,Organic,Omaha,2026/06/21,1.44651175,8411.654782,1053.026799,1230.040002,0,6128.587981,6128.587981,0,0,0
Category,Weekly,26,Organic,Omaha,2026/06/28,1.390778631,14235.05169,1110.249778,1246.029591,0,11878.77232,11878.77232,0,0,0
Category,Weekly,27,Organic,Omaha,2026/07/05,1.426193145,11612.63306,1257.487459,1451.206991,0,8903.938613,8903.938613,0,0,0
Category,Weekly,28,Organic,Omaha,2026/07/12,1.35533121,13853.83562,963.3337823,1178.294264,0,11712.20758,11712.20758,0,0,0
Category,Weekly,25,Organic,Orlando,2026/06/21,1.490791809,44404.59281,45.98814203,134.4,0,44224.20467,44224.20467,0,0,0
Category,Weekly,26,Organic,Orlando,2026/06/28,1.535501749,41753.48583,30.02665985,89.25,0,41634.20917,41634.20917,0,0,0
Category,Weekly,27,Organic,Orlando,2026/07/05,1.557559671,41136.89281,78.61058859,99.75,0,40958.53222,40958.53222,0,0,0
Category,Weekly,28,Organic,Orlando,2026/07/12,1.519691648,38464.16211,73.14672691,99.75,0,38291.26538,38291.26538,0,0,0
Category,Weekly,25,Organic,Peoria/Springfield,2026/06/21,1.512588192,9951.780792,128.5791848,1222.070947,0,8601.13066,8601.13066,0,0,0
Category,Weekly,26,Organic,Peoria/Springfield,2026/06/28,1.514807759,9483.789979,31.47795981,1377.258584,3.956123452,8071.097312,8071.097312,0,0,0
Category,Weekly,27,Organic,Peoria/Springfield,2026/07/05,1.526184526,10073.79989,131.0398002,1295.351211,0,8647.408882,8647.408882,0,0,0
Category,Weekly,28,Organic,Peoria/Springfield,2026/07/12,1.478174994,8948.629244,5.265335759,1001.285293,0,7942.078616,7942.078616,0,0,0
Category,Weekly,25,Organic,Philadelphia,2026/06/21,1.671736235,64018.88618,2978.987272,6470.793456,0,54569.10546,50376.60204,4021.391073,0,171.1123452
Category,Weekly,26,Organic,Philadelphia,2026/06/28,1.607825168,60438.13476,1721.642396,5655.517981,0,53060.97438,49114.91305,3881.627624,0,64.43371195
Category,Weekly,27,Organic,Philadelphia,2026/07/05,1.652954357,59859.16791,2861.732572,5975.026522,0,51022.40882,47575.38115,3335.05905,0,111.9686113
Category,Weekly,28,Organic,Philadelphia,2026/07/12,1.672032987,59715.06531,2826.375025,6007.374351,0,50881.31593,47019.80436,3822.971823,0,38.53974755
Category,Weekly,25,Organic,Phoenix/Tucson,2026/06/21,1.459189033,59389.06015,21592.17556,6058.152916,0,31738.73168,31738.73168,0,0,0
Category,Weekly,26,Organic,Phoenix/Tucson,2026/06/28,1.453079293,56623.00285,21223.36677,6127.269202,0,29272.36688,29272.36688,0,0,0
Category,Weekly,27,Organic,Phoenix/Tucson,2026/07/05,1.431696664,56670.49603,19502.95673,5649.504643,0,31518.03466,31518.03466,0,0,0
Category,Weekly,28,Organic,Phoenix/Tucson,2026/07/12,1.415047873,57107.86324,20140.35695,4929.47083,0,32038.03546,32038.03546,0,0,0
Category,Weekly,25,Organic,Pittsburgh,2026/06/21,1.447969205,11622.63898,1357.296326,2.546018969,0,10262.79664,10262.79664,0,0,0
Category,Weekly,26,Organic,Pittsburgh,2026/06/28,1.422403356,13810.00268,1517.285585,14.01142081,0,12278.70567,12278.70567,0,0,0
Category,Weekly,27,Organic,Pittsburgh,2026/07/05,1.456462234,11058.01633,1443.625431,1.273551007,0,9613.117347,9613.117347,0,0,0
Category,Weekly,28,Organic,Pittsburgh,2026/07/12,1.446375396,11368.79329,1288.562701,0,0,10080.23059,10080.23059,0,0,0
Category,Weekly,25,Organic,Portland,2026/06/21,2.250738132,53717.61507,284.6924337,19145.90483,1.37248673,34285.64532,34285.64532,0,0,0
Category,Weekly,26,Organic,Portland,2026/06/28,2.241514335,54914.05295,240.4627797,17379.03794,0,37294.55223,37294.55223,0,0,0
Category,Weekly,27,Organic,Portland,2026/07/05,2.30327379,57694.27659,272.0668137,21080.79757,0,36341.4122,36341.4122,0,0,0
Category,Weekly,28,Organic,Portland,2026/07/12,2.262866546,54886.29049,251.2726736,19374.78056,0,35260.23725,35260.23725,0,0,0
Category,Weekly,25,Organic,Providence,2026/06/21,1.547598432,8411.843846,6.53149983,16.37423406,0,8388.938112,8037.97784,344.9588055,0,6.001466757
Category,Weekly,26,Organic,Providence,2026/06/28,1.640069816,8426.103382,12.2678327,13.6309252,0,8400.204624,8123.556282,270.7036537,0,5.944687879
Category,Weekly,27,Organic,Providence,2026/07/05,1.705441478,8121.356747,6.250223999,12.23616008,0,8102.870363,8081.990111,3.219572995,0,17.66067975
Category,Weekly,28,Organic,Providence,2026/07/12,1.68559066,7675.120393,16.48682754,32.54022089,0,7626.093345,7626.093345,0,0,0
Category,Weekly,25,Organic,Raleigh/Greensboro,2026/06/21,1.604377723,42278.41241,392.2686602,1923.634772,99.6643558,39862.84462,39602.44462,0,0,260.4
Category,Weekly,26,Organic,Raleigh/Greensboro,2026/06/28,1.651264166,40371.41678,379.755844,2157.199926,4.153267212,37830.30774,37460.70774,0,0,369.6
Category,Weekly,27,Organic,Raleigh/Greensboro,2026/07/05,1.641555525,42474.2603,402.6306695,2001.879301,3.114460031,40066.63587,39508.03587,0,0,558.6
Category,Weekly,28,Organic,Raleigh/Greensboro,2026/07/12,1.625447464,43702.82459,520.5510084,1740.337714,11.42239962,41430.51347,40783.71347,0,0,646.8
Category,Weekly,25,Organic,Richmond/Norfolk,2026/06/21,1.51199692,35374.15322,81.94929973,3354.471508,36.69005995,31901.04235,31878.72985,0,0,22.3125
Category,Weekly,26,Organic,Richmond/Norfolk,2026/06/28,1.48279286,34558.06456,15.10822363,3219.065806,6.114868184,31317.77566,31278.40066,0,0,39.375
Category,Weekly,27,Organic,Richmond/Norfolk,2026/07/05,1.518305893,34583.44799,211.0466759,3741.405763,0,30630.99555,30604.48305,4.2,0,22.3125
Category,Weekly,28,Organic,Richmond/Norfolk,2026/07/12,1.578322678,31012.07322,67.63632199,3389.90885,7.130758275,27547.39729,27489.64729,0,0,57.75
Category,Weekly,25,Organic,Roanoke,2026/06/21,1.65887508,16361.02564,76.36960633,3419.886936,0,12864.76909,12864.76909,0,0,0
Category,Weekly,26,Organic,Roanoke,2026/06/28,1.705983291,14919.19009,13.66466815,3209.272586,0,11696.25283,11696.25283,0,0,0
Category,Weekly,27,Organic,Roanoke,2026/07/05,1.683609672,17272.8667,33.27780798,3656.663873,0,13582.92502,13580.82502,0,0,2.1
Category,Weekly,28,Organic,Roanoke,2026/07/12,1.672275248,15945.67641,39.13879773,3255.459781,0,12651.07783,12651.07783,0,0,0
Category,Weekly,25,Organic,Sacramento,2026/06/21,1.755638476,34493.89589,5612.733844,215.336948,0,28665.8251,28098.0086,0,0,567.8164923
Category,Weekly,26,Organic,Sacramento,2026/06/28,1.765648555,35435.69224,6438.920825,220.1636153,0,28776.6078,28064.59297,0,0,712.0148367
Category,Weekly,27,Organic,Sacramento,2026/07/05,1.790536833,39293.49792,8813.851076,281.1868863,0,30198.45996,29321.80649,0,0,876.6534641
Category,Weekly,28,Organic,Sacramento,2026/07/12,1.782295871,36334.1818,6274.954977,219.7516906,0,29839.47514,29221.33426,0,0,618.1408768
Category,Weekly,25,Organic,San Diego,2026/06/21,1.86339471,50366.421,14564.13014,2375.797187,0,33426.49367,32961.53228,0,0,464.9613922
Category,Weekly,26,Organic,San Diego,2026/06/28,1.864573374,49470.17871,15118.21286,1880.387401,0,32471.57844,32121.28785,0,0,350.2905888
Category,Weekly,27,Organic,San Diego,2026/07/05,1.863552412,49313.7871,14525.91721,2536.702242,0,32251.16765,31603.90612,4.2,0,643.0615299
Category,Weekly,28,Organic,San Diego,2026/07/12,1.823846087,47857.97261,12461.63598,2275.919775,0,33120.41685,32300.05175,8.4,0,811.9651073
Category,Weekly,25,Organic,San Francisco,2026/06/21,1.861938205,177246.3903,20458.85524,1418.30539,0,155369.2296,152600.009,0,0,2769.220685
Category,Weekly,26,Organic,San Francisco,2026/06/28,1.856323461,175308.8838,19532.04381,1326.126404,0,154450.7136,150244.7648,0,0,4205.948727
Category,Weekly,27,Organic,San Francisco,2026/07/05,1.876852626,173865.4769,22401.95474,1370.628125,0,150092.894,146899.5232,0,0,3193.370803
Category,Weekly,28,Organic,San Francisco,2026/07/12,1.853452854,180528.1257,18702.28581,1482.669539,0,160343.1704,157567.9486,0,0,2775.221761
Category,Weekly,25,Organic,Seattle,2026/06/21,2.270320591,86958.21121,330.7995873,35487.70591,9.201910705,51130.5038,51130.5038,0,0,0
Category,Weekly,26,Organic,Seattle,2026/06/28,2.241983119,97790.74572,342.2641188,32347.05825,6.898133279,65094.52522,65094.52522,0,0,0
Category,Weekly,27,Organic,Seattle,2026/07/05,2.299429922,96840.73471,283.0645685,39814.66186,326.9699936,56416.03829,56416.03829,0,0,0
Category,Weekly,28,Organic,Seattle,2026/07/12,2.255249531,105125.1215,411.7264434,35442.16961,111.5100016,69159.7154,69159.7154,0,0,0
Category,Weekly,25,Organic,Spokane,2026/06/21,2.113407047,6005.533637,94.82528984,2822.663783,9.45,3078.594565,3078.594565,0,0,0
Category,Weekly,26,Organic,Spokane,2026/06/28,2.097184986,5696.587263,98.2800004,2668.796202,1.88999995,2927.621061,2927.621061,0,0,0
Category,Weekly,27,Organic,Spokane,2026/07/05,2.094838747,6492.442465,105.5344168,2970.562611,8.505000401,3407.840436,3407.840436,0,0,0
Category,Weekly,28,Organic,Spokane,2026/07/12,2.085364667,5713.047326,103.5870675,2793.145218,12.2849998,2804.030041,2804.030041,0,0,0
Category,Weekly,25,Organic,St. Louis,2026/06/21,1.422083065,24590.90068,876.483159,2314.006743,49.62625196,21350.78452,21350.78452,0,0,0
Category,Weekly,26,Organic,St. Louis,2026/06/28,1.373396359,24301.40622,916.1292788,2122.083865,16.53947466,21246.6536,21246.6536,0,0,0
Category,Weekly,27,Organic,St. Louis,2026/07/05,1.471553168,24515.3955,1231.816063,2581.973741,0,20701.6057,20701.6057,0,0,0
Category,Weekly,28,Organic,St. Louis,2026/07/12,1.384145787,22168.37526,1006.569442,1443.955757,0,19717.85006,19717.85006,0,0,0
Category,Weekly,25,Organic,Syracuse,2026/06/21,1.368266223,9728.883475,321.3809705,199.6458828,0,9207.856622,9117.297821,0,0,90.55880127
Category,Weekly,26,Organic,Syracuse,2026/06/28,1.314353377,9631.15426,361.7763952,219.0972386,0,9050.280626,9001.153826,0,0,49.12679992
Category,Weekly,27,Organic,Syracuse,2026/07/05,1.330106876,10214.03966,382.8857866,86.96067006,0,9744.1932,9700.473975,0,0,43.71922431
Category,Weekly,28,Organic,Syracuse,2026/07/12,1.357134446,9702.777532,273.9230187,55.72761056,0,9373.126903,9326.66419,0,0,46.46271235
Category,Weekly,25,Organic,Tampa,2026/06/21,1.540388455,37048.17733,97.88663043,88.2,0,36862.0907,36856.8407,0,0,5.25
Category,Weekly,26,Organic,Tampa,2026/06/28,1.519144416,32440.54767,56.62517105,33.6,0,32350.3225,32347.6975,0,0,2.625
Category,Weekly,27,Organic,Tampa,2026/07/05,1.504345059,34601.28837,72.62399185,1.076515669,0,34527.58787,34519.71287,0,0,7.875
Category,Weekly,28,Organic,Tampa,2026/07/12,1.498674697,31708.38544,72.88754732,55.65,0,31579.84789,31578.53539,0,0,1.3125
Category,Weekly,25,Organic,Toledo,2026/06/21,1.578389726,9145.322475,358.4823364,1279.691338,0,7507.1488,7507.1488,0,0,0
Category,Weekly,26,Organic,Toledo,2026/06/28,1.665998771,8080.111278,53.35444673,1696.083192,0,6330.673639,6330.673639,0,0,0
Category,Weekly,27,Organic,Toledo,2026/07/05,1.57365829,10214.44768,512.3300582,1476.56724,0,8225.550379,8225.550379,0,0,0
Category,Weekly,28,Organic,Toledo,2026/07/12,1.619088465,8957.328518,20.74781568,1818.16492,0,7118.415783,7118.415783,0,0,0
Category,Weekly,25,Organic,West Tex/New Mexico,2026/06/21,1.490012685,21879.21333,3730.54467,1203.650334,0,16945.01832,16945.01832,0,0,0
Category,Weekly,26,Organic,West Tex/New Mexico,2026/06/28,1.38828555,39744.26594,3076.52467,1142.387944,0,35525.35332,35525.35332,0,0,0
Category,Weekly,27,Organic,West Tex/New Mexico,2026/07/05,1.433728045,31974.93305,3556.468204,1156.089421,0,27262.37543,27262.37543,0,0,0
Category,Weekly,28,Organic,West Tex/New Mexico,2026/07/12,1.373471608,40537.19593,3556.164615,896.1762541,0,36084.85506,36084.85506,0,0,0
Category,Weekly,25,Organic,Wichita,2026/06/21,1.319843866,5517.362408,2898.954823,18.28891415,0,2600.118671,2600.118671,0,0,0
Category,Weekly,26,Organic,Wichita,2026/06/28,1.381559744,5207.014678,2471.584192,16.25220019,0,2719.178286,2719.178286,0,0,0
Category,Weekly,27,Organic,Wichita,2026/07/05,1.438221286,5227.559667,2842.08351,2.031084709,0,2383.445072,2383.445072,0,0,0
Category,Weekly,28,Organic,Wichita,2026/07/12,1.341684931,5891.678318,2363.968955,5.740368419,0,3521.968995,3521.968995,0,0,0
Category,Weekly,25,Organic,California,2026/06/21,1.79976569,627712.7952,131660.0707,16471.24244,0,479581.4821,472833.9395,0,0,6747.542543
Category,Weekly,26,Organic,California,2026/06/28,1.795222827,619795.1602,131379.8711,13977.76855,3.038295827,474434.4823,465042.0685,0,0,9392.413752
Category,Weekly,27,Organic,California,2026/07/05,1.812461646,632308.1536,137352.284,17635.33211,3.036077018,477317.5015,468342.0203,4.2,0,8971.281174
Category,Weekly,28,Organic,California,2026/07/12,1.786400827,630537.7227,121219.661,16846.35302,1.514416272,492470.1943,485163.7647,8.4,0,7298.029675
Category,Weekly,25,Organic,Great Lakes,2026/06/21,1.506704624,305655.2235,19641.65658,46910.18429,1.10280556,239102.2799,238871.3042,1.910961378,0,229.0647544
Category,Weekly,26,Organic,Great Lakes,2026/06/28,1.521181436,297586.4337,17429.35313,48770.62542,7.536968359,231378.9182,231167.4848,3.277039665,0,208.156369
Category,Weekly,27,Organic,Great Lakes,2026/07/05,1.519146683,319333.5119,20682.4099,53726.94161,2.051617705,244922.1088,244773.3556,0,0,148.7531381
Category,Weekly,28,Organic,Great Lakes,2026/07/12,1.547581062,273896.5585,16369.24498,50866.00058,0,206661.3129,206441.2926,0,0,220.0203412
Category,Weekly,25,Organic,Midsouth,2026/06/21,1.61339553,413516.832,4916.972104,42044.21055,556.5900062,365999.0593,353496.8098,7856.371975,0,4645.877552
Category,Weekly,26,Organic,Midsouth,2026/06/28,1.613684947,406907.4079,5849.982999,40438.645,32.6338314,360586.1461,350417.0977,8568.525395,0,1600.523009
Category,Weekly,27,Organic,Midsouth,2026/07/05,1.629199574,422827.9274,7112.829934,43560.925,21.48842655,372132.684,360037.332,8090.868748,0,4004.483281
Category,Weekly,28,Organic,Midsouth,2026/07/12,1.649883566,407474.8271,5541.367376,42786.6469,51.49771131,359095.3151,347017.3619,10943.59357,0,1134.359644
Category,Weekly,25,Organic,Northeast,2026/06/21,1.58691134,482837.7855,29295.63216,28568.1674,0,424973.9859,412902.9302,10763.40686,0,1307.648871
Category,Weekly,26,Organic,Northeast,2026/06/28,1.561072322,468174.5376,21641.10954,25769.78399,0,420763.6441,408608.5613,11326.45072,0,828.6321201
Category,Weekly,27,Organic,Northeast,2026/07/05,1.635822088,469945.2786,30164.81608,30475.49877,0,409304.9637,400720.9753,7798.259164,0,785.7292513
Category,Weekly,28,Organic,Northeast,2026/07/12,1.615535423,465194.1399,24731.47439,30533.80227,5.270406486,409923.5929,401413.7854,7887.383877,0,622.4236019
Category,Weekly,25,Organic,Plains,2026/06/21,1.46514737,168015.3767,9909.091728,13699.90993,58.94321516,144347.4318,144347.4318,0,0,0
Category,Weekly,26,Organic,Plains,2026/06/28,1.475667988,180096.3654,9798.79478,14556.34512,16.99061255,155724.2349,155724.2349,0,0,0
Category,Weekly,27,Organic,Plains,2026/07/05,1.50726945,175690.8628,11021.22634,15928.00518,6.827703437,148734.8036,148734.8036,0,0,0
Category,Weekly,28,Organic,Plains,2026/07/12,1.488680237,154477.0863,8821.092183,13597.29657,0,132058.6976,132058.6976,0,0,0
Category,Weekly,25,Organic,South Central,2026/06/21,1.454107183,157450.2129,49955.81859,4187.298354,0,103307.096,103283.8446,20.02889387,0,3.22244212
Category,Weekly,26,Organic,South Central,2026/06/28,1.387346993,230680.8482,50492.22318,3637.045222,0,176551.5798,176522.7483,28.83147746,0,0
Category,Weekly,27,Organic,South Central,2026/07/05,1.375333171,227364.1222,49792.87275,3770.172883,0,173801.0765,173796.2433,0,0,4.833251435
Category,Weekly,28,Organic,South Central,2026/07/12,1.35902342,251802.5066,50031.81735,3445.892285,0,198324.797,198318.3512,0,0,6.445834091
Category,Weekly,25,Organic,Southeast,2026/06/21,1.480549482,413635.205,28613.62538,5941.33454,98.32096421,378981.9241,378938.6116,0,0,43.3125
Category,Weekly,26,Organic,Southeast,2026/06/28,1.470104871,384511.8523,25340.41203,6512.261832,2.116452081,352657.062,352618.9995,0,0,38.0625
Category,Weekly,27,Organic,Southeast,2026/07/05,1.484245741,373675.5264,27421.40425,5529.043614,8.128734294,340716.9498,340663.1373,0,0,53.8125
Category,Weekly,28,Organic,Southeast,2026/07/12,1.463687264,370666.2162,23364.26138,4770.197862,2.142946212,342529.614,342499.164,4.2,0,26.25
Category,Weekly,25,Organic,West,2026/06/21,1.843232273,537649.9019,67568.67462,214771.0736,34.3857694,255275.7679,255210.2384,0,0,65.52950699
Category,Weekly,26,Organic,West,2026/06/28,1.925491079,469504.2572,60672.1652,124679.1364,57.11572445,284095.8399,284061.3734,0,0,34.46644607
Category,Weekly,27,Organic,West,2026/07/05,1.934862974,489775.143,62020.35325,140882.0467,630.3165644,286242.4264,286138.069,0,0,104.3574065
Category,Weekly,28,Organic,West,2026/07/12,1.912875635,489720.6671,61507.02008,129720.0735,223.0205432,298270.5529,298253.3265,0,0,17.22643883
Category,Weekly,25,Organic,Total U.S.,2026/06/21,1.642438972,3106473.333,341561.5419,372593.4211,749.3427606,2391569.027,2359885.11,18641.71869,0,13042.19817
Category,Weekly,26,Organic,Total U.S.,2026/06/28,1.638044856,3057256.863,322603.9119,278341.6116,119.4318847,2456191.907,2424162.568,19927.08463,0,12102.2542
Category,Weekly,27,Organic,Total U.S.,2026/07/05,1.661423239,3110920.526,345568.1965,311507.9659,671.8491234,2453172.514,2423205.936,15893.32791,0,14073.25
Category,Weekly,28,Organic,Total U.S.,2026/07/12,1.651104047,3043769.724,311585.9387,292566.263,283.4460235,2439334.077,2411165.744,18843.57745,0,9324.755535
Category,Weekly,29,Conventional,5 Boroughs/New York City,2026/07/19,1.291228828,668527.0734,97771.67608,266410.0226,16706.76492,287638.6097,244267.2718,14561.53952,10058.38511,18751.41332
Category,Weekly,30,Conventional,5 Boroughs/New York City,2026/07/26,1.199972035,785076.5018,109750.1842,393215.2463,6791.854454,275319.2168,236040.0252,14086.8,7487.838265,17704.55328
Category,Weekly,31,Conventional,5 Boroughs/New York City,2026/08/02,1.200966578,722299.2662,115070.4008,243674.6952,5958.681249,357595.4889,301753.9076,21628.20524,17480.57236,16732.80375
Category,Weekly,32,Conventional,5 Boroughs/New York City,2026/08/09,1.109394892,867610.668,119678.757,449554.3292,4739.597916,293637.9839,253311.0459,17133.92576,7154.308282,16038.70399
Category,Weekly,29,Conventional,Albany,2026/07/19,0.933119072,147337.3199,61986.30028,45758.82148,167.4609102,39424.73719,31580.04859,3194.289442,590.4430142,4059.956146
Category,Weekly,30,Conventional,Albany,2026/07/26,0.929733697,148481.7214,63521.80392,46159.97891,202.7338178,38597.20477,31208.6032,2860.9875,489.3891469,4038.224925
Category,Weekly,31,Conventional,Albany,2026/08/02,0.91254131,161557.1857,67241.95971,53052.27048,197.6530823,41065.30246,31450.22653,3289.125,522.4759174,5803.475013
Category,Weekly,32,Conventional,Albany,2026/08/09,0.908355525,122759.5336,63676.66938,18561.45412,225.0019464,40296.40812,31563.77902,3112.808072,669.1946055,4950.626429
Category,Weekly,29,Conventional,Atlanta,2026/07/19,1.104855962,1067291.98,558971.3213,100796.3495,23.54174738,407500.7673,350685.9982,52299.65165,1002.942766,3512.174674
Category,Weekly,30,Conventional,Atlanta,2026/07/26,1.131138258,1072966.587,535737.6743,104991.0702,20.33317472,432217.5093,361287.7232,66389.925,684.612797,3855.248278
Category,Weekly,31,Conventional,Atlanta,2026/08/02,1.122070615,1104152.788,552008.2215,98960.37421,24.87287986,453159.3195,396476.5925,52182.1125,354.375,4146.23953
Category,Weekly,32,Conventional,Atlanta,2026/08/09,1.095322779,1115960.318,561415.5746,108903.1445,23.32456286,445618.2747,394378.0809,46639.6875,256.725,4343.781358
Category,Weekly,29,Conventional,Baltimore/Washington,2026/07/19,1.036518737,1793786.032,611834.7491,142580.2017,4071.97212,1035299.109,884024.4688,68330.72079,29414.97706,53528.94196
Category,Weekly,30,Conventional,Baltimore/Washington,2026/07/26,1.02746534,1853305.794,658701.8832,152528.3097,2166.274472,1039909.326,903874.8702,73320.45018,19378.5028,43335.50306
Category,Weekly,31,Conventional,Baltimore/Washington,2026/08/02,0.989184813,1958305.795,605889.0658,157427.7299,2163.450874,1192825.549,1013783.483,111666.6254,23027.75408,44347.68619
Category,Weekly,32,Conventional,Baltimore/Washington,2026/08/09,1.016670836,1786135.089,624401.3419,147358.5415,2046.01737,1012329.188,885019.8501,69885.02063,13781.32201,43642.99519
Category,Weekly,29,Conventional,Birmingham/Montgomery,2026/07/19,0.897358592,437785.9839,281635.7801,13133.4131,6.481350499,143010.3093,122239.3984,17983.75267,580.3875,2206.770725
Category,Weekly,30,Conventional,Birmingham/Montgomery,2026/07/26,0.900562752,433780.3269,268588.1949,13578.05515,1.350616658,151612.7262,117367.3909,30084.6,955.2375,3205.497857
Category,Weekly,31,Conventional,Birmingham/Montgomery,2026/08/02,0.903411713,430860.697,262075.2978,10849.12697,23.05396919,157913.2182,135629.8522,19282.725,357.13125,2643.509736
Category,Weekly,32,Conventional,Birmingham/Montgomery,2026/08/09,0.869270599,448665.9747,282146.3134,12803.76793,0,153715.8934,135132.3353,15901.33125,107.8875,2574.339429
Category,Weekly,29,Conventional,Boise,2026/07/19,1.256966707,173409.3158,82347.57611,32057.00688,172.4943498,58832.2385,40266.27542,14763.3915,2.75625,3799.815332
Category,Weekly,30,Conventional,Boise,2026/07/26,1.114277453,185753.9447,96862.68558,26186.88652,142.0766295,62562.29595,46170.36093,9227.4,0,7164.535024
Category,Weekly,31,Conventional,Boise,2026/08/02,1.156501118,186114.2211,85344.23924,26761.52536,120.0458654,73888.41062,50818.70614,10590.3,0,12479.40447
Category,Weekly,32,Conventional,Boise,2026/08/09,1.102983075,197760.5773,107461.0189,25543.45745,176.0877354,64580.0133,37007.76614,22768.2,5.5125,4798.534661
Category,Weekly,29,Conventional,Boston,2026/07/19,1.190432019,817059.0198,288427.33,242529.2919,364.1300593,285738.2678,256582.9067,20039.68097,404.8311498,8710.848999
Category,Weekly,30,Conventional,Boston,2026/07/26,1.167775357,850304.7808,292129.4165,292635.7521,426.3613755,265113.2508,236718.3561,21291.44865,325.0956528,6778.350389
Category,Weekly,31,Conventional,Boston,2026/08/02,1.252324058,810850.1119,268343.5644,248517.1525,380.2050049,293609.19,262935.4111,24058.17686,334.6666186,6280.935366
Category,Weekly,32,Conventional,Boston,2026/08/09,1.206361293,842621.4087,272900.5896,294835.9752,362.0699545,274522.7739,248109.7536,18111.16389,1588.136165,6713.720303
Category,Weekly,29,Conventional,Buffalo/Rochester,2026/07/19,0.93649559,263972.545,106598.8172,24141.68234,750.4657549,132481.5797,115071.4921,5552.418201,2.75625,11854.91311
Category,Weekly,30,Conventional,Buffalo/Rochester,2026/07/26,0.916138428,272117.3751,115888.9907,25350.3276,793.1516165,130084.9052,113134.3512,5361.825,5.5125,11583.21646
Category,Weekly,31,Conventional,Buffalo/Rochester,2026/08/02,0.955437003,262421.5513,100152.204,25598.87228,976.5994485,135693.8755,113338.0249,5178.075,0,17177.7756
Category,Weekly,32,Conventional,Buffalo/Rochester,2026/08/09,0.919715405,278068.1045,116621.5658,23792.99125,791.9118277,136861.6356,116286.9158,7028.175,0,13546.54487
Category,Weekly,29,Conventional,Charlotte,2026/07/19,1.012814081,576446.574,292933.1952,56247.00908,208.594855,227057.7748,169927.9033,16407.87172,227.19375,40494.80607
Category,Weekly,30,Conventional,Charlotte,2026/07/26,1.098341486,523971.7929,251120.7535,46781.96349,198.4767282,225870.5992,153656.9222,29398.1625,127.18125,42688.33327
Category,Weekly,31,Conventional,Charlotte,2026/08/02,1.050887302,541634.7995,254533.0825,53218.88239,101.4828788,233781.3517,184029.3049,8529.01875,116.15625,41106.87178
Category,Weekly,32,Conventional,Charlotte,2026/08/09,1.085992232,532083.4193,251519.4685,47940.28324,95.66619624,232528.0014,171872.5408,22198.18125,68.90625,38388.37313
Category,Weekly,29,Conventional,Chicago,2026/07/19,1.030786035,1685164.028,819010.9953,186817.3836,23771.1926,655564.4563,608006.9343,27973.15088,1713.99375,17870.37738
Category,Weekly,30,Conventional,Chicago,2026/07/26,0.989461516,1692058.284,871083.2512,174490.4272,42790.35342,603694.2517,535744.1549,47290.425,1081.288905,19578.38293
Category,Weekly,31,Conventional,Chicago,2026/08/02,0.956045557,1820358.822,895679.4899,193185.0936,47858.34872,683635.8902,628732.3178,33020.1375,1161.220153,20722.2147
Category,Weekly,32,Conventional,Chicago,2026/08/09,0.921112607,1793722.18,955503.8861,189204.1279,30610.29575,618403.8707,566496.6757,28851.24375,2050.25625,21005.69491
Category,Weekly,29,Conventional,Cincinnati/Dayton,2026/07/19,1.26406917,378490.5207,168613.2202,89074.88428,9031.442537,111770.9737,101687.0013,7720.921798,1860.050062,503.0005293
Category,Weekly,30,Conventional,Cincinnati/Dayton,2026/07/26,1.252605658,387624.9884,183501.6005,78615.89839,19780.27799,105727.2115,95088.80876,8941.275,1321.218942,375.9087752
Category,Weekly,31,Conventional,Cincinnati/Dayton,2026/08/02,1.258126525,396224.1922,178580.5756,78416.46666,24776.8222,114450.3277,105670.6507,6355.9125,1565.15473,858.6096795
Category,Weekly,32,Conventional,Cincinnati/Dayton,2026/08/09,1.268717706,382274.2881,178957.7133,79959.8157,14464.54939,108892.2098,103843.8428,2752.575,1860.861756,434.9302241
Category,Weekly,29,Conventional,Columbus,2026/07/19,1.186883477,363263.7713,143495.664,63987.10637,8945.345717,146835.6552,130803.3973,15680.52356,0,351.7344136
Category,Weekly,30,Conventional,Columbus,2026/07/26,1.178366835,360837.3954,143385.094,60302.23437,17610.77316,139539.2939,128770.8437,10574.8125,8.26875,185.3689632
Category,Weekly,31,Conventional,Columbus,2026/08/02,1.140380904,369850.2175,146265.9714,54756.15698,19070.70523,149757.3839,138489.9275,11048.8875,2.75625,215.812621
Category,Weekly,32,Conventional,Columbus,2026/08/09,1.145886298,367231.0568,144627.5387,68885.01595,12246.98865,141471.5135,132572.7222,8524.1625,0,374.6288081
Category,Weekly,29,Conventional,Dallas/Ft. Worth,2026/07/19,0.953947032,1692790.554,771014.9693,194874.3803,8664.465571,718236.7392,598225.114,92300.15973,2275.300087,25436.16541
Category,Weekly,30,Conventional,Dallas/Ft. Worth,2026/07/26,0.896023481,1808246.256,744196.7876,199937.3544,3559.637782,860552.476,741659.4302,92375.14323,2903.663229,23614.23939
Category,Weekly,31,Conventional,Dallas/Ft. Worth,2026/08/02,0.956086794,1737416.196,756565.0336,179480.3546,4052.279303,797318.528,609453.4108,160381.3122,2981.544929,24502.26013
Category,Weekly,32,Conventional,Dallas/Ft. Worth,2026/08/09,0.939088097,1713806.265,780467.7443,169758.5785,4040.013055,759539.9292,592084.8012,138344.378,1683.751644,27426.99836
Category,Weekly,29,Conventional,Denver,2026/07/19,1.33422052,1195107.798,466181.2086,285876.3125,1176.465214,441873.8121,362522.6361,57733.48235,11511.9375,10105.75617
Category,Weekly,30,Conventional,Denver,2026/07/26,1.269397313,1199237.848,500363.1547,245227.3236,739.7229628,452907.6464,360727.3602,77985.075,3304.35,10890.86115
Category,Weekly,31,Conventional,Denver,2026/08/02,1.276538106,1211118.53,484629.6737,210941.7511,856.2332795,514690.8722,447591.775,53890.9875,2582.08125,10626.02845
Category,Weekly,32,Conventional,Denver,2026/08/09,1.237396143,1249217.014,506691.8421,281893.2801,577.3556129,460054.5363,387896.6574,58466.3625,2880.675,10810.8414
Category,Weekly,29,Conventional,Detroit,2026/07/19,1.13430312,621197.9818,175193.5861,95820.00681,49382.75291,300801.6359,282805.7946,17262.0952,91.14449861,642.6015541
Category,Weekly,30,Conventional,Detroit,2026/07/26,1.157341254,626393.9761,176313.9454,90611.52795,99505.69661,259962.806,238879.8677,20298.8625,21.78679655,762.2890572
Category,Weekly,31,Conventional,Detroit,2026/08/02,1.12101264,676510.9681,173203.9406,93157.93092,117822.3129,292326.7837,281502.6156,10144.8375,4.757903326,674.5726624
Category,Weekly,32,Conventional,Detroit,2026/08/09,1.130178895,600021.5958,173921.1269,104042.0557,67595.29168,254463.1216,245465.5968,8136.45,36.2581284,824.816583
Category,Weekly,29,Conventional,Grand Rapids,2026/07/19,1.08097523,256104.6461,43208.20412,29763.49693,53518.72054,129614.2245,122516.833,6602.981001,2.75625,491.6542606
Category,Weekly,30,Conventional,Grand Rapids,2026/07/26,1.094880278,281268.3914,43329.53338,38329.18247,93480.21165,106129.4639,100001.3194,5977.3875,2.75625,148.0007182
Category,Weekly,31,Conventional,Grand Rapids,2026/08/02,1.079490932,313770.8126,42880.91448,44030.63677,112691.5822,114167.6792,109392.3561,4567.5,0,207.8231459
Category,Weekly,32,Conventional,Grand Rapids,2026/08/09,1.084896847,261800.4404,48216.39568,31176.60516,73785.55209,108621.8875,106555.7113,1396.5,5.90625,663.769966
Category,Weekly,29,Conventional,Harrisburg/Scranton,2026/07/19,0.979681154,601322.8665,280196.5094,68206.56176,3601.172025,249318.6233,215713.2408,15691.11745,14697.93607,3216.329015
Category,Weekly,30,Conventional,Harrisburg/Scranton,2026/07/26,0.923683522,580751.1931,273236.3821,72436.87798,760.3523293,234317.5807,207155.4344,10151.52861,14051.09455,2959.523159
Category,Weekly,31,Conventional,Harrisburg/Scranton,2026/08/02,0.947943276,600805.1159,270861.9207,62451.41054,1709.091727,265782.6929,224698.2287,22133.60651,15706.20812,3244.649613
Category,Weekly,32,Conventional,Harrisburg/Scranton,2026/08/09,0.923275759,603357.6865,284151.9413,73238.77737,1163.05654,244803.9113,215889.6957,13609.75275,12541.83953,2762.623311
Category,Weekly,29,Conventional,Hartford/Springfield,2026/07/19,1.174178454,520824.3911,100269.3532,194664.1791,5090.759104,220800.0996,191540.5885,18180.87977,8148.993012,2929.638397
Category,Weekly,30,Conventional,Hartford/Springfield,2026/07/26,1.122514378,555274.1459,106634.556,240499.7451,1204.050461,206935.7944,185000.5134,15052.275,4199.224549,2683.781375
Category,Weekly,31,Conventional,Hartford/Springfield,2026/08/02,1.145233772,551769.0016,94706.00704,191305.9857,1965.004396,263792.0045,219924.0477,29742.5625,11499.14077,2626.253578
Category,Weekly,32,Conventional,Hartford/Springfield,2026/08/09,1.097329523,579578.5251,115485.5864,240725.7857,751.843385,222615.3097,187342.3205,26070.45,6212.58267,2989.956583
Category,Weekly,29,Conventional,Houston,2026/07/19,0.962923057,1190826.674,595361.151,152520.428,344.0551433,442601.0398,395384.9177,32720.75601,288.916979,14206.44908
Category,Weekly,30,Conventional,Houston,2026/07/26,0.944605261,1229039.784,636109.6249,114683.1254,4751.264696,473495.7687,436440.4472,23228.14171,264.6,13562.57979
Category,Weekly,31,Conventional,Houston,2026/08/02,0.959327723,1212150.296,613751.7693,110546.0776,3093.2271,484759.2222,442878.6229,26870.68125,195.69375,14814.22428
Category,Weekly,32,Conventional,Houston,2026/08/09,0.933015414,1238941.265,663281.085,113023.2147,1073.268521,461563.6968,422016.226,23843.79375,289.40625,15414.2708
Category,Weekly,29,Conventional,Indianapolis,2026/07/19,0.942610852,404355.1731,171002.0431,61633.77561,16766.34272,154953.0117,143058.0731,5698.223459,5807.025,389.690117
Category,Weekly,30,Conventional,Indianapolis,2026/07/26,0.933363504,410353.9817,173782.0601,57656.198,30296.5062,148619.2174,133931.5289,9760.66875,4550.175,376.8446901
Category,Weekly,31,Conventional,Indianapolis,2026/08/02,0.938190582,434683.7011,164516.3602,60212.3782,36337.48583,173617.4769,155164.4003,12845.4375,5242.78125,364.8577964
Category,Weekly,32,Conventional,Indianapolis,2026/08/09,0.928621208,412721.1066,171146.8193,60899.83286,23054.42957,157620.0249,146075.3097,4993.0125,6040.51875,511.1839867
Category,Weekly,29,Conventional,Jacksonville,2026/07/19,0.916602416,373150.7129,225550.9929,4515.40339,23.66384538,143060.6528,122518.2721,19053.20543,168.13125,1321.044045
Category,Weekly,30,Conventional,Jacksonville,2026/07/26,0.900330336,364780.5565,215569.4376,4039.935118,6.018445024,145165.1653,132115.8761,11522.4375,146.08125,1380.770471
Category,Weekly,31,Conventional,Jacksonville,2026/08/02,0.912027116,361900.8216,204430.9313,4645.543041,39.68950775,152784.6577,144907.3453,6390.5625,63.39375,1423.356123
Category,Weekly,32,Conventional,Jacksonville,2026/08/09,0.917117696,377276.1995,218150.3721,3688.586508,24.302559,155412.9383,130273.3936,23644.55625,77.175,1417.813442
Category,Weekly,29,Conventional,Kansas City,2026/07/19,1.052396777,364634.0628,156023.8161,54572.73934,904.0791675,153133.4283,140842.8251,1590.763604,6905.5875,3794.25206
Category,Weekly,30,Conventional,Kansas City,2026/07/26,1.010558866,384993.6869,175333.5184,48275.84644,727.6167121,160656.7054,143237.5005,956.55,7308,9154.6549
Category,Weekly,31,Conventional,Kansas City,2026/08/02,0.989769907,393742.8861,148769.5736,60141.98636,638.6487792,184192.6774,164874.0794,830.55,7882.875,10605.17295
Category,Weekly,32,Conventional,Kansas City,2026/08/09,1.035670573,381786.4568,158107.9354,53476.30719,645.8573131,169556.3569,147371.4635,2158.5375,7336.35,12690.00596
Category,Weekly,29,Conventional,Knoxville,2026/07/19,1.065811229,158724.9817,82045.98186,21096.2726,15.39645815,55567.33082,48434.87283,6319.780429,19.29375,793.3838076
Category,Weekly,30,Conventional,Knoxville,2026/07/26,1.092747236,153642.2738,78116.96905,22295.24654,19.08700539,53210.97121,38517.93841,13759.06875,38.98125,894.9827971
Category,Weekly,31,Conventional,Knoxville,2026/08/02,1.085353602,154208.4799,74267.25998,21791.05978,20.58451098,58129.57563,56336.76602,793.8,19.29375,979.7158512
Category,Weekly,32,Conventional,Knoxville,2026/08/09,1.089234463,154284.6434,76747.2434,20311.04551,7.583224296,57218.77122,45949.45723,10418.625,52.36875,798.3202401
Category,Weekly,29,Conventional,Las Vegas,2026/07/19,1.121109247,538127.0467,214182.7311,64317.50218,4791.057247,254835.7562,228237.9008,17769.63743,5836.95,2991.267934
Category,Weekly,30,Conventional,Las Vegas,2026/07/26,1.146864112,530703.7787,202132.8475,65798.46256,5395.080852,257377.3878,229962.424,18493.86897,6070.96875,2850.126125
Category,Weekly,31,Conventional,Las Vegas,2026/08/02,1.061293238,592191.9898,212589.1336,57598.81807,5558.829675,316445.2084,270025.3882,37692.84938,6036.05625,2690.914599
Category,Weekly,32,Conventional,Las Vegas,2026/08/09,1.101765836,581412.4611,228013.627,72976.33407,5411.466874,275011.0331,237405.1143,27789.69624,6912.80625,2903.41631
Category,Weekly,29,Conventional,Los Angeles,2026/07/19,1.213044081,4392037.286,1946119.309,95844.14292,662648.5957,1687425.238,1281276.263,150123.9233,8347.989221,247677.0629
Category,Weekly,30,Conventional,Los Angeles,2026/07/26,1.226800631,4372653.426,1948769.731,92616.29594,620326.0164,1710941.383,1348324.488,131099.0387,9916.2,221601.6567
Category,Weekly,31,Conventional,Los Angeles,2026/08/02,1.262859173,4639330.598,1750149.471,105263.387,661732.3291,2122185.411,1639739.858,214634.3028,9808.575,258002.6744
Category,Weekly,32,Conventional,Los Angeles,2026/08/09,1.214901943,4504275.437,1952354.867,121258.5796,609399.1564,1821262.833,1441714.217,153967.8438,10795.1017,214785.6706
Category,Weekly,29,Conventional,Louisville,2026/07/19,1.148752564,193165.7374,76694.05888,34367.59835,2986.569403,79117.51074,75507.6415,3477.999347,0,131.8698892
Category,Weekly,30,Conventional,Louisville,2026/07/26,1.183730249,180664.9469,59009.07428,34171.36386,6694.224528,80790.28424,77466.4535,3090.28125,104.7375,128.8119951
Category,Weekly,31,Conventional,Louisville,2026/08/02,1.141909399,199481.2115,69890.32991,36037.48625,7241.275018,86312.12034,81159.51956,4988.8125,2.75625,161.0320261
Category,Weekly,32,Conventional,Louisville,2026/08/09,1.158898311,188623.5462,73036.15288,32354.38813,4536.754064,78696.25111,76330.27176,2203.1625,5.90625,156.9105947
Category,Weekly,29,Conventional,Miami/FT. Lauderdale,2026/07/19,0.932381062,1816948.948,953739.226,60807.94103,7.66499995,802394.116,659908.9637,132807.7748,228.76875,9448.608818
Category,Weekly,30,Conventional,Miami/FT. Lauderdale,2026/07/26,0.906258001,1818524.803,928350.3049,68209.09912,11.96999985,821953.4286,734216.0535,78890.56875,234.675,8612.13139
Category,Weekly,31,Conventional,Miami/FT. Lauderdale,2026/08/02,0.91717723,1824610.242,888668.1989,80161.99582,7.875,855772.1725,781218.231,65233.35,245.7,9074.891508
Category,Weekly,32,Conventional,Miami/FT. Lauderdale,2026/08/09,0.901439482,1794225.598,925823.1076,46494.85865,26.11673991,821881.515,684652.2971,127215.1125,170.8875,9843.217921
Category,Weekly,29,Conventional,Milwaukee,2026/07/19,1.156219404,403467.4739,166171.8075,79935.56642,7339.397557,150020.7024,115318.5174,20631.46425,232.6822933,13838.03849
Category,Weekly,30,Conventional,Milwaukee,2026/07/26,1.110813037,382023.7816,164940.5098,56221.65155,12423.31689,148438.3034,117444.0504,16708.3875,152.38125,14133.48423
Category,Weekly,31,Conventional,Milwaukee,2026/08/02,1.119544784,386919.5638,162842.1215,48784.80941,15858.56141,159434.0715,130104.5947,14929.6875,158.6780483,14241.11116
Category,Weekly,32,Conventional,Milwaukee,2026/08/09,1.099415802,386669.1398,175931.8453,52024.78401,9665.782379,149046.7281,116461.4046,18022.4625,138.99375,14423.8673
Category,Weekly,29,Conventional,Minneapolis,2026/07/19,1.078382303,609192.4113,233271.2266,47905.01099,2222.334888,325793.8388,279065.0619,9508.66589,5237.26875,31982.8423
Category,Weekly,30,Conventional,Minneapolis,2026/07/26,1.038422384,624057.8334,245242.8181,43629.93214,1557.077712,333628.0055,288046.5398,9607.2375,4948.25625,31025.97194
Category,Weekly,31,Conventional,Minneapolis,2026/08/02,0.984361715,688592.8547,258816.2491,50390.16757,2425.728611,376960.7094,333817.2367,8571.9375,4335.975,30235.56015
Category,Weekly,32,Conventional,Minneapolis,2026/08/09,1.039318846,616361.5684,241182.8615,43786.2117,1540.520884,329851.9743,285553.0023,9054.15,4864.3875,30380.43456
Category,Weekly,29,Conventional,Nashville,2026/07/19,1.0384886,396440.2297,198220.7905,42783.99683,9.803228045,155425.6392,129971.9879,22337.20398,241.7625,2874.684803
Category,Weekly,30,Conventional,Nashville,2026/07/26,1.023040435,405260.035,204001.9483,38225.21014,24.55478032,163008.3218,126553.2171,32936.6625,560.30625,2958.135956
Category,Weekly,31,Conventional,Nashville,2026/08/02,1.013865956,419623.2466,203401.4208,40692.44604,13.01220587,175516.3676,151602.044,21064.3125,248.0625,2601.948613
Category,Weekly,32,Conventional,Nashville,2026/08/09,0.962594739,431435.0243,214112.9329,39776.58124,14.64798383,177530.8621,160651.712,14129.85,63.39375,2685.906341
Category,Weekly,29,Conventional,Northern New England,2026/07/19,1.045736459,629970.4738,307414.4769,154788.2729,254.5515316,167513.1724,149514.0154,16055.28405,393.4964922,1550.376492
Category,Weekly,30,Conventional,Northern New England,2026/07/26,1.049443262,602767.209,301054.4258,155807.6634,324.0660068,145581.0538,125414.3101,18214.02345,376.2911685,1576.429102
Category,Weekly,31,Conventional,Northern New England,2026/08/02,1.009931554,699931.5245,343165.7571,206261.3093,221.0484155,150283.4097,124071.7261,24372.95831,285.6420501,1553.083298
Category,Weekly,32,Conventional,Northern New England,2026/08/09,1.045879009,576762.576,289730.8741,142474.7241,148.1894813,144408.7883,128482.7561,12717.61069,1526.65375,1681.76774
Category,Weekly,29,Conventional,New Orleans/Mobile,2026/07/19,0.922686826,391698.2172,209930.4556,5995.550655,109.9485483,175662.2624,97635.83145,77269.12359,295.70625,461.6010858
Category,Weekly,30,Conventional,New Orleans/Mobile,2026/07/26,0.895422418,392581.0731,193704.3313,6056.010214,87.23868719,192733.4929,106555.6298,84968.23125,579.99375,629.6381406
Category,Weekly,31,Conventional,New Orleans/Mobile,2026/08/02,0.887850815,388916.5017,188770.886,6197.078534,26.32725677,193922.2099,116901.3962,75730.4625,468.5625,821.7887362
Category,Weekly,32,Conventional,New Orleans/Mobile,2026/08/09,0.871540269,408764.7773,210674.1761,6970.45898,26.89368868,191093.2485,109880.2628,79532.25,278.38125,1402.354394
Category,Weekly,29,Conventional,New York,2026/07/19,1.144166904,3130580.676,494795.8063,849174.0839,75099.35194,1711511.433,1426708.482,128422.6002,110786.4202,45593.93067
Category,Weekly,30,Conventional,New York,2026/07/26,1.067428453,3375045.964,496571.2396,1241439.937,21169.93495,1615864.852,1352797.56,153073.5701,67764.34981,42229.37175
Category,Weekly,31,Conventional,New York,2026/08/02,1.113243784,3277945.573,485929.3133,800666.0732,29492.20666,1961857.98,1559417.179,204594.7964,158595.6782,39250.32665
Category,Weekly,32,Conventional,New York,2026/08/09,1.035260673,3503951.504,515651.3183,1288866.092,18479.42093,1680954.673,1417378.971,141885.4232,84004.81329,37685.4656
Category,Weekly,29,Conventional,Omaha,2026/07/19,1.085429031,209082.3147,92881.52061,22392.82875,48.29124319,93759.67413,84733.67704,5656.177524,813.88125,2555.938314
Category,Weekly,30,Conventional,Omaha,2026/07/26,1.059773353,209702.7084,96579.18211,20150.86982,58.31942695,92914.33705,83155.04954,6046.1625,781.59375,2931.531263
Category,Weekly,31,Conventional,Omaha,2026/08/02,1.042351299,219483.779,85890.45962,27956.61709,17.7185776,105618.9837,94312.0446,5828.025,620.94375,4857.970366
Category,Weekly,32,Conventional,Omaha,2026/08/09,1.093077019,209557.7667,92666.07761,23181.12007,1.196908592,93709.37212,80897.76587,6842.325,751.275,5218.006248
Category,Weekly,29,Conventional,Orlando,2026/07/19,0.866327131,1020654.592,530754.0678,18085.00537,4.830000025,471810.6887,423072.77,41252.06684,377.60625,7108.245657
Category,Weekly,30,Conventional,Orlando,2026/07/26,0.849336395,1017787.073,550608.6436,8416.56963,7.301956406,458754.5582,413189.4817,38824.30977,146.08125,6594.685424
Category,Weekly,31,Conventional,Orlando,2026/08/02,0.857740202,998157.0725,493408.2611,20871.03412,19.02414191,483858.7532,444658.8095,32303.296,204.35625,6692.291462
Category,Weekly,32,Conventional,Orlando,2026/08/09,0.850861967,1045604.694,523357.4926,26453.68492,44.40162157,495749.1152,420652.1348,67398.58125,184.7314216,7513.667719
Category,Weekly,29,Conventional,Peoria/Springfield,2026/07/19,0.895041259,199733.727,116006.309,12650.77901,4800.428116,66276.21094,59878.92318,3929.544616,2015.60625,452.1368942
Category,Weekly,30,Conventional,Peoria/Springfield,2026/07/26,0.875859063,195648.9823,113076.4312,12735.34725,8853.731386,60983.47241,53005.94547,4956,2500.70625,520.8206847
Category,Weekly,31,Conventional,Peoria/Springfield,2026/08/02,0.862508227,196877.137,111794.8558,12496.6176,11218.35992,61367.30367,53659.86647,5067.0375,2132.15625,508.2434469
Category,Weekly,32,Conventional,Peoria/Springfield,2026/08/09,0.858609374,201110.2729,118437.2385,13754.02145,6754.65391,62164.35904,57398.96201,1362.375,2675.53125,727.4907801
Category,Weekly,29,Conventional,Philadelphia,2026/07/19,1.004118513,943833.4192,331635.0128,126015.0186,16672.68554,469510.7023,396917.4908,33991.97501,26271.62538,12329.61116
Category,Weekly,30,Conventional,Philadelphia,2026/07/26,0.972304397,927651.3114,317128.5583,168476.4602,3409.575102,438636.7177,373299.7088,32149.32542,21397.6438,11790.03966
Category,Weekly,31,Conventional,Philadelphia,2026/08/02,0.985965323,966120.367,312554.1389,136713.4282,5486.175953,511366.624,440195.0647,30764.58357,28382.53308,12024.4426
Category,Weekly,32,Conventional,Philadelphia,2026/08/09,0.962356529,961156.8268,328160.3207,170192.5015,2484.524765,460319.4798,396642.3033,30524.35154,21141.75956,12011.06536
Category,Weekly,29,Conventional,Phoenix/Tucson,2026/07/19,1.052619372,1486161.342,715974.1865,249828.8622,11136.17399,509222.1189,429025.6499,34594.84389,26116.9125,19484.71256
Category,Weekly,30,Conventional,Phoenix/Tucson,2026/07/26,1.058826387,1527937.466,759897.0167,221666.6788,13412.01385,532961.7569,447959.1186,41004.1586,23437.44375,20561.036
Category,Weekly,31,Conventional,Phoenix/Tucson,2026/08/02,1.008324549,1635562.555,710765.6088,155717.1467,13507.86541,755571.9345,645256.2535,60571.7274,23445.95443,26297.99917
Category,Weekly,32,Conventional,Phoenix/Tucson,2026/08/09,1.0475018,1511803.635,763438.3074,194906.2481,14339.35113,539119.7283,440527.0252,46520.58692,25165.15609,26906.96004
Category,Weekly,29,Conventional,Pittsburgh,2026/07/19,1.027829671,250619.309,106152.5847,30712.33134,63.47016639,113690.9228,105633.1566,7933.848448,31.503893,92.41384177
Category,Weekly,30,Conventional,Pittsburgh,2026/07/26,0.927309363,254210.7992,112090.9906,34323.3908,30.57327493,107765.8446,99127.33614,8531.5125,11.42108168,95.57487123
Category,Weekly,31,Conventional,Pittsburgh,2026/08/02,0.822376928,277411.811,111167.9919,27972.63619,25.51154707,138245.6714,132862.5317,5253.4125,28.48890778,101.238341
Category,Weekly,32,Conventional,Pittsburgh,2026/08/09,0.851142833,270518.6765,119861.7746,43668.0801,53.61151066,106935.2102,100968.4792,5872.9125,43.19780295,50.62071934
Category,Weekly,29,Conventional,Portland,2026/07/19,1.355439604,760552.7779,437264.7089,112223.1374,26716.72783,184348.2038,159301.1156,15638.08738,100.4727505,9308.528059
Category,Weekly,30,Conventional,Portland,2026/07/26,1.513065358,680329.1741,346552.7632,119001.899,28455.46271,186319.0493,158409.0785,18030.46875,2.75625,9876.745794
Category,Weekly,31,Conventional,Portland,2026/08/02,1.37343094,780482.9834,425200.577,147328.7775,25270.89942,182682.7294,151128.9251,22608.6,2.75625,8942.448053
Category,Weekly,32,Conventional,Portland,2026/08/09,1.486876536,711131.4594,339873.8046,150003.4462,30024.1136,191230.095,147079.4228,34044.28125,5.5125,10100.87846
Category,Weekly,29,Conventional,Providence,2026/07/19,1.143834516,129762.9932,54058.84723,42993.13707,20.29140004,32690.71753,31358.89365,864.202258,0,467.6216191
Category,Weekly,30,Conventional,Providence,2026/07/26,1.088337643,143586.6312,55696.01161,56365.01956,27.25657321,31498.34345,30245.28859,727.65,0,525.4048633
Category,Weekly,31,Conventional,Providence,2026/08/02,1.176819815,125609.5053,48227.71868,41645.17385,5.283403982,35731.32939,34890.50597,377.475,0,463.3484192
Category,Weekly,32,Conventional,Providence,2026/08/09,1.114362469,152913.1316,55418.24299,64508.35032,0,32986.53834,32352.3505,16.275,216.16875,401.7440875
Category,Weekly,29,Conventional,Raleigh/Greensboro,2026/07/19,1.047407665,700178.3316,316109.4861,61709.20058,174.00699,322185.6379,222676.6286,29710.20309,628.81875,69169.98746
Category,Weekly,30,Conventional,Raleigh/Greensboro,2026/07/26,1.079070653,652912.7976,284257.4207,53069.37611,121.6174381,315464.3834,217080.0038,28342.3875,338.625,69703.36715
Category,Weekly,31,Conventional,Raleigh/Greensboro,2026/08/02,1.042331053,668467.0593,283650.8054,58819.27323,114.8675156,325882.1132,235386.1584,23578.5375,119.30625,66798.11104
Category,Weekly,32,Conventional,Raleigh/Greensboro,2026/08/09,1.063409756,645223.0128,285658.3662,55141.47857,191.6019187,304231.5661,215472.369,25796.53125,52.36875,62910.29711
Category,Weekly,29,Conventional,Richmond/Norfolk,2026/07/19,1.080190844,481250.8768,230442.2378,57082.27821,100.2921326,193626.0687,137583.7293,21381.18205,15055.08734,19606.07004
Category,Weekly,30,Conventional,Richmond/Norfolk,2026/07/26,1.111888268,454826.8279,198224.9126,62484.32664,80.92244795,194036.6662,142141.0433,17595.44841,14579.46549,19720.70901
Category,Weekly,31,Conventional,Richmond/Norfolk,2026/08/02,1.070136977,476204.587,205629.2563,62494.03776,90.18277005,207991.1102,162692.547,10117.44685,14800.44901,20380.66727
Category,Weekly,32,Conventional,Richmond/Norfolk,2026/08/09,1.097125826,460280.0952,205285.1221,61929.88068,118.3807708,192946.7116,144436.2329,14117.03931,15517.46492,18875.97451
Category,Weekly,29,Conventional,Roanoke,2026/07/19,1.113278962,235776.0659,122901.0056,35499.71436,34.74571691,77340.6003,59754.96173,4648.905684,407.4703544,12529.26253
Category,Weekly,30,Conventional,Roanoke,2026/07/26,1.145758468,227603.4397,116894.8993,35423.33077,73.95306834,75211.25652,58263.84219,3488.3625,482.9191018,12976.13273
Category,Weekly,31,Conventional,Roanoke,2026/08/02,1.105779398,231825.7888,121512.1868,32644.50105,64.11482261,77604.98606,62614.82491,2139.6375,329.560488,12520.96315
Category,Weekly,32,Conventional,Roanoke,2026/08/09,1.119112241,232608.2066,121714.3151,33417.40562,30.26223074,77446.22361,61699.97641,2908.5,324.5106558,12513.23655
Category,Weekly,29,Conventional,Sacramento,2026/07/19,1.186100547,775990.7531,334230.6421,54557.09792,6328.874461,380874.1386,338870.8194,987.574294,428.4,40587.34488
Category,Weekly,30,Conventional,Sacramento,2026/07/26,1.138050016,796123.5306,346671.2535,60105.99841,4831.462479,384514.8162,346382.2386,102.50625,623.7096755,37406.36171
Category,Weekly,31,Conventional,Sacramento,2026/08/02,1.275831818,733137.1901,282330.501,49876.37768,1912.948366,399017.3631,349994.7523,91.35,537.921443,48393.33934
Category,Weekly,32,Conventional,Sacramento,2026/08/09,1.177168409,794977.2741,297022.2683,72837.11088,5682.369772,419435.5251,360684.5644,52.7625,741.2556778,57956.9425
Category,Weekly,29,Conventional,San Diego,2026/07/19,1.161623455,898690.6263,411396.6036,19088.8298,84617.42049,383587.7725,309387.8923,34706.523,8.26875,39485.08842
Category,Weekly,30,Conventional,San Diego,2026/07/26,1.204348057,900763.5139,411873.1694,18943.82026,77818.19118,392128.3331,296547.8609,45224.41472,0,50356.05749
Category,Weekly,31,Conventional,San Diego,2026/08/02,1.221187858,945172.4784,369015.9086,20794.24484,75756.97892,479605.3461,371245.0088,63201.84855,0,45158.48871
Category,Weekly,32,Conventional,San Diego,2026/08/09,1.19879725,908165.0499,390119.4924,26454.51453,89962.42272,401628.6202,307193.7414,47588.56759,5.5125,46840.79875
Category,Weekly,29,Conventional,San Francisco,2026/07/19,1.496669505,1133138.781,505620.2754,50051.77193,9827.140674,567639.5932,482704.8056,3885.996965,5374.95,75673.84059
Category,Weekly,30,Conventional,San Francisco,2026/07/26,1.331247104,1228542.264,601515.0061,55469.99925,9694.473249,561862.7859,492864.6546,12.6,5462.100098,63523.43114
Category,Weekly,31,Conventional,San Francisco,2026/08/02,1.530195121,1152800.3,472864.083,54907.96314,3985.238449,621043.0154,532052.0219,34.3875,5503.192748,83453.41326
Category,Weekly,32,Conventional,San Francisco,2026/08/09,1.515111351,1170438.13,477516.4478,78373.79759,9856.881311,604691.0033,508834.0275,10.89375,6129.675005,89716.40702
Category,Weekly,29,Conventional,Seattle,2026/07/19,1.536355346,762057.6487,303572.8967,124286.5463,35426.70878,298771.497,256267.4306,23728.52619,5.5125,18770.02772
Category,Weekly,30,Conventional,Seattle,2026/07/26,1.592014928,761322.0565,291969.3697,124929.3173,40273.98337,304149.3861,263199.1162,21555.58125,5.5125,19389.17617
Category,Weekly,31,Conventional,Seattle,2026/08/02,1.543614137,805359.999,356160.2099,121076.7649,29646.93435,298476.0899,244931.3845,35119.21875,5.5125,18419.97415
Category,Weekly,32,Conventional,Seattle,2026/08/09,1.617999239,761282.3473,291175.417,130388.6928,38851.87042,300866.3671,223938.1363,56772.31875,0,20155.91204
Category,Weekly,29,Conventional,Spokane,2026/07/19,1.344482655,121566.8693,48568.42463,11824.16786,6616.531372,54557.74548,43228.58352,10881.12656,0,448.0353995
Category,Weekly,30,Conventional,Spokane,2026/07/26,1.389943632,123320.7578,47459.59546,11738.03419,7105.702114,57017.42605,49635.00293,6772.10625,5.5125,604.8043738
Category,Weekly,31,Conventional,Spokane,2026/08/02,1.385970711,128528.9114,53224.06465,11033.76473,5870.283525,58400.79848,47730.16233,10005.1875,2.75625,662.6923996
Category,Weekly,32,Conventional,Spokane,2026/08/09,1.387665824,124361.1538,50230.39417,11227.76856,6992.915059,55910.07602,46414.12726,8842.05,0,653.8987616
Category,Weekly,29,Conventional,St. Louis,2026/07/19,0.942629083,364842.212,198940.5013,11855.3562,20.52929115,154025.8252,138639.3995,12801.10363,103.1625,2482.159553
Category,Weekly,30,Conventional,St. Louis,2026/07/26,0.89576556,383954.3802,219447.1655,11880.46401,17.62610973,152609.1246,136629.9361,13152.3,122.45625,2704.43221
Category,Weekly,31,Conventional,St. Louis,2026/08/02,0.862600724,367095.7082,187419.4271,9756.058396,17.15751651,169903.0652,151136.7095,16009.35,103.55625,2653.449453
Category,Weekly,32,Conventional,St. Louis,2026/08/09,0.846008357,371674.2482,206908.0743,8020.649798,32.89936833,156712.6247,142659.3913,11588.5875,87.80625,2376.839617
Category,Weekly,29,Conventional,Syracuse,2026/07/19,0.940584107,119264.4202,53583.9129,16981.63814,461.3105958,48237.5586,39704.86702,2734.794347,84.32978722,5713.567439
Category,Weekly,30,Conventional,Syracuse,2026/07/26,0.933142745,116974.0975,54438.42633,16892.97573,394.8275491,45247.86791,37394.4141,2516.85,82.296745,5254.307058
Category,Weekly,31,Conventional,Syracuse,2026/08/02,0.956638819,121720.5337,50296.93718,18436.62824,409.3385259,52577.62978,40866.31713,3647.9625,59.32773609,8004.022417
Category,Weekly,32,Conventional,Syracuse,2026/08/09,0.932131792,118205.7925,56199.14146,10777.93288,352.2100572,50876.50809,40086.19532,4439.925,127.2548214,6223.13294
Category,Weekly,29,Conventional,Tampa,2026/07/19,0.878846111,962994.8763,525183.3065,14603.33366,11.95666084,423196.2795,355222.6281,63497.69901,115.7625,4360.189888
Category,Weekly,30,Conventional,Tampa,2026/07/26,0.87146857,966664.964,531959.7378,24107.38635,7.039195671,410590.8007,361579.0058,44805.3375,154.35,4052.107401
Category,Weekly,31,Conventional,Tampa,2026/08/02,0.875550679,968372.2677,495939.4951,27111.22304,16.82110428,445304.7284,391074.3,49949.2875,127.18125,4153.959663
Category,Weekly,32,Conventional,Tampa,2026/08/09,0.852544238,999618.8948,533524.8967,15770.75018,15.12860352,450308.1193,376062.4779,69411.95625,186.0603993,4647.624825
Category,Weekly,29,Conventional,Toledo,2026/07/19,1.194325181,166613.7531,68440.15816,34526.3507,10030.56097,53616.6833,44784.13118,3017.594666,2111.68125,3703.276205
Category,Weekly,30,Conventional,Toledo,2026/07/26,1.188036307,167061.7245,65509.21888,33287.32206,18224.30542,50040.87811,41633.55242,3544.0125,1576.575,3286.738185
Category,Weekly,31,Conventional,Toledo,2026/08/02,1.186478534,171236.9543,66011.93785,32883.94463,23371.22989,48969.84192,39371.90955,3121.9125,1737.61875,4738.40112
Category,Weekly,32,Conventional,Toledo,2026/08/09,1.148456926,172465.3572,66844.57614,39072.44301,12823.71839,53724.61969,45894.17079,1967.9625,2019.15,3843.336401
Category,Weekly,29,Conventional,West Tex/New Mexico,2026/07/19,1.018753995,996669.6325,401581.6721,105784.7578,19164.65323,470138.5494,390860.5172,73534.69346,691.03125,5052.307488
Category,Weekly,30,Conventional,West Tex/New Mexico,2026/07/26,0.942328799,1006589.977,397513.8483,158942.6861,18293.16444,431840.2779,377608.4059,46079.11875,3130.3125,5022.440734
Category,Weekly,31,Conventional,West Tex/New Mexico,2026/08/02,0.972258384,1036631.931,384613.069,120689.0447,16916.79941,514413.0182,441972.1601,65764.9125,1820.7,4855.245597
Category,Weekly,32,Conventional,West Tex/New Mexico,2026/08/09,0.982989396,1048322.887,423062.3657,125256.7409,16451.04913,483552.7312,402506.3495,71522.0625,3993.80625,5530.5129
Category,Weekly,29,Conventional,Wichita,2026/07/19,1.036255789,142570.3514,78619.84735,19322.22157,3.081606291,44625.20084,39354.93791,4058.110864,509.7894554,702.3626108
Category,Weekly,30,Conventional,Wichita,2026/07/26,1.030994113,146917.3888,82170.61249,19470.58327,2.1,45274.09301,39895.25395,4231.7625,315.1419888,831.9345786
Category,Weekly,31,Conventional,Wichita,2026/08/02,1.027477474,145290.2032,78749.09276,18302.60792,6.095352441,48232.40715,42494.70583,4758.075,199.4054409,780.2208783
Category,Weekly,32,Conventional,Wichita,2026/08/09,1.030063568,152229.0011,86060.34739,19794.97691,12.12332564,46361.55351,38201.30761,7228.725,206.71875,724.8021453
Category,Weekly,29,Conventional,California,2026/07/19,1.24873915,9024096.1,4153772.792,309682.5036,855351.6153,3705289.188,2966732.413,215144.1268,30499.38181,492913.2664
Category,Weekly,30,Conventional,California,2026/07/26,1.226369807,9174746.156,4320810.886,326088.7907,796576.0778,3731270.402,3052167.52,196532.4385,32952.34017,449618.103
Category,Weekly,31,Conventional,California,2026/08/02,1.302183692,9285524.479,3726575.874,321938.7116,811772.3758,4425237.517,3556282.414,308603.9201,32637.38458,527713.7991
Category,Weekly,32,Conventional,California,2026/08/09,1.258807128,9273301.348,3995495.191,441904.3254,812319.3656,4023582.467,3245804.935,221322.6122,34464.64,521990.2795
Category,Weekly,29,Conventional,Great Lakes,2026/07/19,1.066388487,6184152.925,2636662.017,851942.4002,287181.6191,2408366.888,2168623.697,153856.5474,24818.54193,61068.10187
Category,Weekly,30,Conventional,Great Lakes,2026/07/26,1.046796915,6237287.961,2700421.967,804145.4967,527514.4408,2205206.057,1950948.883,170231.1188,21719.3915,62306.66383
Category,Weekly,31,Conventional,Great Lakes,2026/08/02,1.026506802,6589666.241,2685158.437,832868.4233,634311.2918,2437328.088,2205510.925,134516.2875,22928.09925,74372.7766
Category,Weekly,32,Conventional,Great Lakes,2026/08/09,1.014327781,6304166.161,2809089.913,847449.4541,392505.7126,2255121.082,2047901.648,110899.0313,26803.40126,69517.00167
Category,Weekly,29,Conventional,Midsouth,2026/07/19,1.052597038,6237417.658,2802747.055,648291.0887,11725.6038,2774653.91,2174302.082,222186.13,58219.87234,319945.8259
Category,Weekly,30,Conventional,Midsouth,2026/07/26,1.072926221,6076792.82,2649350.338,642281.8952,17312.08223,2767848.505,2152514.53,251724.6331,47968.75618,315640.586
Category,Weekly,31,Conventional,Midsouth,2026/08/02,1.036621156,6342548.403,2664223.154,658917.0277,20785.44122,2998622.78,2414320.876,228193.5884,50465.07995,305643.2363
Category,Weekly,32,Conventional,Midsouth,2026/08/09,1.05315469,6084947.541,2698420.666,626965.3293,12720.73463,2746840.811,2214747.833,195188.5958,40982.26456,295922.117
Category,Weekly,29,Conventional,Northeast,2026/07/19,1.092492565,8152277.673,2394013.144,1981136.106,113669.7933,3663458.63,3124675.301,265520.7945,175372.8296,97889.70485
Category,Weekly,30,Conventional,Northeast,2026/07/26,1.041301066,8448850.474,2396960.246,2577526.891,31137.28965,3443226.047,2956480.19,277777.3002,117581.8022,91386.75435
Category,Weekly,31,Conventional,Northeast,2026/08/02,1.070676843,8442139.697,2345677.657,1990247.079,44241.01688,4061973.944,3351862.774,366486.1892,243352.8165,100272.1644
Category,Weekly,32,Conventional,Northeast,2026/08/09,1.026678578,8637994.427,2429808.192,2593841,27059.52841,3587285.707,3082747.174,275952.6353,137643.4714,90942.42698
Category,Weekly,29,Conventional,Plains,2026/07/19,1.046077771,3068792.391,1465432.888,292700.1881,4051.658813,1306607.656,1126623.305,101405.2816,21704.0887,56874.98043
Category,Weekly,30,Conventional,Plains,2026/07/26,1.008360211,3096539.005,1537237.166,260204.4566,3135.098195,1295962.284,1106011.416,104608.0875,20879.422,64463.35832
Category,Weekly,31,Conventional,Plains,2026/08/02,0.984568822,3187980.806,1407182.789,328231.8031,3778.714214,1448787.499,1246262.505,103535.775,21078.51232,77910.70719
Category,Weekly,32,Conventional,Plains,2026/08/09,1.016833068,3104839.804,1503437.888,284601.2408,2771.947035,1314028.728,1104249.74,105934.5,20698.288,83146.20015
Category,Weekly,29,Conventional,South Central,2026/07/19,0.923738277,6668238.203,3390025.847,649353.6823,32173.25189,2596685.422,2182022.762,345585.9212,17986.8766,51089.86183
Category,Weekly,30,Conventional,South Central,2026/07/26,0.895091018,6801258.679,3322132.718,647491.8829,30938.00586,2800696.073,2391144.65,327102.4171,30429.52295,52019.48295
Category,Weekly,31,Conventional,South Central,2026/08/02,0.925195195,6762204.737,3311621.174,589689.1397,40238.94874,2820655.474,2326279.266,424999.4247,17070.1399,52306.64357
Category,Weekly,32,Conventional,South Central,2026/08/09,0.886783903,6968672.183,3653180.456,536819.2496,31493.94986,2747178.528,2252878.76,404170.6468,33867.81302,56261.30737
Category,Weekly,29,Conventional,Southeast,2026/07/19,0.944864445,8517604.439,4722034.461,350149.446,395.5043372,3445025.028,2871451.263,478006.3705,3716.87442,91850.51928
Category,Weekly,30,Conventional,Southeast,2026/07/26,0.942496853,8418497.417,4592578.999,366311.1335,525.820831,3459081.464,2943108.549,423456.9474,3438.942135,89077.02591
Category,Weekly,31,Conventional,Southeast,2026/08/02,0.943535248,8450515.693,4436612.023,389040.4295,315.5741927,3624547.666,3175615.119,357832.3761,1942.36875,89157.80261
Category,Weekly,32,Conventional,Southeast,2026/08/09,0.928175981,8598794.443,4647754.45,352968.9764,302.221065,3597768.795,3018893.204,492044.4375,1237.205127,85593.94834
Category,Weekly,29,Conventional,West,2026/07/19,1.23159504,8498985.678,3937827.293,1420526.851,134963.1465,3005668.387,2456352.994,345305.6719,69420.17824,134589.5428
Category,Weekly,30,Conventional,West,2026/07/26,1.231141131,8526662.854,3924988.552,1346898.735,147885.5528,3106890.014,2552874.248,346750.4739,50909.14364,156356.1488
Category,Weekly,31,Conventional,West,2026/08/02,1.198468762,8973984.279,4045522.245,1215881.777,124993.7285,3587586.529,2984956.259,417543.0973,49829.28977,135257.8821
Category,Weekly,32,Conventional,West,2026/08/09,1.212451953,8815319.841,4045632.755,1431910.942,147610.4525,3190165.691,2466924.873,513516.498,53501.11162,156223.2079
Category,Weekly,29,Conventional,Total U.S.,2026/07/19,1.086401667,56351565.07,25502515.5,6503782.266,1439512.193,22905755.11,19070783.82,2127010.844,401738.6436,1306221.803
Category,Weekly,30,Conventional,Total U.S.,2026/07/26,1.069742482,56780635.37,25444480.87,6970949.281,1555024.368,22810180.85,19105249.99,2098183.416,325879.3208,1280868.123
Category,Weekly,31,Conventional,Total U.S.,2026/08/02,1.078546292,58034564.33,24622573.35,6326814.391,1680437.091,25404739.5,21261090.14,2341710.658,439303.691,1362635.012
Category,Weekly,32,Conventional,Total U.S.,2026/08/09,1.061651934,57788035.75,25782819.51,7116460.517,1426783.912,23461971.81,19434148.17,2319028.957,349198.195,1359596.489
Category,Weekly,29,Organic,5 Boroughs/New York City,2026/07/19,1.615035638,49283.1831,7146.29971,36.35945008,0,42100.52394,42065.57054,0,0,34.95339471
Category,Weekly,30,Organic,5 Boroughs/New York City,2026/07/26,1.666340913,48531.38547,6068.636004,1888.385793,0,40574.36368,40539.67569,0,0,34.68799071
Category,Weekly,31,Organic,5 Boroughs/New York City,2026/08/02,1.692835901,45408.87582,6714.794054,1467.838798,0,37226.24297,37194.57311,0,0,31.6698541
Category,Weekly,32,Organic,5 Boroughs/New York City,2026/08/09,1.714454342,46486.83788,7629.409784,839.1312159,0,38018.29688,37997.77001,0,0,20.5268649
Category,Weekly,29,Organic,Albany,2026/07/19,1.416686342,7108.436231,354.6432328,323.8250193,0,6429.967979,6429.967979,0,0,0
Category,Weekly,30,Organic,Albany,2026/07/26,1.420744548,7403.025802,327.0600534,486.1577022,0,6589.808046,6587.063559,0,0,2.74448736
Category,Weekly,31,Organic,Albany,2026/08/02,1.412506338,6650.773788,359.7769214,210.762727,0,6080.23414,6080.23414,0,0,0
Category,Weekly,32,Organic,Albany,2026/08/09,1.419149812,6806.974346,224.7025562,319.6082946,0,6262.663495,6261.291658,0,0,1.371836878
Category,Weekly,29,Organic,Atlanta,2026/07/19,1.473412825,45240.03923,14889.02454,427.0246498,0,29923.99005,29923.99005,0,0,0
Category,Weekly,30,Organic,Atlanta,2026/07/26,1.491551128,43359.17472,15614.65557,686.0120475,0,27058.50711,27058.50711,0,0,0
Category,Weekly,31,Organic,Atlanta,2026/08/02,1.476099274,44325.6844,14720.94853,619.9589663,0,28984.7769,28984.7769,0,0,0
Category,Weekly,32,Organic,Atlanta,2026/08/09,1.50418855,45975.44468,16504.69073,580.6092717,0,28890.14468,28890.14468,0,0,0
Category,Weekly,29,Organic,Baltimore/Washington,2026/07/19,1.635009672,119021.3227,1451.160462,10269.99154,26.81383836,107273.3569,98363.86018,8790.548101,0,118.9485985
Category,Weekly,30,Organic,Baltimore/Washington,2026/07/26,1.608423159,114880.4361,1630.239599,10294.70628,8.698588115,102946.7916,95618.21472,6771.161431,0,557.4154455
Category,Weekly,31,Organic,Baltimore/Washington,2026/08/02,1.664077372,106229.648,1256.026734,10441.11795,14.51367071,94517.98967,87797.24404,5919.277725,0,801.4678986
Category,Weekly,32,Organic,Baltimore/Washington,2026/08/09,1.613279797,117869.3532,1274.380119,10432.22202,7.8177065,106154.9334,98962.463,5897.283918,0,1295.186451
Category,Weekly,29,Organic,Birmingham/Montgomery,2026/07/19,1.426692841,17321.33986,662.9157056,114.8459951,0,16543.57816,16527.56566,4.2,0,11.8125
Category,Weekly,30,Organic,Birmingham/Montgomery,2026/07/26,1.44562975,16707.36905,678.6982475,150.2601505,0,15878.41065,15869.22315,0,0,9.1875
Category,Weekly,31,Organic,Birmingham/Montgomery,2026/08/02,1.437785104,18193.02594,733.6201987,136.4279859,0,17322.97776,17320.35276,0,0,2.625
Category,Weekly,32,Organic,Birmingham/Montgomery,2026/08/09,1.449681894,18171.58564,867.9383407,147.0323251,0,17156.61498,17151.36498,0,0,5.25
Category,Weekly,29,Organic,Boise,2026/07/19,2.037494455,7839.696503,19.97450774,4241.672355,0,3578.04964,3578.04964,0,0,0
Category,Weekly,30,Organic,Boise,2026/07/26,2.047106521,7202.265428,5.031523548,3716.310909,0,3480.922995,3480.922995,0,0,0
Category,Weekly,31,Organic,Boise,2026/08/02,2.26254383,7257.458409,67.42309006,3728.633895,0,3461.401424,3461.401424,0,0,0
Category,Weekly,32,Organic,Boise,2026/08/09,2.227609631,7453.829957,3.097880922,3987.794223,0,3462.937852,3462.937852,0,0,0
Category,Weekly,29,Organic,Boston,2026/07/19,1.811112293,36277.86159,588.9124825,1208.417567,0,34480.53154,34158.031,0,0,322.5005392
Category,Weekly,30,Organic,Boston,2026/07/26,1.774383824,36113.97015,541.6029407,1959.968055,0,33612.39915,33386.82677,0,0,225.5723781
Category,Weekly,31,Organic,Boston,2026/08/02,1.819818497,35476.01494,705.5691806,1351.052532,0,33419.39323,33083.90784,0,0,335.4853821
Category,Weekly,32,Organic,Boston,2026/08/09,1.805225888,35831.43695,573.6095006,1851.38087,0,33406.44658,33126.64193,0,0,279.8046584
Category,Weekly,29,Organic,Buffalo/Rochester,2026/07/19,1.301822252,23991.56548,335.7907845,0,0,23655.7747,23655.7747,0,0,0
Category,Weekly,30,Organic,Buffalo/Rochester,2026/07/26,1.289023738,24875.26831,285.7051505,1.06606397,1.06606397,24587.43103,24587.43103,0,0,0
Category,Weekly,31,Organic,Buffalo/Rochester,2026/08/02,1.336750648,21622.47896,415.8010751,0,1.066156571,21205.61173,21205.61173,0,0,0
Category,Weekly,32,Organic,Buffalo/Rochester,2026/08/09,1.363779941,22150.30124,373.0975572,0,0,21777.20369,21777.20369,0,0,0
Category,Weekly,29,Organic,Charlotte,2026/07/19,1.630760268,42228.19012,461.0152612,2283.57381,8.353610666,39475.24744,39475.24744,0,0,0
Category,Weekly,30,Organic,Charlotte,2026/07/26,1.692942266,40604.29127,266.1263414,3282.539531,17.75535847,37037.87004,37037.87004,0,0,0
Category,Weekly,31,Organic,Charlotte,2026/08/02,1.684588754,42192.44884,303.4639773,3123.263439,9.401410242,38756.32001,38756.32001,0,0,0
Category,Weekly,32,Organic,Charlotte,2026/08/09,1.699569168,42029.04538,343.3134407,3235.334606,8.356967719,38442.04037,38442.04037,0,0,0
Category,Weekly,29,Organic,Chicago,2026/07/19,1.519949574,71678.37089,2157.114526,17647.31401,0,51873.94235,51873.94235,0,0,0
Category,Weekly,30,Organic,Chicago,2026/07/26,1.573343215,64466.40172,2462.511419,16566.24398,0,45437.64632,45437.64632,0,0,0
Category,Weekly,31,Organic,Chicago,2026/08/02,1.475618342,77094.9952,673.6619062,20852.52975,0,55568.80355,55568.80355,0,0,0
Category,Weekly,32,Organic,Chicago,2026/08/09,1.514027405,65650.00482,513.4198746,18388.18263,0,46748.40232,46748.40232,0,0,0
Category,Weekly,29,Organic,Cincinnati/Dayton,2026/07/19,1.725220387,24172.14484,547.099716,7938.017276,0,15687.02784,15687.02784,0,0,0
Category,Weekly,30,Organic,Cincinnati/Dayton,2026/07/26,1.799022538,23605.06343,533.3312335,8576.809644,0,14494.92255,14494.92255,0,0,0
Category,Weekly,31,Organic,Cincinnati/Dayton,2026/08/02,1.918368514,20724.29056,639.237311,8831.467,0,11253.58625,11253.58625,0,0,0
Category,Weekly,32,Organic,Cincinnati/Dayton,2026/08/09,1.910237825,20438.43286,523.2186331,8627.662101,0,11287.55213,11287.55213,0,0,0
Category,Weekly,29,Organic,Columbus,2026/07/19,1.609085924,18299.02993,699.7598062,3615.853832,0,13983.41629,13983.41629,0,0,0
Category,Weekly,30,Organic,Columbus,2026/07/26,1.712756131,16856.44918,861.5371586,3992.893664,0,12002.01836,12002.01836,0,0,0
Category,Weekly,31,Organic,Columbus,2026/08/02,1.869788676,13452.63669,682.9544171,4202.719773,0,8566.962495,8566.962495,0,0,0
Category,Weekly,32,Organic,Columbus,2026/08/09,1.833537742,13343.89152,562.7758301,4036.624073,0,8744.491614,8744.491614,0,0,0
Category,Weekly,29,Organic,Dallas/Ft. Worth,2026/07/19,1.381068491,68928.35457,20460.63776,16.98653204,0,48450.73028,48450.73028,0,0,0
Category,Weekly,30,Organic,Dallas/Ft. Worth,2026/07/26,1.38069109,78860.93771,23435.02445,348.9320176,0,55076.98124,54343.61175,6.76948759,0,726.6
Category,Weekly,31,Organic,Dallas/Ft. Worth,2026/08/02,1.340227097,86739.70763,22344.16231,274.910896,0,64120.63443,56491.60419,0,0,7629.030235
Category,Weekly,32,Organic,Dallas/Ft. Worth,2026/08/09,1.378613157,79914.82995,22480.37135,156.267354,0,57278.19124,53366.16097,0,0,3912.030273
Category,Weekly,29,Organic,Denver,2026/07/19,1.89631155,48688.98269,4905.323594,15490.23028,0,28293.42881,28293.42881,0,0,0
Category,Weekly,30,Organic,Denver,2026/07/26,1.901869419,48280.15204,4634.323335,15444.57411,0,28201.2546,28201.2546,0,0,0
Category,Weekly,31,Organic,Denver,2026/08/02,1.843372447,55632.6137,5511.55263,17271.85245,0,32849.20863,27141.40863,0,0,5707.8
Category,Weekly,32,Organic,Denver,2026/08/09,1.815930343,55883.48398,5865.456815,16619.45554,0,33398.57163,30122.57163,0,0,3276
Category,Weekly,29,Organic,Detroit,2026/07/19,1.391051279,34572.45774,9480.000005,1231.293179,0,23861.16455,23861.16455,0,0,0
Category,Weekly,30,Organic,Detroit,2026/07/26,1.397692458,32588.87247,10466.8312,408.7980037,0,21713.24326,21713.24326,0,0,0
Category,Weekly,31,Organic,Detroit,2026/08/02,1.40448164,32345.24266,10244.08327,453.2172198,0,21647.94217,21647.94217,0,0,0
Category,Weekly,32,Organic,Detroit,2026/08/09,1.40899032,32063.79284,10004.27143,444.7800918,0,21614.74132,21614.74132,0,0,0
Category,Weekly,29,Organic,Grand Rapids,2026/07/19,1.477780907,11052.04938,4.595588123,393.1132643,0,10654.34053,10533.51851,0,0,120.8220136
Category,Weekly,30,Organic,Grand Rapids,2026/07/26,1.509088923,9748.501098,3.448221592,332.2420924,0,9412.810784,9325.852063,0,0,86.95872109
Category,Weekly,31,Organic,Grand Rapids,2026/08/02,1.464903485,9603.731874,1.149811733,211.6401199,0,9390.941943,9300.808925,0,0,90.13301748
Category,Weekly,32,Organic,Grand Rapids,2026/08/09,1.472395542,9281.805584,17.25176885,207.0429534,0,9057.510861,8933.595845,0,0,123.9150162
Category,Weekly,29,Organic,Harrisburg/Scranton,2026/07/19,1.408773225,29109.07321,496.9680245,596.648049,0,28015.45714,28011.25714,0,0,4.2
Category,Weekly,30,Organic,Harrisburg/Scranton,2026/07/26,1.439753812,29540.3734,409.6377962,602.4976584,0,28528.23795,28528.23795,0,0,0
Category,Weekly,31,Organic,Harrisburg/Scranton,2026/08/02,1.41967201,28095.54086,468.9149516,592.9802022,0,27033.6457,27033.6457,0,0,0
Category,Weekly,32,Organic,Harrisburg/Scranton,2026/08/09,1.412772946,29946.71828,751.6866639,630.837662,0,28564.19395,28564.19395,0,0,0
Category,Weekly,29,Organic,Hartford/Springfield,2026/07/19,1.573199418,27095.77524,904.8797998,3342.842011,0,22848.05343,22741.20797,0,0,106.8454618
Category,Weekly,30,Organic,Hartford/Springfield,2026/07/26,1.562448174,26622.52762,683.931933,3597.959541,0,22340.63614,22302.47659,0,0,38.15954787
Category,Weekly,31,Organic,Hartford/Springfield,2026/08/02,1.562365504,25062.00761,785.2252142,3345.461366,0,20931.32103,20786.22752,0,0,145.0935104
Category,Weekly,32,Organic,Hartford/Springfield,2026/08/09,1.577257223,28921.81796,826.8966907,4882.240203,0,23212.68107,23105.69422,0,0,106.986847
Category,Weekly,29,Organic,Houston,2026/07/19,1.359279746,38605.40946,13737.85841,505.9680352,0,24361.58301,24361.58301,0,0,0
Category,Weekly,30,Organic,Houston,2026/07/26,1.370592587,43560.66402,16080.99702,522.2399077,0,26957.4271,26214.0271,0,0,743.4
Category,Weekly,31,Organic,Houston,2026/08/02,1.343758108,41461.43026,13570.8592,462.2890625,0,27428.282,24286.682,0,0,3141.6
Category,Weekly,32,Organic,Houston,2026/08/09,1.385327034,39621.90781,13504.6913,1091.293443,0,25025.92307,24796.99517,6.327903812,0,222.6
Category,Weekly,29,Organic,Indianapolis,2026/07/19,1.490482757,20619.57409,242.7239841,3977.278636,0,16399.57147,16399.57147,0,0,0
Category,Weekly,30,Organic,Indianapolis,2026/07/26,1.54749074,16705.14976,258.3528976,3443.999284,0,13002.79758,13002.79758,0,0,0
Category,Weekly,31,Organic,Indianapolis,2026/08/02,1.521298018,16741.14752,253.2205921,3600.456266,0,12887.47066,12887.47066,0,0,0
Category,Weekly,32,Organic,Indianapolis,2026/08/09,1.56828675,16253.40441,184.4354978,3729.218351,0,12339.75056,12339.75056,0,0,0
Category,Weekly,29,Organic,Jacksonville,2026/07/19,1.536298883,14544.58922,35.13666828,75.97684141,1.015349606,14432.46036,14428.52286,0,0,3.9375
Category,Weekly,30,Organic,Jacksonville,2026/07/26,1.5274806,15506.72001,14.94157914,98.40284827,0,15393.37559,15390.75059,0,0,2.625
Category,Weekly,31,Organic,Jacksonville,2026/08/02,1.566458156,15447.56484,37.86304029,122.3246672,0,15287.37714,15284.75214,0,0,2.625
Category,Weekly,32,Organic,Jacksonville,2026/08/09,1.574355061,14935.19146,52.99650627,111.0353435,0,14771.15961,14767.22211,0,0,3.9375
Category,Weekly,29,Organic,Kansas City,2026/07/19,1.380703697,13020.05845,163.4318331,1372.59067,0,11484.03594,11484.03594,0,0,0
Category,Weekly,30,Organic,Kansas City,2026/07/26,1.402978175,13410.15331,170.3692858,1491.370178,0,11748.41385,11748.41385,0,0,0
Category,Weekly,31,Organic,Kansas City,2026/08/02,1.362271699,14204.93362,129.2504569,1259.447139,0,12816.23602,12816.23602,0,0,0
Category,Weekly,32,Organic,Kansas City,2026/08/09,1.342847776,14743.04508,75.04655188,1680.95981,0,12987.03872,12987.03872,0,0,0
Category,Weekly,29,Organic,Knoxville,2026/07/19,1.701818815,7344.508069,1224.668752,430.0418744,0,5689.797443,5689.797443,0,0,0
Category,Weekly,30,Organic,Knoxville,2026/07/26,1.703243589,7475.557833,1102.812433,526.3656665,0,5846.379734,5846.379734,0,0,0
Category,Weekly,31,Organic,Knoxville,2026/08/02,1.736220369,7890.202847,1231.298351,690.873745,0,5968.030751,5968.030751,0,0,0
Category,Weekly,32,Organic,Knoxville,2026/08/09,1.700262651,8707.789381,1419.208887,731.0399035,0,6557.54059,6557.54059,0,0,0
Category,Weekly,29,Organic,Las Vegas,2026/07/19,1.49060294,23424.12071,7251.480962,2406.659315,0,13765.98043,13765.98043,0,0,0
Category,Weekly,30,Organic,Las Vegas,2026/07/26,1.523119498,23401.44653,6120.597033,2887.234958,0,14393.61454,14393.61454,0,0,0
Category,Weekly,31,Organic,Las Vegas,2026/08/02,1.562105761,23902.21492,7057.411557,2904.156875,0,13940.64649,13940.64649,0,0,0
Category,Weekly,32,Organic,Las Vegas,2026/08/09,1.556197325,22956.16895,6782.770946,2657.876502,0,13515.5215,13515.5215,0,0,0
Category,Weekly,29,Organic,Los Angeles,2026/07/19,1.741572872,246896.3839,67774.39587,10961.32287,0,168160.6652,167740.6652,0,0,420
Category,Weekly,30,Organic,Los Angeles,2026/07/26,1.907857566,204185.9691,51553.62343,12538.91155,4.316681553,140089.1175,139669.1175,0,0,420
Category,Weekly,31,Organic,Los Angeles,2026/08/02,1.978854854,201243.1405,39084.68294,11192.72959,5.755205193,150959.9728,150539.9728,0,0,420
Category,Weekly,32,Organic,Los Angeles,2026/08/09,1.934174851,256102.7812,47967.58472,11113.83921,8.63189434,197012.7254,196592.7254,0,0,420
Category,Weekly,29,Organic,Louisville,2026/07/19,1.771664706,11820.41836,0,3530.895212,0,8289.523145,8289.523145,0,0,0
Category,Weekly,30,Organic,Louisville,2026/07/26,1.91039106,11163.37518,4.724999875,3960.389649,0,7198.26053,7198.26053,0,0,0
Category,Weekly,31,Organic,Louisville,2026/08/02,1.838775456,10180.4621,2.902190321,3513.673916,0,6663.885996,6663.885996,0,0,0
Category,Weekly,32,Organic,Louisville,2026/08/09,1.895835034,10378.87266,6.61499995,3892.956366,0,6479.301292,6479.301292,0,0,0
Category,Weekly,29,Organic,Miami/FT. Lauderdale,2026/07/19,1.376384245,90469.26247,448.8275237,0,0,90020.43495,90020.43495,0,0,0
Category,Weekly,30,Organic,Miami/FT. Lauderdale,2026/07/26,1.408393543,85647.8625,436.9673967,526.05,0,84684.8451,84684.8451,0,0,0
Category,Weekly,31,Organic,Miami/FT. Lauderdale,2026/08/02,1.426510939,86429.33324,459.7516815,441,0,85528.58156,85528.58156,0,0,0
Category,Weekly,32,Organic,Miami/FT. Lauderdale,2026/08/09,1.424833177,88026.82423,453.5116811,241.5,0,87331.81255,87331.81255,0,0,0
Category,Weekly,29,Organic,Milwaukee,2026/07/19,1.503746485,20378.00037,600.5660905,3012.0949,0,16765.33938,16765.33938,0,0,0
Category,Weekly,30,Organic,Milwaukee,2026/07/26,1.67310091,16575.01864,338.7605532,3641.783274,0,12594.47481,12594.47481,0,0,0
Category,Weekly,31,Organic,Milwaukee,2026/08/02,1.632087889,18494.69109,323.9360818,4190.593849,0,13980.16116,13980.16116,0,0,0
Category,Weekly,32,Organic,Milwaukee,2026/08/09,1.695896939,14246.20392,285.6558995,3500.472558,0,10460.07546,10460.07546,0,0,0
Category,Weekly,29,Organic,Minneapolis,2026/07/19,1.476101808,49082.60868,517.7566091,659.7704596,0,47905.08161,47905.08161,0,0,0
Category,Weekly,30,Organic,Minneapolis,2026/07/26,1.641474482,37845.72251,399.8822542,758.4377102,0,36687.40254,36687.40254,0,0,0
Category,Weekly,31,Organic,Minneapolis,2026/08/02,1.557364219,32609.45467,494.5450297,581.43518,0,31533.47446,31533.47446,0,0,0
Category,Weekly,32,Organic,Minneapolis,2026/08/09,1.661984375,34181.03557,571.4672401,1139.985062,0,32469.58327,32469.58327,0,0,0
Category,Weekly,29,Organic,Nashville,2026/07/19,1.608332122,21552.65775,465.3698815,3320.732506,0,17766.55536,17766.55536,0,0,0
Category,Weekly,30,Organic,Nashville,2026/07/26,1.672165397,20915.06681,492.1581204,3999.604511,0,16423.30418,16423.30418,0,0,0
Category,Weekly,31,Organic,Nashville,2026/08/02,1.649192437,20164.80724,537.7459747,3628.976302,0,15998.08497,15998.08497,0,0,0
Category,Weekly,32,Organic,Nashville,2026/08/09,1.626018511,21898.5729,581.0056224,3660.437488,0,17657.12979,17657.12979,0,0,0
Category,Weekly,29,Organic,Northern New England,2026/07/19,1.799871318,19539.01762,2529.299278,190.8457685,0,16818.87258,16798.62624,0,0,20.2463337
Category,Weekly,30,Organic,Northern New England,2026/07/26,1.740071439,20985.1066,2474.246045,216.2650962,0,18294.59546,18278.18552,0,0,16.4099355
Category,Weekly,31,Organic,Northern New England,2026/08/02,1.783554199,21617.41908,2786.249582,211.0454554,0,18620.12404,18610.90294,0,0,9.221101351
Category,Weekly,32,Organic,Northern New England,2026/08/09,1.759609066,22482.7917,2588.212969,227.2222944,0,19667.35643,19665.78143,0,0,1.575
Category,Weekly,29,Organic,New Orleans/Mobile,2026/07/19,1.316303872,14660.51096,229.4564085,8.5049999,0,14422.54956,14422.54956,0,0,0
Category,Weekly,30,Organic,New Orleans/Mobile,2026/07/26,1.303299781,19202.68677,183.5168311,2.83500005,0,19016.33494,19016.33494,0,0,0
Category,Weekly,31,Organic,New Orleans/Mobile,2026/08/02,1.269508982,20622.05301,262.5323579,0,0,20359.52066,16730.72066,0,0,3628.8
Category,Weekly,32,Organic,New Orleans/Mobile,2026/08/09,1.283758212,18589.82023,312.0307422,14.86434469,0,18262.92514,15784.92514,0,0,2478
Category,Weekly,29,Organic,New York,2026/07/19,1.69263777,184006.2507,16920.83219,10602.92085,0,156482.4977,152854.334,3561.573691,0,66.58997682
Category,Weekly,30,Organic,New York,2026/07/26,1.651337349,186143.4738,14338.35565,12572.99537,0,159232.1227,155822.2953,3315.501244,0,94.32616065
Category,Weekly,31,Organic,New York,2026/08/02,1.642399025,181154.8667,17871.92511,11457.6725,0,151825.2691,148575.7967,3196.97382,0,52.49861672
Category,Weekly,32,Organic,New York,2026/08/09,1.653249691,190266.8015,16941.02498,11054.28333,0,162271.4932,159015.2369,3198.381279,0,57.87499483
Category,Weekly,29,Organic,Omaha,2026/07/19,1.371381806,9104.786002,1046.756376,916.3021824,0,7141.727444,7141.727444,0,0,0
Category,Weekly,30,Organic,Omaha,2026/07/26,1.387054331,9455.962348,974.4006544,956.0657195,0,7525.495974,7525.495974,0,0,0
Category,Weekly,31,Organic,Omaha,2026/08/02,1.366425451,12321.31209,1016.738422,1123.255647,0,10181.31802,10181.31802,0,0,0
Category,Weekly,32,Organic,Omaha,2026/08/09,1.28864299,13686.6251,859.4594133,1860.940992,0,10966.22469,10966.22469,0,0,0
Category,Weekly,29,Organic,Orlando,2026/07/19,1.496853786,37763.06229,167.1618463,0,0,37595.90045,37595.90045,0,0,0
Category,Weekly,30,Organic,Orlando,2026/07/26,1.501127852,40449.76288,203.0914164,108.15,0,40138.52146,40138.52146,0,0,0
Category,Weekly,31,Organic,Orlando,2026/08/02,1.509580533,39162.62977,180.7623582,95.55,0,38886.31742,38886.31742,0,0,0
Category,Weekly,32,Organic,Orlando,2026/08/09,1.514189718,40544.49963,175.5708914,50.4,0,40318.52874,40318.52874,0,0,0
Category,Weekly,29,Organic,Peoria/Springfield,2026/07/19,1.460191369,9394.78329,6.44884361,925.0482594,0,8463.286187,8463.286187,0,0,0
Category,Weekly,30,Organic,Peoria/Springfield,2026/07/26,1.498577065,9469.21035,26.50381847,1147.538515,0,8295.168017,8295.168017,0,0,0
Category,Weekly,31,Organic,Peoria/Springfield,2026/08/02,1.496472828,9292.113917,2.620248587,1232.188833,0,8057.304836,8057.304836,0,0,0
Category,Weekly,32,Organic,Peoria/Springfield,2026/08/09,1.475537828,8827.830418,0,1323.577567,0,7504.252851,7504.252851,0,0,0
Category,Weekly,29,Organic,Philadelphia,2026/07/19,1.644852485,58628.94265,2997.761813,5013.151413,0,50618.02943,46973.34047,3583.072918,0,61.61603683
Category,Weekly,30,Organic,Philadelphia,2026/07/26,1.632637576,58285.26689,2388.831792,4726.084158,0,51170.35094,47760.53889,3390.892637,0,18.91941176
Category,Weekly,31,Organic,Philadelphia,2026/08/02,1.611397787,55855.30397,2603.426396,4643.443586,0,48608.43399,45360.73301,3210.186863,0,37.51411504
Category,Weekly,32,Organic,Philadelphia,2026/08/09,1.614048275,59358.41768,2666.134692,4793.802163,0,51898.48082,48325.57164,3543.801286,0,29.10790036
Category,Weekly,29,Organic,Phoenix/Tucson,2026/07/19,1.429312081,51720.63878,14737.28811,5164.288898,0,31819.06176,31819.06176,0,0,0
Category,Weekly,30,Organic,Phoenix/Tucson,2026/07/26,1.476699706,55515.96085,18935.54692,5768.552699,0,30811.86123,30811.86123,0,0,0
Category,Weekly,31,Organic,Phoenix/Tucson,2026/08/02,1.473275896,65808.756,25741.99136,5659.712305,0,34407.05234,34407.05234,0,0,0
Category,Weekly,32,Organic,Phoenix/Tucson,2026/08/09,1.463777745,56767.72549,15725.05166,5448.277712,0,35594.39611,35594.39611,0,0,0
Category,Weekly,29,Organic,Pittsburgh,2026/07/19,1.382532071,12759.48511,1236.123131,0,0,11523.36198,11523.36198,0,0,0
Category,Weekly,30,Organic,Pittsburgh,2026/07/26,1.386908195,11760.69635,959.8807251,0,0,10800.81562,10800.81562,0,0,0
Category,Weekly,31,Organic,Pittsburgh,2026/08/02,1.431546382,12057.41845,1183.586912,6.386896035,0,10867.44464,10867.44464,0,0,0
Category,Weekly,32,Organic,Pittsburgh,2026/08/09,1.4249864,12543.43069,1056.106906,3.57768847,0,11483.74609,11483.74609,0,0,0
Category,Weekly,29,Organic,Portland,2026/07/19,2.254093297,51974.31582,405.0168472,17527.31421,1.370611849,34040.61416,34040.61416,0,0,0
Category,Weekly,30,Organic,Portland,2026/07/26,2.259401829,50555.2123,450.447626,17015.66465,0,33089.10003,33089.10003,0,0,0
Category,Weekly,31,Organic,Portland,2026/08/02,2.250710681,50480.71927,421.5735834,16402.35076,0,33656.79492,33656.79492,0,0,0
Category,Weekly,32,Organic,Portland,2026/08/09,2.259996802,54881.51081,431.1785425,17997.20407,0,36453.1282,36453.1282,0,0,0
Category,Weekly,29,Organic,Providence,2026/07/19,1.728681156,7753.56983,2.322563416,10.56671117,0,7740.680555,7740.680555,0,0,0
Category,Weekly,30,Organic,Providence,2026/07/26,1.681514966,7103.047984,1.355578787,10.84463048,0,7090.847775,7079.471424,0,0,11.37635125
Category,Weekly,31,Organic,Providence,2026/08/02,1.672756616,7167.853536,15.72049748,16.42881529,0,7135.704224,7135.704224,0,0,0
Category,Weekly,32,Organic,Providence,2026/08/09,1.681870408,7379.590304,13.39526258,1.351005084,0,7364.844036,7364.844036,0,0,0
Category,Weekly,29,Organic,Raleigh/Greensboro,2026/07/19,1.582807894,43521.55947,487.4735235,1571.312867,6.231517072,41456.54156,41124.74156,0,0,331.8
Category,Weekly,30,Organic,Raleigh/Greensboro,2026/07/26,1.574009032,46279.51254,372.3437505,2037.192896,1.038807293,43868.93709,43553.93709,0,0,315
Category,Weekly,31,Organic,Raleigh/Greensboro,2026/08/02,1.629331795,46732.38945,387.6236767,2343.343944,0,44001.42183,43636.02183,0,0,365.4
Category,Weekly,32,Organic,Raleigh/Greensboro,2026/08/09,1.606868038,48504.7428,448.5641539,2337.100917,9.347938888,45709.72979,45394.72979,0,0,315
Category,Weekly,29,Organic,Richmond/Norfolk,2026/07/19,1.52786257,31282.51494,205.4680457,2905.86019,0,28171.1867,28130.4992,0,0,40.6875
Category,Weekly,30,Organic,Richmond/Norfolk,2026/07/26,1.484703555,36298.77982,841.9848164,2555.087864,4.076949012,32897.63019,32866.13019,0,0,31.5
Category,Weekly,31,Organic,Richmond/Norfolk,2026/08/02,1.511127585,33704.85114,153.5985605,2995.088252,0,30556.16433,30523.35183,0,0,32.8125
Category,Weekly,32,Organic,Richmond/Norfolk,2026/08/09,1.511613974,34663.50865,140.5276981,3149.848103,2.038822378,31371.09403,31339.59403,0,0,31.5
Category,Weekly,29,Organic,Roanoke,2026/07/19,1.57998738,17295.82239,4.735865736,2968.778183,0,14322.30834,14322.30834,0,0,0
Category,Weekly,30,Organic,Roanoke,2026/07/26,1.573543886,17102.79691,676.4546241,2256.762109,0,14169.58018,14169.58018,0,0,0
Category,Weekly,31,Organic,Roanoke,2026/08/02,1.612736088,16789.17267,35.49599016,3142.460748,0,13611.21593,13611.21593,0,0,0
Category,Weekly,32,Organic,Roanoke,2026/08/09,1.607916891,17790.87528,14.30117046,3486.213023,0,14290.36108,14288.73057,0,0,1.630515665
Category,Weekly,29,Organic,Sacramento,2026/07/19,1.76986605,33333.95614,5124.311571,237.4049136,0,27972.23965,27342.86258,0,0,629.3770722
Category,Weekly,30,Organic,Sacramento,2026/07/26,1.770185196,32002.17304,4804.438924,172.3605804,0,27025.37353,26456.82972,0,0,568.5438177
Category,Weekly,31,Organic,Sacramento,2026/08/02,1.806228307,31226.48824,4527.66936,203.2674134,0,26495.55146,26253.30752,0,0,242.2439444
Category,Weekly,32,Organic,Sacramento,2026/08/09,1.785727491,33614.34319,4879.639718,210.4707609,0,28524.23271,27947.05865,0,0,577.174065
Category,Weekly,29,Organic,San Diego,2026/07/19,1.827897105,52528.23015,15780.12282,1918.23458,0,34829.87276,34537.19781,0,0,292.674943
Category,Weekly,30,Organic,San Diego,2026/07/26,1.962370698,47665.87101,12176.58176,2838.681275,0,32650.60798,32006.12843,0,0,644.479549
Category,Weekly,31,Organic,San Diego,2026/08/02,2.034266925,43457.50644,10677.19539,2630.033023,2.790592426,30147.48744,29854.52559,0,0,292.9618521
Category,Weekly,32,Organic,San Diego,2026/08/09,2.055133612,45606.81647,12242.0422,2309.455071,2.789036917,31052.53017,30469.53339,0,0,582.9967747
Category,Weekly,29,Organic,San Francisco,2026/07/19,1.854471321,175405.0991,20436.84683,139.3048805,0,154828.9474,152395.2186,0,0,2433.728776
Category,Weekly,30,Organic,San Francisco,2026/07/26,1.870822476,158991.2043,21148.8239,1101.67702,0,136740.7034,134164.8901,0,0,2575.81334
Category,Weekly,31,Organic,San Francisco,2026/08/02,1.867716093,164284.1581,21089.18937,1054.423191,0,142140.5455,141125.1555,0,0,1015.39003
Category,Weekly,32,Organic,San Francisco,2026/08/09,1.857173427,172681.8202,22276.00178,608.9387867,0,149796.8797,147522.6403,0,0,2274.239319
Category,Weekly,29,Organic,Seattle,2026/07/19,2.27008946,96933.02211,1148.810149,31621.81573,4.595776777,64157.80045,64157.80045,0,0,0
Category,Weekly,30,Organic,Seattle,2026/07/26,2.282183375,94906.98942,1179.275988,33063.75667,86.19894138,60577.75782,60577.75782,0,0,0
Category,Weekly,31,Organic,Seattle,2026/08/02,2.2984055,91383.8211,1132.112107,30002.50003,119.0700016,60130.13896,60130.13896,0,0,0
Category,Weekly,32,Organic,Seattle,2026/08/09,2.301097816,94169.30609,1089.109975,31145.4649,7.637385723,61927.09383,61927.09383,0,0,0
Category,Weekly,29,Organic,Spokane,2026/07/19,2.055950499,5632.768787,103.8293715,2594.443135,0.944999975,2933.55128,2933.55128,0,0,0
Category,Weekly,30,Organic,Spokane,2026/07/26,2.023406912,5430.901217,93.5549994,2400.617584,0.944999975,2935.783633,2935.783633,0,0,0
Category,Weekly,31,Organic,Spokane,2026/08/02,2.024521194,5303.9029,80.325002,2312.016071,8.505000401,2903.056827,2903.056827,0,0,0
Category,Weekly,32,Organic,Spokane,2026/08/09,2.121599158,5553.888574,85.05,2680.158556,13.2300004,2775.450018,2775.450018,0,0,0
Category,Weekly,29,Organic,St. Louis,2026/07/19,1.444255009,22441.87417,1165.710314,1771.9603,0,19504.20355,19504.20355,0,0,0
Category,Weekly,30,Organic,St. Louis,2026/07/26,1.490159209,21637.33052,1162.636253,2416.074016,0,18058.62025,18058.62025,0,0,0
Category,Weekly,31,Organic,St. Louis,2026/08/02,1.369319137,26334.31317,4228.613002,2508.179945,1.101731979,19596.41849,19596.41849,0,0,0
Category,Weekly,32,Organic,St. Louis,2026/08/09,1.398843952,20292.71613,1333.392395,1672.693962,0,17286.62977,17286.62977,0,0,0
Category,Weekly,29,Organic,Syracuse,2026/07/19,1.329973909,9447.117636,228.0285895,85.84005923,0,9133.248987,9110.018367,0,0,23.23062018
Category,Weekly,30,Organic,Syracuse,2026/07/26,1.330234061,9564.549969,289.6416894,93.16155896,0,9181.746721,9145.521721,0,0,36.225
Category,Weekly,31,Organic,Syracuse,2026/08/02,1.314731669,9921.817486,223.1637323,89.52616111,1.109318468,9608.018274,9592.268274,0,0,15.75
Category,Weekly,32,Organic,Syracuse,2026/08/09,1.359203676,9331.964917,202.4989985,55.21636166,0,9074.249557,9055.349557,0,0,18.9
Category,Weekly,29,Organic,Tampa,2026/07/19,1.49091514,31021.43569,105.5306797,0,0,30915.90501,30914.59251,0,0,1.3125
Category,Weekly,30,Organic,Tampa,2026/07/26,1.487622223,33188.1132,109.3872073,43.99499997,0,33034.73099,33026.85599,0,0,7.875
Category,Weekly,31,Organic,Tampa,2026/08/02,1.503884813,34101.25991,126.6396194,43.78500005,0,33930.83529,33928.21029,0,0,2.625
Category,Weekly,32,Organic,Tampa,2026/08/09,1.521553502,33834.44739,121.6213234,21,0,33691.82607,33683.95107,0,0,7.875
Category,Weekly,29,Organic,Toledo,2026/07/19,1.585118119,8988.928971,31.17154924,1654.160924,0,7303.596498,7303.596498,0,0,0
Category,Weekly,30,Organic,Toledo,2026/07/26,1.565746872,9900.790329,61.87047645,1784.087841,0,8054.832012,8054.832012,0,0,0
Category,Weekly,31,Organic,Toledo,2026/08/02,1.629289839,10097.09725,90.87197875,2237.213667,0,7769.011605,7769.011605,0,0,0
Category,Weekly,32,Organic,Toledo,2026/08/09,1.621155517,9519.717259,36.28027316,2117.033147,0,7366.403838,7366.403838,0,0,0
Category,Weekly,29,Organic,West Tex/New Mexico,2026/07/19,1.439568429,29280.82787,3232.62519,968.833131,0,25079.36955,25079.36955,0,0,0
Category,Weekly,30,Organic,West Tex/New Mexico,2026/07/26,1.366020778,40631.0552,2755.255151,1076.640498,0,36799.15955,36001.15955,0,0,798
Category,Weekly,31,Organic,West Tex/New Mexico,2026/08/02,1.342147667,48456.68107,3464.509642,1083.836251,0,43908.33518,32664.93518,0,0,11243.4
Category,Weekly,32,Organic,West Tex/New Mexico,2026/08/09,1.374816537,50579.505,3437.75527,1306.940993,0,45834.80873,44944.40873,0,0,890.4
Category,Weekly,29,Organic,Wichita,2026/07/19,1.365060015,5069.473896,2639.208278,20.31606345,0,2409.949555,2409.949555,0,0,0
Category,Weekly,30,Organic,Wichita,2026/07/26,1.35464426,5337.309147,2639.418563,24.38413006,0,2673.506453,2673.506453,0,0,0
Category,Weekly,31,Organic,Wichita,2026/08/02,1.341265427,6192.604376,2643.170301,13.20659664,0,3536.227479,3536.227479,0,0,0
Category,Weekly,32,Organic,Wichita,2026/08/09,1.323497556,5088.448909,1784.257844,9.145902729,0,3295.045162,3295.045162,0,0,0
Category,Weekly,29,Organic,California,2026/07/19,1.79488801,614498.4678,132235.7642,14964.81554,0,467297.888,460895.6273,0,0,6402.260739
Category,Weekly,30,Organic,California,2026/07/26,1.886769589,538138.5292,110560.1213,18904.99316,6.970344418,408666.4444,401878.7325,0,0,6787.711967
Category,Weekly,31,Organic,California,2026/08/02,1.920619917,532764.4052,92978.18034,16777.73618,9.037350581,422999.4513,419725.7869,0,0,3273.664447
Category,Weekly,32,Organic,California,2026/08/09,1.898122637,614087.0613,107964.9319,15905.43981,12.08404166,490204.6056,484242.4247,0,0,5962.180833
Category,Weekly,29,Organic,Great Lakes,2026/07/19,1.48580086,317127.4391,17884.27655,47294.43246,0,251948.7301,251761.1161,0,0,187.6139638
Category,Weekly,30,Organic,Great Lakes,2026/07/26,1.536203641,289982.3006,19585.42014,46691.6736,0,223705.2069,223558.2197,0,0,146.9871359
Category,Weekly,31,Organic,Great Lakes,2026/08/02,1.512485146,298734.4907,17458.06219,52869.09923,0,228407.3292,228224.5735,16.25114865,0,166.5046329
Category,Weekly,32,Organic,Great Lakes,2026/08/09,1.534377009,274612.9881,15994.54563,49773.77528,0,208844.6671,208690.5972,0,0,154.0699854
Category,Weekly,29,Organic,Midsouth,2026/07/19,1.610031646,409447.0601,5705.119724,38512.62352,50.84318148,365178.4737,354574.5827,10049.86385,0,554.0271396
Category,Weekly,30,Organic,Midsouth,2026/07/26,1.608626411,413111.3382,7063.278901,39971.9094,50.55003105,366025.5999,357282.2474,7793.910739,0,949.4417686
Category,Weekly,31,Organic,Midsouth,2026/08/02,1.635076928,399820.5296,5338.994874,41708.88609,26.26906726,352746.3796,344570.895,6876.492336,0,1298.992305
Category,Weekly,32,Organic,Midsouth,2026/08/09,1.614554455,425738.6178,5454.897462,43371.99499,29.71696155,376882.0083,368118.9454,6980.228679,0,1782.834302
Category,Weekly,29,Organic,Northeast,2026/07/19,1.627595516,455072.8188,28744.2988,23272.44194,0,403056.0781,394648.1053,7739.28279,0,668.6899585
Category,Weekly,30,Organic,Northeast,2026/07/26,1.596599002,460072.9916,24469.57391,26059.80006,1.06606397,409542.5515,401877.6079,7150.298393,0,514.645297
Category,Weekly,31,Organic,Northeast,2026/08/02,1.600521015,445146.3506,29616.12123,23684.28345,2.177612625,391843.7683,384230.5412,6956.642183,0,656.5848878
Category,Weekly,32,Organic,Northeast,2026/08/09,1.607916671,466440.6263,27998.37259,25848.81479,0,412593.4389,404932.7615,7114.062974,0,546.6144265
Category,Weekly,29,Organic,Plains,2026/07/19,1.456781826,166845.2844,10274.00526,12126.05651,0,144445.2226,144445.2226,0,0,0
Category,Weekly,30,Organic,Plains,2026/07/26,1.543539217,151816.7613,9584.242533,14214.47049,0,128018.0482,128018.0482,0,0,0
Category,Weekly,31,Organic,Plains,2026/08/02,1.447746011,168189.1025,12974.92586,13322.52011,1.211285902,141890.4452,141445.2452,0,0,445.2
Category,Weekly,32,Organic,Plains,2026/08/09,1.454285121,161082.2288,8153.04812,18034.10807,0,134895.0726,134836.2726,0,0,58.8
Category,Weekly,29,Organic,South Central,2026/07/19,1.375778061,224943.7674,49809.30186,2863.857064,0,172270.6084,172267.3836,0,0,3.224863029
Category,Weekly,30,Organic,South Central,2026/07/26,1.366408772,257467.6447,54336.06152,4122.486546,0,199009.0966,194798.1902,47.09639305,0,4163.81003
Category,Weekly,31,Organic,South Central,2026/08/02,1.330264573,288618.0956,52532.41052,3734.566502,0,232351.1185,193186.8392,0,0,39164.2793
Category,Weekly,32,Organic,South Central,2026/08/09,1.363333826,268894.8061,50170.41732,4561.841265,0,214162.5475,203593.9146,6.354903772,0,10562.27798
Category,Weekly,29,Organic,Southeast,2026/07/19,1.456267171,376875.247,24498.6866,4075.116814,9.703644604,348291.7399,348228.4774,4.2,0,59.0625
Category,Weekly,30,Organic,Southeast,2026/07/26,1.477591882,373283.9486,25137.76335,6205.607539,2.340069418,341938.2376,341873.9251,0,0,64.3125
Category,Weekly,31,Organic,Southeast,2026/08/02,1.484414009,382705.8591,25141.12164,6306.536172,4.678627036,351253.5227,350710.6727,0,0,542.85
Category,Weekly,32,Organic,Southeast,2026/08/09,1.491849636,385085.2731,27534.04239,5687.443353,2.26793379,351861.5195,351287.1695,0,0,574.35
Category,Weekly,29,Organic,West,2026/07/19,1.91130504,458868.5857,56574.34199,120240.5553,38.19605883,282015.4924,281981.0413,0,0,34.45102465
Category,Weekly,30,Organic,West,2026/07/26,1.907525681,468290.2079,59003.06571,120126.6963,184.6932761,288975.7526,288815.0335,0,0,160.7191057
Category,Weekly,31,Organic,West,2026/08/02,1.898644931,484134.4352,69211.38448,119401.7733,199.395385,295321.8821,279826.7045,0,0,15495.17756
Category,Weekly,32,Organic,West,2026/08/09,1.914371919,479064.3564,56388.90043,121766.1549,405.5928873,300503.7081,293454.8078,0,0,7048.900344
Category,Weekly,29,Organic,Total U.S.,2026/07/19,1.637885723,3023678.67,325725.795,263349.8992,98.74288492,2434504.233,2408801.556,17793.34664,0,7909.330188
Category,Weekly,30,Organic,Total U.S.,2026/07/26,1.656712747,2952163.722,309739.5274,276297.6371,245.6197849,2365880.938,2338102.005,14991.30552,0,12787.6278
Category,Weekly,31,Organic,Total U.S.,2026/08/02,1.651937523,3000113.268,305251.2011,277805.4011,242.7693284,2416813.897,2341921.258,13849.38567,0,61043.25314
Category,Weekly,32,Organic,Total U.S.,2026/08/09,1.66399606,3075005.958,299659.1558,284949.5725,449.6618243,2489947.568,2449156.893,14100.64656,0,26690.02787
